id,fuel_consumption
6001400300.0,0.2237274220032841
6001400700.0,0.4068574514038877
6001400900.0,0.03677705783537317
6001401000.0,0.6217688668650351
6001401100.0,0.4109387874585797
6001401300.0,1.8221936834544208
6001401400.0,1.5645088786985712
6001401500.0,0.9858299414864545
6001401700.0,65.52689491014775
6001402200.0,8.855129155567939
6001402500.0,2.466937067968334
6001402600.0,2.607327147654132
6001402700.0,0.5655456430480635
6001403000.0,4.1459343433149325
6001403100.0,4.299268389727509
6001403300.0,9.345133410345236
6001403501.0,0.2543050250561236
6001403600.0,0.5830079767674415
6001403702.0,0.31432240976277454
6001403800.0,0.014398848092152628
6001403900.0,0.21921004940294433
6001404000.0,0.11802134646962235
6001404300.0,0.3564269045668465
6001404400.0,0.5382769378449724
6001404900.0,0.2921988080034057
6001405000.0,0.14155547446735187
6001405200.0,0.4867952928297756
6001405600.0,0.26821494455594075
6001405700.0,0.349941339668196
6001406000.0,33.537824493744935
6001406100.0,18.972217493043907
6001406400.0,0.08163998357963877
6001406601.0,0.5561390105211944
6001406602.0,0.4722115564088206
6001407000.0,0.6147341573922034
6001407200.0,0.14026877849772018
6001407300.0,20.403063350717385
6001407500.0,0.057295416366690666
6001407800.0,1.1107753299276288
6001407900.0,0.16419753086419753
6001408100.0,0.34995590828924167
6001408300.0,0.4530256036003163
6001408600.0,0.11846052315814735
6001408700.0,0.1781857451403888
6001408800.0,1.2602891768658508
6001408900.0,1.2034737221022318
6001409000.0,49.016223438195006
6001409100.0,5.440368954884266
6001409200.0,1.1292678449435047
6001409300.0,0.6995440364770819
6001409400.0,0.3752099832013439
6001409500.0,0.09557235421166307
6001409800.0,1.023791942293221
6001409900.0,0.3836796053031685
6001410000.0,0.808361663579229
6001410100.0,1.5684433562227995
6001410200.0,0.42827573794096474
6001410300.0,0.7155927525797936
6001410500.0,1.8546804625088122
6001420300.0,14.956282645281098
6001420400.0,11.22880935737511
6001422000.0,55.84479783888772
6001422100.0,0.12958963282937366
6001422200.0,0.13051955843532517
6001423100.0,0.4822714182865371
6001423200.0,0.3179745620350372
6001425101.0,8.911781658124164
6001425102.0,21.147847640990037
6001427200.0,0.5635049196064315
6001427300.0,0.32079433645308375
6001427600.0,0.43376529877609793
6001428301.0,0.464752819774418
6001428700.0,0.5067494600431965
6001430101.0,50.12266604517288
6001430500.0,6.280475782627045
6001430800.0,0.8139065255731923
6001431000.0,12.85588014578976
6001431100.0,20.196690855809805
6001431200.0,25.144796531438953
6001432100.0,0.8515343987040425
6001432300.0,0.09719222462203024
6001432400.0,18.587397135541693
6001432501.0,8.387369957803486
6001432502.0,5.126274971291843
6001432600.0,0.105441564674826
6001432700.0,0.6814341818171789
6001432800.0,0.5735328103144195
6001433000.0,1.0901460347868395
6001433102.0,0.4933105351571874
6001433103.0,0.5607451403887689
6001433104.0,0.30048596112311016
6001433200.0,67.61469087158304
6001433300.0,16.220749539380037
6001433400.0,0.46427285817134634
6001433600.0,7.760909632210266
6001433700.0,35.61504896499358
6001433800.0,9.432112360896186
6001433900.0,0.814264124551481
6001434000.0,18.98098590733431
6001435103.0,13.973204541611494
6001435200.0,21.336359221749397
6001435700.0,15.05915941825913
6001435800.0,8.432110069234966
6001435900.0,0.7365610751139909
6001436100.0,5.003883215396408
6001436200.0,10.950335075766462
6001436700.0,9.514041212061546
6001436800.0,10.250577981074048
6001436900.0,8.897931837483652
6001437000.0,12.77904643528901
6001437101.0,50.87300266285211
6001437102.0,4.758665650316667
6001437200.0,2.839886760619085
6001437300.0,8.746395637500616
6001437400.0,5.379139311000714
6001437600.0,1.9695704786966797
6001438201.0,5.590549270836658
6001438203.0,10.201118625397763
6001438204.0,0.17638588912886968
6001438300.0,2.6254821051097523
6001438400.0,5.980877945692095
6001440100.0,0.2048836093112551
6001440301.0,2.778104232668502
6001440307.0,3.1063617357245246
6001440331.0,0.7733981281497481
6001440333.0,8.484504817830228
6001440334.0,0.9811679037762366
6001440335.0,0.09719222462203024
6001441100.0,0.3001859851211903
6001441200.0,0.20182385409167267
6001441401.0,3.284826993643464
6001441402.0,0.40209618041722506
6001441503.0,49.09259516381547
6001441521.0,1.6138595390748598
6001441522.0,2.622927360282989
6001441523.0,0.3491720662347012
6001441524.0,0.7614803098182359
6001441601.0,1.763165335935687
6001441602.0,1.645709638138637
6001441700.0,1.3943514691238494
6001441921.0,0.3410127189824815
6001441923.0,0.7141228701703864
6001441924.0,0.40676745860331176
6001442000.0,3.6513684057984723
6001442200.0,9.955913465674799
6001442400.0,0.03857691384689225
6001442500.0,0.17278617710583155
6001442601.0,0.12526997840172785
6001442700.0,2.7171458795611625
6001442800.0,2.1888243644941903
6001442900.0,5.2843684664504345
6001443102.0,5.232106410085989
6001443103.0,4.377809078667248
6001443104.0,3.562967896777344
6001443105.0,3.645145868133505
6001443200.0,3.9760562447286647
6001443301.0,3.226675479645263
6001443321.0,1.4481303482585106
6001443322.0,1.368736582080549
6001444100.0,3.0787795235822846
6001444301.0,0.3166546676265899
6001444302.0,1.281317494600432
6001444400.0,0.19945404367650588
6001444500.0,1.8247850851734817
6001444601.0,2.1767384175768405
6001444602.0,2.0609804557726243
6001450101.0,0.5890411525698633
6001450300.0,1.4634400183945875
6001450400.0,15.11333271920622
6001450501.0,0.12958963282937366
6001450502.0,27.7110964505434
6001450601.0,128.3024777718932
6001450602.0,42.71760270218339
6001450603.0,40.52726573975888
6001450604.0,0.021598272138228944
6001450606.0,2.023993912123593
6001450607.0,6.57120792717535
6001450701.0,42.45721518693392
6001450742.0,0.08819294456443484
6001450743.0,58.14104395616605
6001450744.0,46.68714696201425
6001450745.0,0.1813054955603552
6001450746.0,0.502129829613631
6001450750.0,13.520364647347096
6001450751.0,22.56407269607813
6001450752.0,11.925762524821769
6001451101.0,438.43708423736615
6001451102.0,0.47916007688186263
6001451201.0,35.6498239222964
6001451202.0,49.3307105383403
6001451300.0,82.50133214569983
6001451401.0,56.1949556608542
6001451404.0,0.07379409647228222
6001451503.0,0.40517758579313656
6001451504.0,28.45208836812486
6001451601.0,0.15298776097912167
6001451602.0,0.40850731941444685
6001451703.0,0.29800694762153024
6001981900.0,11.9981656293988
6001982000.0,5.224706099811961
6001983200.0,1.351794516427739
6003010000.0,4.280558329553669
6005000101.0,2.1469998754779422
6005000102.0,5.360841132709384
6005000200.0,0.4361059982196498
6005000303.0,6.828530101007355
6005000304.0,6.488509427784366
6005000401.0,0.7750179985601152
6005000402.0,1.986427341970278
6007000102.0,0.5873688651705893
6007000201.0,1.2779416773094934
6007000202.0,0.41147144681627446
6007000300.0,3.5464897128974076
6007000501.0,0.525072526217607
6007000502.0,0.2177825773938085
6007000700.0,1.6092367319426706
6007000800.0,0.624963510308338
6007000901.0,1.150443823279031
6007000903.0,1.7570193645592098
6007000904.0,0.10981116584564862
6007001000.0,0.7381396202589507
6007001100.0,0.14956803455723544
6007001200.0,0.38222942164626833
6007001300.0,2.4033234117406352
6007001400.0,15.3618601007267
6007001500.0,17.552178777531406
6007002200.0,5.5188204568702925
6007002500.0,0.5537595785440613
6007002800.0,0.23091133004926112
6007002900.0,0.22680623973727423
6007003002.0,0.8101932099947604
6007003300.0,4.669266704969021
6007003400.0,9.585577071294615
6007003501.0,2.1154003246242765
6007003502.0,2.8992380609551236
6007003600.0,15.408348478755526
6007003700.0,10.473253986096001
6011000100.0,415.29956967268566
6011000200.0,6.692282680658673
6011000300.0,532.5950682803066
6011000400.0,459.1114601166882
6011000500.0,0.7231821454283658
6013302006.0,0.25051875160332
6013302009.0,1.6382169043882073
6013303102.0,0.35211183105351573
6013303103.0,0.17632116524274116
6013303201.0,1.7994877759532932
6013303203.0,0.6080481517143653
6013303205.0,1.5461607283240002
6013304001.0,2.9220696862039763
6013304002.0,9.795242563681933
6013304005.0,0.31074514038876894
6013305000.0,0.20389368850491962
6013306002.0,1.5632964617346212
6013306003.0,0.19156467482601391
6013307102.0,1.1710770717981314
6013307201.0,1.8015497326169025
6013307202.0,0.7105227148330597
6013307205.0,0.5426148918486083
6013308001.0,2.1406130178441773
6013308002.0,3.772910232315515
6013309000.0,0.49766018718502525
6013311000.0,1.3365127223319673
6013312000.0,1.266459742333914
6013313101.0,1.709006650568119
6013313102.0,0.8879051788610057
6013313203.0,0.24117405582922827
6013313205.0,2.295961021914087
6013313206.0,1.2687227303151272
6013314102.0,0.8776455026455028
6013314104.0,1.3168413357254354
6013315000.0,4.797570037035242
6013318000.0,2.30857545764155
6013319000.0,0.15308641975308643
6013320001.0,27.694649041979215
6013320003.0,0.8541565813213323
6013320004.0,11.018556770411843
6013321101.0,5.634530918971475
6013321103.0,0.12379640170658271
6013321200.0,7.527159028372421
6013324001.0,9.253206735032078
6013324002.0,11.412064899230613
6013325000.0,2.1418929119496384
6013327000.0,20.50735099243511
6013328000.0,0.244150467962563
6013329000.0,1.472544158974124
6013334200.0,26.916169147081263
6013336101.0,0.021598272138228944
6013336102.0,0.08279337652987762
6013336201.0,1.7823987753667172
6013336202.0,0.3030957523398128
6013337200.0,0.11753059755219583
6013338101.0,0.1781857451403888
6013338102.0,0.06479481641468682
6013338203.0,3.4899287375564962
6013338204.0,0.22138228941684668
6013339001.0,4.006564177657249
6013339002.0,7.7378760874280585
6013340001.0,8.141294094173615
6013340002.0,5.155493878716304
6013341000.0,2.2138100675536543
6013343001.0,0.3527717782577394
6013343003.0,2.6181118411457573
6013345101.0,4.57098882472544
6013345102.0,3.017789892462681
6013345105.0,11.642735202037697
6013345108.0,4.908988779584004
6013345111.0,3.6034379702825747
6013345115.0,14.243308161181808
6013345116.0,4.127155515571891
6013345202.0,13.49594086890126
6013345203.0,12.458828898012188
6013345204.0,3.326453616332478
6013346101.0,1.0850932385179302
6013346102.0,3.5508351763714403
6013346201.0,6.722571976398429
6013346203.0,6.887100699760111
6013348000.0,0.15679012345679014
6013349000.0,0.4134475663402867
6013350000.0,0.2972184212126741
6013353001.0,0.6966159456011992
6013353002.0,0.6451652172150256
6013355200.0,5.959759474305001
6013356001.0,20.92402156076009
6013356002.0,8.333162711734019
6013357000.0,15.467660815104141
6013358000.0,23.37792389892881
6013359103.0,11.676352210432908
6013359104.0,7.737386137023653
6013359202.0,4.219885529135776
6013359203.0,9.437161373833389
6013359204.0,6.696345229108546
6013360101.0,9.413677288903916
6013363000.0,21.429675995925802
6013364002.0,8.833399221111025
6013365002.0,1.8744300455963523
6013365003.0,7.88230602635533
6013366001.0,0.22618190544756422
6013366002.0,0.091792656587473
6013367100.0,3.6960312764469814
6013367200.0,2.659153228770708
6013369001.0,6.7226971588851985
6013369002.0,12.122344672907833
6013370000.0,9.092522425682684
6013371000.0,8.264345251777778
6013374000.0,0.10094192464602832
6013375000.0,0.10637149028077753
6013376000.0,0.10712143028557716
6013377000.0,0.13312934965202783
6013378000.0,11.923056116922798
6013379000.0,0.6812484656399902
6013380000.0,29.52083114440062
6013381000.0,9.390968644511723
6013382000.0,10.960911786717709
6013383000.0,12.404950947109782
6013386000.0,6.381343740448219
6013392200.0,8.83306512818876
6013392300.0,5.95434858971545
6017030704.0,1.7575687081322493
6017030706.0,1.1694424807263366
6017030803.0,0.302009078190001
6017030804.0,1.8737678647448763
6017030807.0,0.9660083318129296
6017030809.0,1.558561521974794
6017030902.0,1.2212548365588882
6017031402.0,0.8747778995414357
6017031502.0,0.19437602627257802
6017031800.0,1.7867679002209655
6019000200.0,25.604754789567576
6019000300.0,13.730399408824525
6019000400.0,11.258943499407842
6019000501.0,1.38647535701249
6019000502.0,1.1825535920454224
6019000600.0,2.4708681805729213
6019000700.0,22.715672460707797
6019001000.0,0.36966042716582675
6019001100.0,38.13702137605675
6019001201.0,9.908006374268384
6019001202.0,10.190814734821215
6019001301.0,0.23833093352531798
6019001407.0,0.5578653707703384
6019001408.0,0.08849292056635469
6019001410.0,1.4185865130789537
6019001411.0,0.24895008399328056
6019001412.0,1.6889135502985706
6019001413.0,0.8635596467553531
6019001414.0,1.4511305712948546
6019001500.0,140.65745195857787
6019001600.0,5.902566806095031
6019001700.0,165.31650196933342
6019001800.0,18.352854202643538
6019001900.0,6.954220226421295
6019002000.0,70.09459568012885
6019002300.0,1.610564399237771
6019002400.0,5.084568552742382
6019002502.0,3.5089285012645077
6019002701.0,0.4149868010559155
6019002702.0,0.24118070554355653
6019002800.0,4.123516998990382
6019002903.0,0.19990400767938565
6019002904.0,0.2998560115190785
6019002905.0,2.1932966124614794
6019002906.0,0.5443064554835614
6019003001.0,2.7832915337216373
6019003102.0,0.31596472282217425
6019003104.0,1.5549856011519079
6019003201.0,0.4438290503262202
6019003202.0,0.26407788854724135
6019003301.0,0.0074394048476121915
6019003302.0,0.14593832493400527
6019003400.0,2.409253642029382
6019003702.0,0.23698104151667865
6019003803.0,1.599532037437005
6019003805.0,19.209671421469643
6019003807.0,0.5103791696664267
6019003809.0,38.752991428118705
6019003900.0,2.037879691299573
6019004001.0,0.49391048716102715
6019004002.0,0.347732181425486
6019004205.0,0.31773458123350135
6019004207.0,111.55571596910453
6019004210.0,0.5060895128389729
6019004211.0,0.11159107271418288
6019004212.0,2.5967122630189587
6019004214.0,0.3346232301415887
6019004215.0,0.31728461723062157
6019004302.0,0.6227501799856012
6019004303.0,0.3915586753059755
6019004404.0,1.594671759592566
6019004408.0,0.25515958723302135
6019004503.0,0.3617710583153348
6019004504.0,1.500441334151396
6019004505.0,1.1727722125962818
6019004506.0,0.14170866330693543
6019004601.0,0.0755939524838013
6019004602.0,0.5150296843247615
6019004703.0,0.06659467242620591
6019004704.0,0.1593772498200144
6019004802.0,0.03218742500599952
6019005000.0,2.086151643445974
6019005100.0,1.7432368945788115
6019005202.0,0.14938271604938272
6019005305.0,0.15185185185185185
6019005403.0,0.14695824334053276
6019005408.0,0.3960164960202199
6019005410.0,0.1421886249100072
6019005512.0,0.21265298776097913
6019005513.0,0.18370530357571396
6019005602.0,0.26519400615438454
6019005606.0,0.22084362139917696
6019005607.0,0.14814814814814814
6019005608.0,0.15061728395061727
6019005701.0,0.07019438444924407
6019005801.0,0.3824694024478042
6019005804.0,0.4392003319537393
6019005805.0,2.003172211357191
6019005904.0,4.765930239538144
6019005905.0,3.3736705778370792
6019005906.0,3.1361042286841463
6019006000.0,0.576253899688025
6019006100.0,1.49607031437485
6019006201.0,0.1301295896328294
6019006300.0,5.717603773964093
6019006404.0,0.7903167746580273
6019006501.0,1.6266853331536433
6019006602.0,0.24775017998560117
6019006603.0,0.859251259899208
6019006700.0,0.5165586753059755
6019006802.0,3.6316691093283966
6019006900.0,1.997886018872185
6019007003.0,2.1825987385705368
6019007004.0,3.9155758112968915
6019007100.0,125.40200195308951
6019007201.0,54.29760240997907
6019007202.0,9.418989852732963
6019007300.0,99.44524705960032
6019007400.0,11.248817965279802
6019007500.0,14.863102685775287
6019007600.0,8.871162158368328
6019007700.0,8.273436154007516
6019007801.0,657.2370850879275
6019007802.0,141.79861926076018
6019007902.0,1362.0761855622432
6019008200.0,0.7096503831417625
6019008301.0,0.4753010399562124
6019008302.0,2135.0987499860985
6019008401.0,1.3388830354983754
6019008402.0,431.14954425709436
6019008501.0,5.212105236014617
6019008502.0,1.6615970722342213
6021010100.0,86.17881201014592
6021010200.0,235.81639184420803
6021010300.0,746.0697068582625
6021010400.0,93.23694814174034
6021010501.0,0.9180240851667827
6021010502.0,2.7788417320703016
6023000100.0,1.1168706503479722
6023000200.0,1.2732181425485962
6023000300.0,0.13138948884089272
6023000400.0,1.1228545066148403
6023010700.0,5.287360452269456
6023010800.0,8.903522665641594
6023010901.0,0.4146868250539957
6023011000.0,0.14038876889848811
6023011100.0,15.512491822657474
6023011500.0,9.67659507272259
6023011600.0,17.515975230082304
6025010200.0,150.69011826109192
6025010300.0,104.07050986074371
6025010400.0,11.645696498303124
6025010500.0,0.14578833693304538
6025010600.0,5.22853572808866
6025010700.0,0.44216462682985364
6025010800.0,130.9739937052983
6025010900.0,0.4320408061936326
6025011000.0,64.25339100644253
6025011100.0,60.03051425480926
6025011201.0,1.3955783537317015
6025011202.0,0.3342632589392849
6025011300.0,125.1705096660138
6025011400.0,0.6412287017038637
6025011500.0,1.1589572834173267
6025011600.0,0.582163426925846
6025011700.0,5.729087257584254
6025011801.0,2.3391083085000712
6025011802.0,1.2426499878367696
6025011803.0,9.62541941636459
6025011900.0,76.13473459840783
6025012002.0,0.5396772937967919
6025012100.0,0.31371490280777536
6025012301.0,320.5313039968844
6025012302.0,147.16932647659672
6025012400.0,676.382119962368
6025940000.0,116.58382160067589
6027000100.0,45.95850167027689
6027000200.0,29.208870875442173
6027000300.0,4.059437952134054
6027000400.0,15.351799146708657
6027000500.0,108.71223063676527
6027000800.0,230.79933184245098
6029000101.0,75.3341914560902
6029000102.0,0.37077033837293016
6029000200.0,6.270252750004412
6029000300.0,0.5962922966162707
6029000400.0,59.46709036440741
6029000503.0,39.406452931384536
6029000504.0,12.919230038553676
6029000505.0,0.3753608578308809
6029000506.0,2.466585776586149
6029000507.0,105.0062284155746
6029000600.0,0.4046049715037575
6029000700.0,0.7446955967660518
6029000903.0,0.11519078473722102
6029000904.0,0.38921886249100074
6029000906.0,0.2072234221262299
6029000908.0,0.06479481641468682
6029000909.0,0.10619150467962563
6029001000.0,113.247791175666
6029001101.0,0.02015838732901368
6029001102.0,0.12059035277177826
6029001300.0,0.39836813054955605
6029001400.0,0.5329324146679103
6029001500.0,0.2205423566114711
6029001600.0,1.5675245980321575
6029001700.0,40.59234177270197
6029001801.0,10.047997391681026
6029001802.0,1.4463747087425125
6029001901.0,59.33416551421371
6029001902.0,10.372001358665253
6029002000.0,12.737722897056031
6029002100.0,8.85910400047033
6029002200.0,4.774518185343203
6029002301.0,45.29628282797037
6029002302.0,15.719767589090958
6029002400.0,51.01772528438557
6029002500.0,22.117506724092614
6029002600.0,11.837748162631938
6029002700.0,32.19969377857544
6029002804.0,1.3878089752819776
6029002806.0,0.35742140628749697
6029002807.0,0.7258037583594298
6029002808.0,0.17998560115190787
6029002811.0,0.42476601871850256
6029002812.0,4.213204685989653
6029002813.0,2.6596033489187314
6029002814.0,4.744022295731393
6029002815.0,3.202702903143775
6029002816.0,0.7200023998080154
6029002817.0,0.1673866090712743
6029002818.0,0.3176754726616945
6029002819.0,0.33111351091912644
6029002820.0,0.04319654427645789
6029002821.0,0.0503959683225342
6029002900.0,21.30692069708315
6029003000.0,0.3931785457163427
6029003103.0,1.8272138228941686
6029003112.0,7.1802173116791055
6029003113.0,23.29143980698293
6029003114.0,6.071536587800946
6029003115.0,21.364308819060213
6029003121.0,0.5825233981281497
6029003122.0,0.13879889608831292
6029003123.0,4.105363393588611
6029003124.0,1.2172426205903528
6029003202.0,64.58469581689076
6029003204.0,1247.4317095361434
6029003205.0,8.168152953456115
6029003206.0,58.86726236493308
6029003303.0,19.131677091229527
6029003304.0,348.0402594998202
6029003306.0,1114.9040225571227
6029003400.0,1.2361325133398195
6029003500.0,0.63709664310599
6029003600.0,0.4822082460004185
6029003700.0,1269.7723515498617
6029003803.0,27.39699416925683
6029003804.0,7.297938012249661
6029003805.0,0.02267818574514039
6029003806.0,0.29982601391888647
6029003807.0,0.16558675305975523
6029003808.0,0.3871190304775618
6029003809.0,10.173890044406738
6029003810.0,1.359311255099592
6029003811.0,1.6164206863450923
6029003812.0,3.2413088516684403
6029003813.0,2.8127732584348917
6029003900.0,557.0317654972933
6029004200.0,96.63514035740852
6029004301.0,68.77164138779133
6029004302.0,4.951072315473657
6029004401.0,7.112632159377989
6029004402.0,4.0259297482802365
6029004500.0,1915.1287267018638
6029004601.0,0.33975281977441807
6029004604.0,470.6580924454889
6029004701.0,18.916850095779967
6029004702.0,46.373856377587224
6029004800.0,90.79640281207718
6029004901.0,14.694404944320382
6029005003.0,1.0261279097672187
6029005103.0,4.390908143221559
6029005201.0,24.063818089407803
6029005204.0,60.49554638984109
6029005300.0,0.22858171346292297
6029005401.0,0.6128691478080769
6029005403.0,0.4962593140332025
6029005404.0,0.5616750659947205
6029005501.0,88.1952430263707
6029005506.0,29.983605008479454
6029005507.0,1.0097513258052657
6029005508.0,1.9520663470075104
6029005600.0,118.7160608632426
6029005700.0,248.05134339099615
6029005801.0,6.999700145115923
6029005802.0,5.0073859093461905
6029005900.0,23.723112139260934
6029006002.0,0.4704523638108951
6029006003.0,4.7968729515869715
6029006004.0,759.436042186138
6029006006.0,43.13143905953315
6029006007.0,926.7010071943561
6029006008.0,167.8051663584483
6029006100.0,33.90694453754045
6029006201.0,12.242216500129361
6029006202.0,435.06009018993865
6029006301.0,3.1295557192862997
6029006303.0,4.173417419709872
6029006304.0,2.869557024108022
6029006401.0,1.0191084713222942
6029006403.0,0.4733621310295177
6029006404.0,3.6131509479241664
6029006500.0,665.3707014490839
6031000100.0,26.051234419473044
6031000200.0,24.070097973005073
6031000300.0,6.653555986840155
6031000402.0,29.90329677719926
6031000404.0,1.5875200780325096
6031000405.0,1.7854721614060696
6031000500.0,7.591091937877592
6031000601.0,0.29049676025917925
6031000702.0,0.6639003608775338
6031000800.0,8.491106874887338
6031000900.0,1.7914920459893589
6031001001.0,3.4058195968296263
6031001002.0,5.305565350010094
6031001003.0,0.20068394528437725
6031001100.0,2.628794812233303
6031001200.0,43.178869250011175
6031001300.0,3.4054141949432224
6031001402.0,0.46586273098152153
6031001601.0,1369.267075274208
6031001602.0,0.11802134646962235
6031001701.0,625.9603280981638
6033000100.0,15.824673040935052
6033000501.0,9.546913956243106
6033000502.0,5.084741447285203
6033000600.0,20.949957725166332
6033000701.0,1.5291594406437632
6033000702.0,8.951665886433519
6035040100.0,18.247558842200124
6035040200.0,25.36879642075268
6035040302.0,7.356566787793266
6035040303.0,4.07961034299522
6035040304.0,1.175781356210715
6035040305.0,2.885589152867771
6035040400.0,1.5386686799046225
6035040500.0,9.676953896288188
6035040600.0,65.84904025756758
6037101300.0,5.568690801780193
6037101400.0,87.79946496765207
6037102103.0,1.452984730077642
6037102104.0,10.81444666834973
6037102105.0,15.47015817656317
6037102107.0,86.65358669675338
6037103200.0,105.48139356218772
6037103300.0,12.470867234507393
6037103400.0,28.207828027671308
6037104103.0,25.70334098948056
6037104105.0,4.783854344416541
6037104108.0,8.379218607120078
6037104124.0,44.39176287456938
6037104201.0,3.3143234087523683
6037104203.0,0.15298776097912167
6037104204.0,31.03297212719972
6037104310.0,5.099373075933893
6037104320.0,1.890201585186814
6037104401.0,0.7670149167486415
6037104403.0,8.499848702963096
6037104610.0,0.3076253899688025
6037104701.0,0.3859491240700744
6037104703.0,0.5306275497960163
6037104704.0,0.5548056155507559
6037104810.0,0.710793136549076
6037104821.0,0.5192284617230621
6037104822.0,11.328541308813522
6037106010.0,31.924108284856644
6037106020.0,18.64248704914773
6037106112.0,36.3170168520618
6037106113.0,37.22125177440649
6037106114.0,30.36742550771089
6037106403.0,0.2241720662347012
6037106405.0,8.48547420541332
6037106406.0,62.38546394022469
6037106407.0,10.321843394838211
6037106408.0,7.8417543438342125
6037106510.0,193.62740900979702
6037106520.0,1.117110631149508
6037106603.0,62.10841605068968
6037106604.0,32.30227678080225
6037106642.0,1.1666591467428091
6037106643.0,2.6079484289861083
6037106646.0,2.791893269282847
6037106649.0,14.83048915402586
6037107010.0,0.24406047516198703
6037107020.0,0.04319654427645789
6037108101.0,1.8961233424259831
6037108102.0,1.5853557823201183
6037108103.0,1.5848475363897543
6037108201.0,3.220811017056238
6037108202.0,3.1542823402261373
6037109100.0,35.27046420347675
6037109200.0,6.665441481211333
6037109300.0,5.704831611117526
6037109400.0,12.024443337089137
6037109500.0,9.574373347778593
6037109601.0,5.621016199492218
6037109603.0,3.546696393571492
6037109604.0,6.436303861865107
6037109700.0,5.9594607732968665
6037109800.0,3.45436889159431
6037111100.0,0.30427432472068905
6037111201.0,5.397765558722462
6037111202.0,0.1079913606911447
6037111204.0,2.324860310846725
6037111206.0,1.9954563623963177
6037111400.0,0.6263498920086393
6037113101.0,2.4533500695970596
6037113102.0,2.9767067996902887
6037113211.0,4.8046476049294276
6037113212.0,0.3576313894888409
6037113213.0,0.8779997600191984
6037113232.0,0.7562095032397409
6037113233.0,0.08351331893448524
6037113237.0,1.8002159827213824
6037113301.0,0.30228581713462926
6037113303.0,0.6133909287257019
6037113321.0,0.30393568514518843
6037113401.0,0.06479481641468682
6037113421.0,0.1695164386849052
6037115101.0,0.2879769618430526
6037115103.0,0.06389488840892728
6037115104.0,0.013618910487161026
6037115202.0,0.44789416846652264
6037115301.0,0.9432445404367651
6037115302.0,0.11120110391168707
6037115401.0,0.3316534677225822
6037117201.0,6.41554906154853
6037117202.0,7.780703919822156
6037117301.0,0.25377969762419006
6037117302.0,1.0515658747300216
6037117303.0,0.19618430525557956
6037117404.0,6.895439315265288
6037117405.0,2.265844033079434
6037117407.0,1.3215195868621699
6037117408.0,4.4600979138965
6037117510.0,0.14320854331653468
6037117530.0,0.3743700503959683
6037119001.0,11.81201062201833
6037119002.0,32.06674027489952
6037119202.0,15.570826986878817
6037119310.0,0.028317734581233503
6037119320.0,0.09359251259899208
6037119400.0,0.2361411087113031
6037119800.0,0.281257499400048
6037119900.0,0.07199424046076314
6037120020.0,0.19585433165346772
6037120103.0,0.1259899208063355
6037120104.0,0.4806515478761699
6037120105.0,0.2836573074154068
6037120106.0,0.1591672666186705
6037120400.0,0.15658747300215986
6037121010.0,9.567725019108488
6037121020.0,0.8030503897947606
6037121101.0,8.326107606465374
6037121102.0,6.773678529144051
6037121210.0,10.86446046801204
6037121221.0,18.537154036598803
6037121222.0,10.652457063205059
6037121600.0,1.9688625200077043
6037121802.0,2.2677978878821605
6037121900.0,12.872884648702653
6037122000.0,1.851518837606292
6037122122.0,11.260451625008479
6037122200.0,19.562970006187136
6037123301.0,0.9858930612316203
6037123304.0,0.9996176307537433
6037123800.0,1.4860037071692174
6037123901.0,0.5587222019501713
6037123902.0,1.5151899416738506
6037124600.0,6.935453429626014
6037124700.0,12.42951085675598
6037125100.0,0.3339136136760948
6037125200.0,3.1635166420402845
6037125402.0,6.7983916954405
6037125502.0,3.2898313828927623
6037125600.0,7.446988648297299
6037127300.0,7.415533189474016
6037127400.0,10.882638614471873
6037127520.0,1.84629846153085
6037127603.0,1.991353636481933
6037127604.0,1.1734428487100343
6037127605.0,0.15478761699064075
6037127606.0,3.9448332594257267
6037127711.0,3.161009010029061
6037127712.0,3.9568890665539316
6037128400.0,6.9526078897815164
6037128702.0,12.785800875557761
6037128801.0,4.363876713015668
6037128910.0,18.711026076315648
6037131600.0,0.32571394288456923
6037131702.0,0.31689464842812576
6037132501.0,0.05450563954883609
6037132502.0,0.20584353251739862
6037132700.0,0.3149748020158387
6037132900.0,0.12317014638828894
6037133000.0,0.11765058795296375
6037133100.0,0.8364830813534917
6037134303.0,0.6101511879049677
6037134304.0,0.5291576673866091
6037134306.0,0.08099352051835854
6037134520.0,0.07199424046076314
6037135102.0,0.7072534197264219
6037135111.0,1.1010019198464123
6037135113.0,0.03419726421886249
6037135114.0,0.6587473002159827
6037135201.0,1.023068154547636
6037135202.0,0.05219582433405328
6037137000.0,12.863364252315755
6037137103.0,5.8862917489863
6037137104.0,17.48685036450505
6037137201.0,13.068720823625846
6037137401.0,5.515440913769044
6037137402.0,7.810863405804383
6037137501.0,11.217853658954137
6037137502.0,7.290872151629074
6037139001.0,13.333376996397487
6037139200.0,8.454113837669123
6037139301.0,19.73611490188612
6037139302.0,2.7705656367413978
6037139303.0,3.7169629112758007
6037139401.0,6.638639372287546
6037139402.0,8.601057562357244
6037139502.0,1.6585160588904393
6037139503.0,2.208792175224778
6037139504.0,1.562649478134798
6037139600.0,7.176536354978849
6037139701.0,6.6224513822692765
6037141101.0,3.3508617340169438
6037141102.0,2.8977634600397812
6037141201.0,5.546242074416203
6037141302.0,9.518184960474098
6037141303.0,1.9861571369856916
6037141304.0,2.6415632043360997
6037141400.0,11.815279373763946
6037141500.0,13.049244321702211
6037141600.0,10.02664812381512
6037143100.0,7.492041684339036
6037143200.0,7.616679339653923
6037143300.0,22.09568761691183
6037143400.0,18.027932401587403
6037143603.0,0.5974832082398925
6037143604.0,1.469285497116443
6037143700.0,4.1601837069783185
6037143800.0,0.11596880131362891
6037181000.0,80.26612204849556
6037181300.0,0.596643549304233
6037185320.0,4.29803656265791
6037186100.0,1.089867204712293
6037186202.0,0.25826733861291096
6037186301.0,0.2257799671592775
6037186401.0,0.4534927476737822
6037186403.0,0.12110016420361248
6037187101.0,1.4994212285677246
6037187102.0,2.7587590381932006
6037187200.0,7.510662084033825
6037187300.0,20.82587825322086
6037188100.0,0.8082370586050981
6037188201.0,1.6909095293722973
6037189600.0,2.2611366346302586
6037189701.0,2.6698039217617926
6037189702.0,2.4883818123778343
6037189904.0,0.0863330933525318
6037190100.0,0.1980441564674826
6037190301.0,1.2255155130008866
6037190510.0,0.22167487684729065
6037190801.0,0.012179025677945765
6037190802.0,0.17233621310295177
6037190901.0,2.401897214451634
6037190902.0,0.10817134629229662
6037191000.0,1.2776588061789211
6037191110.0,0.05579553635709144
6037191120.0,0.46605827220740786
6037191500.0,0.36165002694694115
6037191610.0,1.050250909319701
6037191620.0,1.4282220980613833
6037191710.0,0.07019438444924407
6037191901.0,0.32973362131029516
6037192001.0,0.16357691384689224
6037192610.0,1.737758547624893
6037192700.0,2.0106077352344927
6037194402.0,0.0755939524838013
6037194500.0,0.12661987041036718
6037195500.0,0.5189884809215264
6037195600.0,0.14578833693304535
6037195710.0,1.6359780843148313
6037195720.0,1.532755816316304
6037195802.0,2.6974302203606966
6037195903.0,0.4009132231654637
6037197200.0,7.319152371313305
6037197410.0,12.146291397454487
6037197500.0,0.663306122702302
6037197600.0,1.589244670771166
6037199000.0,20.843412941852446
6037199700.0,17.65079784044206
6037199800.0,0.018898488120950324
6037199900.0,1.2900023361021102
6037201601.0,0.07379409647228222
6037201602.0,0.3761699064074874
6037201700.0,0.0755939524838013
6037203100.0,3.1305700230899975
6037203200.0,2.8465234864954647
6037203300.0,5.458256100595697
6037203500.0,22.271280384323497
6037203600.0,7.153518117291723
6037203710.0,0.04859611231101512
6037203720.0,0.03779697624190065
6037203900.0,4.003836791141
6037204110.0,0.04247660187185025
6037204200.0,0.12239020878329734
6037204300.0,0.14578833693304535
6037204410.0,10.447065076446869
6037204420.0,0.13840892728581716
6037204600.0,13.64843034812278
6037204700.0,19.092320398823485
6037204810.0,10.758112300660173
6037204820.0,9.089612085439295
6037204910.0,0.6080513558915287
6037204920.0,7.579331970574264
6037205110.0,0.6804655627549796
6037205120.0,4.845572354211663
6037206020.0,1.3928313567426922
6037206031.0,14.50221939633992
6037206032.0,2.736880741658894
6037206050.0,27.287379473736245
6037206200.0,0.08267338612910968
6037206300.0,0.37568994480441564
6037207101.0,1.3427532817079066
6037207102.0,0.9709713370713595
6037207400.0,1.9348673596533734
6037207501.0,0.2140028797696184
6037207502.0,0.10889128869690426
6037207710.0,0.6395188384929206
6037208000.0,2.672924121735286
6037208402.0,0.5622450203983682
6037208620.0,0.16198704103671707
6037208720.0,0.11261099112071035
6037209200.0,0.04679625629949604
6037209300.0,0.16468682505399568
6037210010.0,0.07919366450683944
6037211120.0,0.4322654187664987
6037211121.0,0.26493880489560834
6037211122.0,0.13225941924646029
6037212204.0,0.01259899208063355
6037213202.0,0.08663306935445164
6037214000.0,0.19615430765538755
6037214800.0,0.06545476361891049
6037215102.0,0.1615070794336453
6037216200.0,0.003599712023038157
6037216700.0,0.08972282217422606
6037217200.0,0.17758579313654907
6037218300.0,0.09635229181665467
6037218400.0,0.8715802735781137
6037218500.0,0.7046544158240741
6037218600.0,0.08627309815214783
6037218701.0,1.0671427936011426
6037218702.0,0.5217270549390531
6037218800.0,0.9819213477700109
6037218900.0,0.3552249687020112
6037219300.0,0.22507199424046076
6037219700.0,0.5539691184311166
6037219800.0,0.21551724137931036
6037219901.0,0.6576372412374498
6037219902.0,0.4842113246703811
6037220100.0,0.1890448764098872
6037221303.0,0.2591192704583633
6037221401.0,0.7273838043695421
6037221402.0,0.7514178668662173
6037221500.0,0.43092734847222075
6037221601.0,0.07523398128149747
6037221602.0,1.3491826688347692
6037221710.0,0.6727561795056396
6037221810.0,0.07307415406767459
6037221820.0,0.2730681545476362
6037221900.0,0.4007379409647228
6037222001.0,0.09395248380129591
6037222002.0,0.06731461483081352
6037222200.0,0.1331893448524118
6037222700.0,0.43190411762132924
6037224010.0,3.6349362617493064
6037224020.0,1.6578208102957674
6037224200.0,0.7901840759143209
6037224320.0,0.5125793384805077
6037224410.0,0.8628254074649397
6037224420.0,0.4464542836573074
6037224600.0,0.48524118070554356
6037224700.0,0.10865130789536837
6037226001.0,4.3757788293192705
6037226002.0,6.439209309068082
6037227010.0,0.1421886249100072
6037227020.0,0.21106311495080393
6037228100.0,0.16147708183345333
6037228800.0,0.0755939524838013
6037228900.0,0.09719222462203024
6037231100.0,0.4408747300215983
6037231400.0,0.15088792896568273
6037231500.0,0.026907847372210223
6037231720.0,0.4354377019296584
6037231800.0,0.5901427885769139
6037231900.0,0.09719222462203024
6037232700.0,0.03987068965517242
6037232800.0,0.398458123350132
6037234000.0,0.25692944564434844
6037234200.0,0.16510679145668347
6037236100.0,0.09908207343412527
6037237102.0,0.7289416846652268
6037237600.0,0.11186371100164205
6037237720.0,0.11083743842364534
6037238000.0,0.15703743700503958
6037238310.0,0.39056875449964
6037239201.0,0.19438444924406048
6037239202.0,0.21811255099592033
6037239310.0,0.45560355171586275
6037239330.0,0.8309035277177826
6037239501.0,0.10259179265658747
6037239601.0,0.5790036797056235
6037239602.0,0.4136042449937338
6037239701.0,0.3473722102231821
6037240200.0,0.8215951607286852
6037240300.0,0.596921137934581
6037240401.0,0.010709143268538517
6037240402.0,0.3365730741540677
6037240500.0,0.4732510438573781
6037241001.0,3.215648747990692
6037241002.0,2.231661760053175
6037241120.0,0.6342944699071037
6037241201.0,0.397847236260508
6037241202.0,1.8438112741347414
6037241300.0,1.3598558931377445
6037241400.0,2.586656160555869
6037262200.0,42.77710001836963
6037262301.0,2.0827555880915405
6037262302.0,10.819670128798016
6037265410.0,6.119942902925731
6037265420.0,3.3438093671718088
6037265520.0,1.1377257060814445
6037265601.0,0.0755939524838013
6037267100.0,0.10970122390208784
6037267200.0,4.2751537018253645
6037267300.0,3.6384117472025337
6037267402.0,0.04802615790736741
6037267404.0,0.05759539236861051
6037267501.0,0.4410247180225582
6037267502.0,0.06377489800815934
6037267700.0,6.022948858344207
6037267800.0,3.0078684744629296
6037267901.0,0.11519078473722101
6037269000.0,0.11831053515718744
6037269300.0,0.2628582570537214
6037269601.0,0.1984341252699784
6037269700.0,0.6904972109620393
6037269800.0,0.5668753273137164
6037269904.0,0.10570607553366175
6037269907.0,0.2284653804050356
6037270100.0,0.589978392861576
6037270200.0,0.4793156572104774
6037270300.0,0.6499880009599233
6037271100.0,1.9436799489538374
6037271200.0,2.282085530256649
6037271300.0,2.654541312283414
6037271600.0,4.43115378892294
6037271701.0,0.1149425287356322
6037271702.0,6.8876859867630955
6037271801.0,2.881363985790825
6037271901.0,3.8605718578638504
6037275101.0,1.7745771495368494
6037275102.0,4.736488478075558
6037275603.0,5.452474042142311
6037276000.0,14.173908206719489
6037277100.0,5.450128911361968
6037277200.0,0.038996880249580035
6037277400.0,0.3492620590352772
6037278001.0,0.24523038156947444
6037291110.0,0.8363359748954075
6037291120.0,0.5244719092423346
6037291130.0,1.2824053960740613
6037291210.0,1.937076363940146
6037291220.0,2.461778547863954
6037291300.0,11.15532099993577
6037292000.0,10.006521798453168
6037293201.0,0.23764098872090234
6037293202.0,0.17911567074634027
6037293301.0,0.318364530837533
6037293302.0,0.2321814254859611
6037293304.0,0.16378689704823612
6037293306.0,0.11972042236621071
6037294110.0,0.10751139908807295
6037294120.0,1.5322174226061915
6037294301.0,1.1646671075837742
6037294302.0,3.2893673829574754
6037294410.0,1.3437498919079358
6037294421.0,0.10259179265658747
6037294510.0,0.16225701943844495
6037294520.0,0.0988120950323974
6037294610.0,0.13834893208543317
6037294620.0,1.4412701663669862
6037294701.0,1.4516138708903288
6037294830.0,0.25917926565874727
6037294900.0,2.5146494999611853
6037295103.0,3.3639827007599656
6037296210.0,1.5723280503733759
6037296300.0,0.21830790482574203
6037296500.0,1.9278810987403439
6037300400.0,65.00337073734704
6037300501.0,70.3593572565098
6037300502.0,45.30947602823411
6037300800.0,5.303791020527882
6037300901.0,0.284688013136289
6037300902.0,0.24425287356321843
6037301000.0,12.181479530679692
6037301502.0,0.16414686825053995
6037301601.0,14.457673886800606
6037301602.0,23.271579121398805
6037301701.0,10.930408267448074
6037301702.0,7.560674291869459
6037301801.0,13.954163436656868
6037301802.0,0.07379409647228222
6037301900.0,28.91721908322868
6037302002.0,0.20107391408687306
6037302102.0,0.3445628839019644
6037302104.0,6.563297224454118
6037302201.0,0.041876649868010554
6037302301.0,0.41792656587473004
6037310400.0,16.35470214944381
6037310501.0,1.416276697864171
6037310601.0,44.53200373745689
6037310602.0,0.39599832013438924
6037310701.0,12.260847662017362
6037310702.0,18.92653768256832
6037310703.0,7.476585014195034
6037310800.0,1.2299616030717542
6037310900.0,0.14380849532037437
6037311200.0,0.11057115430765539
6037311400.0,0.06623470122390208
6037311500.0,0.13666906647468202
6037311600.0,25.90256616854341
6037311700.0,4.517783964639151
6037311801.0,9.45192896440206
6037311802.0,4.772992373308548
6037320100.0,0.12239020878329734
6037400205.0,11.155333119820037
6037400302.0,18.699775569076532
6037400403.0,29.17568146463992
6037400602.0,0.1939944804415647
6037400603.0,1.892938564914807
6037401101.0,59.13735590796962
6037401102.0,0.12353011759059275
6037401201.0,78.19357400729234
6037401202.0,124.51377223801298
6037401203.0,55.92801364456799
6037401303.0,147.81490220837068
6037401304.0,76.24221535708999
6037401311.0,57.14420141123248
6037401312.0,42.671925971428585
6037401500.0,0.025497960163186947
6037401601.0,80.06338500878331
6037401602.0,0.46542695303587533
6037401603.0,0.15094792416606673
6037401701.0,33.01221381036096
6037401703.0,0.187544996400288
6037401704.0,0.6688564914806816
6037401800.0,91.31182017578715
6037401902.0,0.18841492680585553
6037402001.0,37.00222738404245
6037402002.0,39.762090486236744
6037402101.0,29.395436644542986
6037402102.0,25.10277960554617
6037402200.0,69.90774366846493
6037402301.0,37.825467248553345
6037402303.0,17.59861176048445
6037402304.0,0.0755939524838013
6037402402.0,65.47356281119842
6037402403.0,3.234981994817536
6037402404.0,45.21229886420252
6037402405.0,33.56070016336296
6037402406.0,18.54520164205145
6037402501.0,0.16090712742980562
6037402600.0,39.60316351758088
6037402702.0,0.3878389728821694
6037402703.0,20.502149730484618
6037402706.0,0.44393448524118073
6037402801.0,0.6458183345332373
6037402803.0,0.023758099352051837
6037402804.0,0.60943124550036
6037402902.0,22.453404997879318
6037402903.0,11.394198464122871
6037402904.0,79.25527651154083
6037403000.0,19.662918681885856
6037403200.0,15.34367667806061
6037403303.0,88.33484927883383
6037403304.0,10.418798280811865
6037403305.0,17.55657771663981
6037403312.0,207.6933746330945
6037403316.0,72.51514246742035
6037403317.0,21.78579122022729
6037403318.0,89.64181214145452
6037403319.0,38.57040133417679
6037403320.0,0.14449844012479002
6037403321.0,59.91202106124887
6037403322.0,44.3151550237229
6037403323.0,30.20058561921505
6037403324.0,0.13942884569234462
6037403325.0,20.70541369082373
6037403403.0,1.1176805855531557
6037403406.0,0.2339812814974802
6037403500.0,53.359325295191496
6037403600.0,29.238831198047123
6037403721.0,0.3530117590592753
6037403801.0,0.2899268058555316
6037403901.0,98.30722254091594
6037403902.0,12.245364539966523
6037404000.0,53.446585171708435
6037404100.0,58.85334135743142
6037404301.0,1.1912047036237101
6037404302.0,52.083566989025115
6037404401.0,94.95258839156031
6037404402.0,62.557444912452986
6037404501.0,0.3114350851931845
6037404503.0,0.36495080393568513
6037404504.0,0.5045296376289897
6037404600.0,306.59019438740467
6037404701.0,34.35316881124606
6037404702.0,13.791187820683158
6037404703.0,37.95686722358325
6037404802.0,13.699419511792096
6037404803.0,13.990677566922178
6037405001.0,0.8189044876409887
6037405002.0,0.3473722102231821
6037405203.0,0.004799616030717543
6037405302.0,14.80014376091292
6037405400.0,0.568304535637149
6037405500.0,9.832987283841595
6037405600.0,11.430451716736226
6037405702.0,1.4256359491240702
6037405800.0,1.868880489560835
6037405900.0,0.0755939524838013
6037406101.0,0.05525557955363571
6037406102.0,0.45659347252219823
6037406200.0,17.479468773970442
6037406300.0,17.89853010620672
6037406402.0,0.030597552195824333
6037406411.0,16.884240542748916
6037406500.0,11.547018432614061
6037406601.0,0.5412467002639789
6037406602.0,0.7125929925605952
6037406701.0,0.21403287736981041
6037406702.0,24.678038700582114
6037406800.0,10.434494169530478
6037406901.0,0.09539236861051116
6037407001.0,0.12125029997600192
6037407002.0,20.065431944426386
6037407101.0,0.015688744900407968
6037407102.0,0.7807175425965922
6037407200.0,1.0491360691144709
6037407301.0,0.04859611231101512
6037407302.0,0.052795776337892966
6037407400.0,0.1007919366450684
6037407501.0,1.4877909767218622
6037407601.0,0.5121190304775618
6037407701.0,3.0336873050155986
6037407702.0,4.7954763618910485
6037407801.0,0.17746580273578114
6037407802.0,0.23218142548596113
6037408003.0,0.20878329733621312
6037408004.0,0.0584053275737941
6037408005.0,0.12239020878329733
6037408006.0,0.4972402207823374
6037408133.0,0.10442164626829853
6037408137.0,0.3336033117350612
6037408138.0,0.12353011759059275
6037408139.0,0.8852891768658507
6037408140.0,1.3546016318694505
6037408141.0,0.2785277177825774
6037408202.0,34.96190053564188
6037408211.0,146.19736426406084
6037408212.0,61.1974611327755
6037408301.0,18.408387034455963
6037408302.0,93.45720247870045
6037408303.0,7.215237890820951
6037408401.0,20.26505350102917
6037408402.0,87.8835305538447
6037408501.0,18.436071485052953
6037408503.0,0.8669006479481641
6037408504.0,8.198913502792793
6037408505.0,6.397660666402299
6037408623.0,28.465302473558
6037408624.0,11.371931655812363
6037408625.0,0.45760097812864625
6037408626.0,0.0681845452363811
6037408628.0,0.18943484521238302
6037408629.0,0.5736058356710774
6037408630.0,17.104243370108936
6037408631.0,18.050463824634587
6037408703.0,30.36421419373478
6037408800.0,0.2015838732901368
6037430002.0,35.383754511078635
6037430101.0,105.59643884373213
6037430400.0,29.760952863617657
6037430600.0,81.92055830607444
6037430701.0,52.08899270833375
6037430721.0,52.12757625246576
6037430723.0,0.1863450923926086
6037430724.0,0.34794216462682986
6037430801.0,35.07646532513852
6037430901.0,35.41853663305184
6037430902.0,59.17065135341992
6037431002.0,0.19186465082793377
6037431100.0,94.90810319635294
6037431200.0,0.15682745380369573
6037431400.0,0.05399568034557235
6037431600.0,0.08690304775617952
6037431700.0,0.07673386129109672
6037431800.0,0.6429085673146149
6037431900.0,0.34269258459323254
6037432102.0,0.43079553635709145
6037432202.0,0.17827573794096474
6037432300.0,0.15478761699064075
6037432401.0,1.2696484281257499
6037432402.0,0.3204643628509719
6037432500.0,13.103251739860811
6037432601.0,0.029247660187185023
6037432602.0,0.3313234941204704
6037432700.0,2.390483618836492
6037432801.0,0.540271063208211
6037432802.0,1.2445754413538543
6037432901.0,3.7216159473525643
6037432902.0,3.0207239023505377
6037433101.0,12.314053791898072
6037433200.0,12.573190682238579
6037433302.0,11.312323211461091
6037433304.0,3.3438254775414356
6037433305.0,1.4308541329282602
6037433307.0,2.2909983122532465
6037433403.0,0.9702661232093223
6037433601.0,4.300732104485829
6037433602.0,0.13318934485241182
6037433700.0,15.69443257653783
6037433802.0,27.342585715200805
6037434004.0,6.534995507091781
6037460401.0,7.670587940156906
6037460502.0,71.6314206587611
6037460700.0,96.05465299869607
6037460800.0,26.6356047964986
6037460900.0,71.56424719744369
6037461000.0,1.1767945967716125
6037461100.0,0.15010799136069114
6037461200.0,0.19069474442044637
6037461300.0,0.08657307415406768
6037461400.0,0.18370530357571394
6037461501.0,0.4688924886009119
6037461600.0,62.14504370214149
6037461700.0,21.736014405656526
6037461901.0,38.3713049953267
6037461902.0,45.11187546238775
6037462002.0,0.08159347252219823
6037462100.0,0.5094192464602832
6037462201.0,20.63209012923192
6037462202.0,17.110995367004467
6037462301.0,20.113919684618992
6037462302.0,45.22098571993825
6037462400.0,0.2425905927525798
6037462700.0,73.78599672425769
6037462800.0,32.8118404869154
6037462900.0,83.83045822557513
6037463000.0,14.605211470712339
6037463101.0,25.272355990119586
6037463102.0,41.709985933747085
6037463602.0,0.061795056395488365
6037463700.0,1.5553931769202307
6037463800.0,11.991737560064708
6037463900.0,0.15376769858411327
6037480011.0,0.08777297816174706
6037480012.0,0.18172546196304296
6037480101.0,0.061195104391648665
6037480802.0,1.7922966162706984
6037480803.0,0.48737101031917446
6037480804.0,0.3363930885529158
6037480901.0,1.1412586993040557
6037480902.0,2.135019198464123
6037480903.0,6.783766282605438
6037481001.0,0.5928125749940005
6037481201.0,0.20878329733621312
6037481300.0,3.486485407002142
6037481500.0,7.171552321572348
6037481604.0,0.14398848092152627
6037481605.0,13.436776435060894
6037481606.0,0.5886729061675067
6037481712.0,0.3813054955603552
6037481713.0,0.04679625629949604
6037481901.0,5.9354892700537984
6037481902.0,8.596160108669139
6037482001.0,15.47165022227888
6037482201.0,0.07199424046076314
6037482202.0,0.09899208063354932
6037482301.0,6.778648244484175
6037482303.0,6.830042408375256
6037482304.0,0.16915646748260138
6037482401.0,6.307459760690409
6037482402.0,8.984088835126359
6037482502.0,0.12778977681785458
6037482503.0,0.2146628269738421
6037482521.0,0.13132949364050878
6037482522.0,10.050728133156026
6037482701.0,5.2465603834342405
6037482800.0,26.1417324410982
6037500202.0,1.7956618150350927
6037500300.0,64.24147609734736
6037500402.0,0.8590112790976723
6037500403.0,21.468662691221155
6037500500.0,0.20698344132469404
6037500600.0,0.1525377969762419
6037500700.0,2.6713462922966165
6037500800.0,1.7549796016318695
6037500900.0,0.08981281497480202
6037501001.0,25.229803974138555
6037501200.0,27.005042813542623
6037501600.0,0.42455603551715865
6037501700.0,0.04760619150467963
6037501802.0,0.058555315574754026
6037501804.0,0.1007919366450684
6037501900.0,0.10259179265658747
6037502004.0,0.19825413966882652
6037502100.0,0.13678905687544995
6037502200.0,29.420609998381302
6037502301.0,27.994233413762586
6037502302.0,1.1162107031437485
6037502401.0,1.0006599472042237
6037502402.0,0.531047516198704
6037502500.0,7.174406047516199
6037502601.0,1.0671046316294697
6037502602.0,2.0346772258219343
6037502700.0,50.475086620766014
6037502801.0,34.539851403677524
6037502802.0,14.991750659947204
6037502901.0,0.00503959683225342
6037502902.0,8.313924886009119
6037503000.0,0.6408087353011759
6037503104.0,0.11969042476601872
6037503105.0,0.14497840172786178
6037503106.0,0.15103791696664268
6037503202.0,0.6530477561795057
6037503301.0,0.46652267818574517
6037503302.0,0.9661927045836334
6037503402.0,0.04859611231101512
6037503601.0,0.034737221022318215
6037503703.0,0.6877249820014398
6037503801.0,0.5146688264938805
6037503902.0,20.57713415006712
6037504101.0,0.14758819294456443
6037504102.0,32.02726800323407
6037530003.0,6.643190842433755
6037530005.0,10.314568158849427
6037530202.0,16.038910575933347
6037530203.0,6.891497671976062
6037530204.0,0.2663786897048236
6037530302.0,2.2571098220188364
6037530400.0,14.495600962377308
6037530500.0,13.482222215982985
6037530601.0,1.7522313861305985
6037530602.0,1.6508163805023677
6037530700.0,6.988490447255736
6037530801.0,2.8976373816203083
6037530802.0,1.6853027220876518
6037530902.0,0.0037796976241900654
6037531000.0,8.311599433840586
6037531101.0,2.8648687167971283
6037531102.0,4.170322860159146
6037531201.0,4.463441425342787
6037531202.0,0.0593952483801296
6037531301.0,1.4566932674942654
6037531302.0,16.201113478901984
6037531502.0,7.225912858607875
6037531503.0,18.065724816125275
6037531602.0,0.04679625629949604
6037531702.0,0.37017038636909044
6037531902.0,0.22498200143988484
6037532001.0,0.48881089512838977
6037532002.0,0.548806095512359
6037532102.0,0.4143268538516918
6037532200.0,4.121580273578114
6037532302.0,54.74618105340845
6037532303.0,28.41914502072456
6037532304.0,57.01867687700474
6037532400.0,48.38137001995506
6037532500.0,0.18580513558915288
6037532603.0,0.2197024238060955
6037532604.0,0.03419726421886249
6037532605.0,0.1785157187425006
6037532606.0,0.09698224142068636
6037532700.0,0.29286657067434607
6037532900.0,0.22648188144948403
6037533001.0,0.08279337652987762
6037533002.0,0.3388228941684665
6037533103.0,0.07748380129589634
6037533104.0,0.0755939524838013
6037533106.0,0.20338372930165588
6037533107.0,0.1871850251979842
6037533202.0,0.1511879049676026
6037533203.0,0.05219582433405328
6037533300.0,0.11090112790976722
6037533402.0,0.14338852891768658
6037533403.0,0.12778977681785458
6037533602.0,0.6930945524358052
6037533603.0,0.19018478521718263
6037533701.0,0.12287017038636908
6037533702.0,0.05399568034557235
6037533703.0,5.3146321984991065
6037533803.0,0.08678305735541157
6037533804.0,0.2625389968802496
6037533805.0,0.1398188144948404
6037533806.0,16.49014460747902
6037533901.0,0.22471202303815696
6037533902.0,0.41291696664266864
6037534001.0,0.25086993040556754
6037534002.0,0.23038156947444205
6037534101.0,0.13858891288696903
6037534102.0,0.25500959923206146
6037534202.0,0.3170146388288937
6037534203.0,0.17452603791696664
6037534301.0,0.06299496040316775
6037534404.0,0.09575233981281499
6037534405.0,0.1492080633549316
6037536000.0,1.2163726901847853
6037536102.0,14.078366818229803
6037536103.0,0.23038156947444205
6037536104.0,5.582284504048653
6037536200.0,3.885263776763212
6037540000.0,10.694594321288452
6037540102.0,0.5511071357312761
6037540203.0,0.4385657852899957
6037540300.0,0.6569705359531829
6037540400.0,0.30751751682525497
6037540501.0,5.276386128682776
6037540502.0,0.34248260139188863
6037540600.0,1.9976765225503361
6037540700.0,3.826181687949912
6037540901.0,0.1814814814814815
6037540902.0,0.2015838732901368
6037541001.0,0.17650587952963762
6037541002.0,7.048576943072797
6037541100.0,0.16378689704823612
6037541200.0,0.09365250779937606
6037541500.0,0.15790736741060718
6037541603.0,0.23158147348212144
6037541604.0,1.7925665946724263
6037541605.0,0.45026397888168945
6037541700.0,5.6812758202660705
6037541801.0,1.6295355274697894
6037541802.0,6.312350572216949
6037542000.0,0.380849532037437
6037542103.0,0.2693184545236381
6037542104.0,0.1976241900647948
6037542105.0,0.13858891288696906
6037542106.0,5.408384595296964
6037542200.0,6.681975911549408
6037542401.0,1.185595152387809
6037542402.0,2.149013532119401
6037542502.0,0.03680705543556515
6037542601.0,0.04679625629949604
6037542602.0,0.1007919366450684
6037543000.0,0.08639308855291578
6037543100.0,5.715148201499107
6037543202.0,15.257393010693791
6037543304.0,2.7360811135109193
6037543305.0,35.97148962855823
6037543306.0,19.345230131616837
6037543321.0,22.510650593710576
6037543322.0,0.8022858171346293
6037543400.0,5.546999293422701
6037543501.0,14.580694204781079
6037543502.0,1.308956208079161
6037543503.0,4.433974456865564
6037543601.0,1.1970957336002064
6037543602.0,3.693433726122928
6037543603.0,2.584271367759654
6037543604.0,2.9567726913538217
6037543701.0,0.2627789776817855
6037543702.0,0.028077753779697626
6037543703.0,0.7097732181425486
6037543801.0,6.444056968053394
6037543802.0,0.1511879049676026
6037543903.0,5.9017413401673355
6037543905.0,5.083633309335253
6037544001.0,1.874970002399808
6037544002.0,11.289977288297505
6037550000.0,1.2183225341972643
6037550100.0,6.071720587804536
6037550201.0,2.7805547094820264
6037550202.0,4.907065918744015
6037550300.0,31.972803528262897
6037550400.0,22.19377433729768
6037550500.0,18.766644454705254
6037550601.0,13.787245414619704
6037550602.0,0.05903527717782578
6037550700.0,5.000747973057613
6037551000.0,0.11528077753779696
6037551101.0,0.9491240700743941
6037551102.0,3.8140148788096955
6037551201.0,0.23977081833453323
6037551300.0,6.110241180705543
6037551401.0,0.06251499880009599
6037551402.0,0.1935145188384929
6037551502.0,0.10982121430285577
6037551600.0,0.544846412287017
6037551700.0,6.3628064414945325
6037551800.0,24.324089257041155
6037551900.0,16.239724692796333
6037552001.0,0.05099592032637389
6037552002.0,0.4627429805615551
6037552200.0,14.370484114746464
6037552301.0,3.139469791513559
6037552302.0,0.27719244201022214
6037552400.0,4.90681901933888
6037552602.0,0.564404847612191
6037552700.0,0.1138708903287737
6037553000.0,10.034631094208686
6037553100.0,0.4841996507274492
6037553200.0,0.16198704103671707
6037553300.0,0.1583873290136789
6037553400.0,2.400261628330817
6037553502.0,0.6985841132709383
6037553503.0,6.629573971958544
6037553601.0,9.322541032404327
6037553602.0,4.803810092236956
6037553701.0,5.329098911058106
6037553702.0,8.29091760529984
6037553801.0,0.14038876889848811
6037553802.0,0.005489560835133189
6037553901.0,0.4840112790976722
6037554001.0,0.07292416606671467
6037554002.0,0.3212742980561555
6037554101.0,0.17293616510679144
6037554105.0,0.09719222462203024
6037554201.0,0.1324694024478042
6037554203.0,0.2634989200863931
6037554204.0,0.10391168706503479
6037554301.0,5.002263525321915
6037554302.0,4.762777295331426
6037554403.0,8.0026546845601
6037554404.0,7.8809370420590765
6037554405.0,7.481886397692454
6037554406.0,8.441763405561382
6037554511.0,2.974862011039117
6037554512.0,14.543898916274985
6037554514.0,14.28140439131591
6037554517.0,3.6453424162848584
6037554518.0,3.4527460109157335
6037554521.0,28.829409736657304
6037554522.0,3.6471038553368933
6037554700.0,0.091792656587473
6037554801.0,9.788895690315218
6037555001.0,1.7160484177138846
6037555002.0,2.369285263911235
6037555202.0,0.7282439007506658
6037555211.0,0.06908524904214561
6037570003.0,0.6724562035037197
6037570100.0,0.11069114470842333
6037570202.0,15.204806848511781
6037570203.0,16.030926246589928
6037570301.0,4.436263132337481
6037570303.0,0.21418286537077036
6037570304.0,0.4696124310055196
6037570402.0,24.122821769332347
6037570403.0,0.6198404127669787
6037570404.0,11.420730309555532
6037570501.0,0.1965142788576914
6037570502.0,0.5499160067194624
6037570601.0,0.19483441324694026
6037570603.0,0.16825653947684185
6037570701.0,0.4849712023038157
6037570800.0,0.39536837053035756
6037571200.0,0.5298476121910247
6037571300.0,0.8877189824814015
6037571400.0,0.9015778737700985
6037571502.0,0.7021238300935925
6037571503.0,0.11882049436045117
6037571504.0,0.19153467722582196
6037571600.0,0.07379409647228222
6037571701.0,19.49498707744322
6037571704.0,0.21850251979841612
6037571800.0,5.0809653700063055
6037571900.0,0.06299496040316775
6037572002.0,2.2843600937759683
6037572100.0,2.4381102976458107
6037572201.0,1.889244146839353
6037572202.0,0.1099712023038157
6037572301.0,1.4173335591280778
6037572302.0,4.287743676510258
6037572400.0,7.506239697868506
6037572600.0,4.286710042671135
6037572700.0,4.954160563706628
6037572800.0,1.84386249100072
6037572900.0,6.567844190691345
6037573003.0,0.11339092872570194
6037573004.0,0.11159107271418287
6037573300.0,0.06479481641468682
6037573401.0,2.2263961124489353
6037573402.0,0.3988480921526278
6037573403.0,0.5795836333093353
6037573601.0,0.5503959683225342
6037573700.0,0.6458483321334293
6037573800.0,0.27717782577393807
6037573902.0,1.1443126067156006
6037574000.0,0.3099352051835853
6037574100.0,0.14851811855051597
6037574201.0,1.4383826691237442
6037574202.0,1.8480651521605693
6037574300.0,4.298944787536866
6037574400.0,1.6016879569174698
6037574500.0,3.326254114284979
6037574700.0,0.05759539236861051
6037574902.0,0.21928245740340774
6037575002.0,0.0695344372450204
6037575201.0,0.20158387329013683
6037575300.0,0.04679625629949604
6037575401.0,0.6214002879769619
6037575500.0,9.164418311231325
6037575801.0,0.49037077033837295
6037575802.0,0.04499640028797697
6037577602.0,0.454973602111831
6037600100.0,0.1267698584113271
6037600201.0,0.1449484041276698
6037600202.0,0.05759539236861051
6037600304.0,0.012958963282937365
6037600400.0,0.1583873290136789
6037600502.0,0.19600431965442766
6037600601.0,0.07664386849052077
6037600602.0,0.7880369570434366
6037600702.0,0.4588432925365971
6037601100.0,0.25320974322054235
6037601202.0,0.00251979841612671
6037601302.0,4.444511766425955
6037601401.0,5.981077192806513
6037601402.0,10.008016605743244
6037601501.0,3.1202657296994785
6037601502.0,2.883459654590523
6037601600.0,9.042648494141268
6037601700.0,3.2305920973503293
6037601801.0,0.814374850011999
6037601802.0,0.16273698104151668
6037601900.0,2.105231581473482
6037602002.0,2.1473838818674476
6037602003.0,0.11519078473722102
6037602004.0,0.3972282217422606
6037602103.0,1.1756887897244084
6037602104.0,0.6410374822997192
6037602200.0,10.927242924616387
6037602301.0,7.854175300513453
6037602302.0,10.066058650283347
6037602509.0,3.15233738202969
6037602600.0,0.05579553635709144
6037602700.0,7.246687458544641
6037602801.0,5.546313025828213
6037602802.0,1.4169366450683947
6037602900.0,1.5630249580033597
6037603004.0,0.30501559875209977
6037603006.0,0.5422366210703145
6037603101.0,0.14437844972402208
6037603102.0,0.9476841852651788
6037603200.0,0.6117110631149508
6037603301.0,0.3408927285817135
6037603302.0,1.1390088792896569
6037603400.0,0.2117530597552196
6037603900.0,4.7862256005288595
6037604001.0,2.5906355869746074
6037604100.0,8.808550594660693
6037620001.0,3.0338372930165587
6037620002.0,0.10178185745140389
6037620101.0,4.92984108069384
6037620102.0,0.111291096712263
6037620201.0,0.09899208063354932
6037620301.0,0.1907847372210223
6037620305.0,0.04859611231101512
6037620400.0,0.2267818574514039
6037620501.0,4.891161248862543
6037620601.0,0.5984221262299017
6037620602.0,0.13354931605471562
6037650001.0,0.44069474442044637
6037650003.0,1.3982535756745371
6037650101.0,4.749168829712014
6037650102.0,3.918360501657952
6037650200.0,18.789037148894536
6037650300.0,0.6734817372245689
6037650401.0,0.2623890088792897
6037650501.0,0.08069354451643869
6037650602.0,0.22864170866330694
6037650701.0,0.5434965202783777
6037650901.0,0.2609791216702664
6037650902.0,0.3369030477561795
6037651001.0,0.2609791216702664
6037651002.0,0.7291516678665707
6037651101.0,1.0540856731461483
6037651102.0,0.09839212862970963
6037670001.0,0.09899208063354932
6037670002.0,0.09539236861051116
6037670003.0,0.12419006479481641
6037700101.0,0.31416486681065514
6037700102.0,0.2143028557715383
6037700200.0,0.1331893448524118
6037700300.0,0.12059035277177826
6037700400.0,0.20320374370050395
6037700600.0,0.14938804895608354
6037700700.0,0.19750419966402688
6037700801.0,0.12808975281977442
6037701100.0,14.927280581921263
6037702400.0,0.13012958963282936
6037702600.0,7.107625793822646
6037702700.0,1.2542086573960785
6037702801.0,3.3968362095345457
6037702802.0,9.158391052196942
6037703001.0,2.468544829440465
6037800203.0,21.943177317899956
6037800204.0,39.41346920631681
6037800324.0,25.157536511857376
6037800325.0,4.709144367410651
6037800326.0,18.712370005473453
6037800327.0,13.448472992713402
6037800328.0,24.01601792989566
6037800329.0,28.708519944074972
6037800331.0,6.184988755798277
6037900102.0,11.511335182676355
6037900103.0,3.351369309174478
6037900104.0,9.272797508437968
6037900201.0,28.989775933962502
6037900300.0,10.651920045356416
6037900501.0,0.2087832973362131
6037900504.0,0.6208903287736981
6037900506.0,0.28389728821694266
6037900507.0,1.4303155747540197
6037900508.0,0.7855171586273098
6037900602.0,0.3935385169186465
6037900605.0,0.8884089272858171
6037900607.0,0.3726601871850252
6037900608.0,0.23902087832973362
6037900609.0,0.7457103431725463
6037900701.0,0.19480441564674827
6037900703.0,3.806612724621877
6037900704.0,0.7088787576796812
6037900705.0,9.030403804367792
6037900804.0,0.1862850971922246
6037900805.0,0.34503239740820735
6037900806.0,0.8042656587473003
6037900900.0,64.17205889325241
6037901003.0,0.718682505399568
6037901004.0,0.08099352051835854
6037901008.0,5.1330287463702415
6037901009.0,1.6240397558562036
6037901205.0,0.173836093112551
6037901209.0,1170.615161002555
6037910001.0,4.166073658278109
6037910002.0,39.93305460259403
6037910101.0,13.162701804271641
6037910201.0,15.530857226824153
6037910202.0,15.556030620341835
6037910205.0,18.995356963998983
6037910207.0,0.053035757139428846
6037910208.0,2.7185614017873645
6037910302.0,0.6604571634269258
6037910401.0,9.481104146205798
6037910402.0,1.22264218862491
6037910403.0,3.0381977323587512
6037910404.0,0.7713346848508278
6037910501.0,3.7083633309335253
6037910502.0,3.0576253899688024
6037910505.0,0.6003814276138697
6037910601.0,3.8410127189824816
6037910602.0,4.613720902327814
6037910603.0,0.5342572594192465
6037910606.0,0.34917206623470126
6037910706.0,21.86488784268906
6037910707.0,2.06420003641088
6037910709.0,14.725882093581392
6037910711.0,11.239688066334004
6037910712.0,2.9909107271418285
6037910713.0,5.013228941684665
6037910714.0,1.3087952963762899
6037910715.0,0.7375809935205184
6037910716.0,1.9497508056498338
6037910804.0,8.797095469362999
6037910805.0,23.70250439225946
6037910807.0,1.4248885037199215
6037910809.0,4.881680503819137
6037910810.0,10.90428751901271
6037910812.0,0.4890423240141884
6037910813.0,7.656870296736415
6037911001.0,168.36776965844922
6037920013.0,1.4780717542596593
6037920017.0,0.13138948884089274
6037920020.0,0.0845932325413967
6037920028.0,0.1745860331173506
6037920029.0,0.10439164866810655
6037920030.0,0.05759539236861051
6037920031.0,3.542686585073194
6037920032.0,0.2700383969282457
6037920034.0,0.12239020878329733
6037920035.0,0.20965322774178066
6037920036.0,0.33486321094312455
6037920037.0,1.0046917344039954
6037920041.0,4.050979101255917
6037920042.0,5.522639416706544
6037920043.0,8.156149665771675
6037920044.0,0.15658747300215983
6037920102.0,1080.4076718113236
6037920104.0,557.0275723347168
6037920106.0,45.68796377488488
6037920107.0,129.7564428910274
6037920108.0,0.4448044156467483
6037920112.0,0.25227981761459084
6037920114.0,11.46731038167193
6037920115.0,1.023698104151668
6037920116.0,89.34551267879961
6037920118.0,65.68521375564175
6037920200.0,85.95712772753768
6037920303.0,3.962292620038673
6037920312.0,134.15205850483247
6037920313.0,56.30248668803814
6037920314.0,3.1244300455963523
6037920322.0,1.7195524358051357
6037920326.0,249.08718603661134
6037920328.0,54.44920679175442
6037920329.0,0.06839452843772498
6037920330.0,45.536538134365784
6037920332.0,0.03419726421886249
6037920334.0,47.69303249445573
6037920336.0,1.3386429085673146
6037920337.0,0.19087473002159827
6037920339.0,162.17832784532138
6037930200.0,27.694972925701798
6037980002.0,19.279302776193887
6037980003.0,0.24061075113990882
6037980004.0,8.689144849036051
6037980005.0,0.3239740820734341
6037980006.0,3.993748490268562
6037980007.0,0.2429805615550756
6037980008.0,0.20191384689224862
6037980009.0,134.28678113654576
6037980010.0,25.491842821101955
6037980013.0,1.4445017965065259
6037980014.0,12.944476305606553
6037980015.0,1.516033558037853
6037980018.0,7.666000086440814
6037980020.0,38.99681191142366
6037980021.0,56.4747991681191
6037980022.0,97.02119144951163
6037980024.0,44.369741290592756
6037980025.0,5.310073371470184
6037980028.0,48.20205211459383
6037980030.0,0.6386489080873531
6037980031.0,15.312710013248202
6037980033.0,4.430903705043498
6039000201.0,102.45988254366033
6039000202.0,175.50264353416588
6039000300.0,19.463791256305406
6039000400.0,19.083878474122727
6039000502.0,14.613128918870947
6039000503.0,36.153275869293346
6039000506.0,107.01699773749901
6039000507.0,21.608380859306845
6039000508.0,22.79825362110057
6039000602.0,12.20505777080253
6039000700.0,8.193485293754497
6039000800.0,44.63446056942703
6039000900.0,18.4740775783367
6039001000.0,193.3312784191824
6041101100.0,10.476997933487707
6041101200.0,7.109597035630691
6041102100.0,1.248269957834134
6041102203.0,2.199739639274397
6041104101.0,1.5835950974496753
6041104102.0,3.567802039876219
6041104200.0,2.1833581081986346
6041104300.0,1.5853868778620317
6041105000.0,1.3509942753567126
6041106001.0,1.6864171679073559
6041106002.0,0.31263683634373296
6041107000.0,2.0103223024040946
6041108100.0,1.3131571468809042
6041108200.0,1.8780846629697103
6041109001.0,2.510096812725699
6041110100.0,0.6915817793689806
6041111000.0,0.15599343185550085
6041112100.0,1.6938657787508364
6041112202.0,3.574194482394337
6041121100.0,0.3195790001824485
6041121200.0,0.9360337225567111
6041124100.0,0.03402093596059114
6041125000.0,0.5299154655476495
6041128100.0,0.32643788496920245
6041129000.0,0.17098632109431244
6041130201.0,0.299085531285576
6041130202.0,0.12212643678160921
6041131100.0,0.6622515518955527
6041133000.0,7.900192834272219
6045010200.0,36.83395543884678
6045010300.0,2.0747093927067115
6045010500.0,0.40769738420926327
6045010600.0,24.80992359073234
6045010700.0,4.499910220865965
6045010801.0,10.901175482863396
6045010802.0,3.0996918103694564
6045010900.0,9.191742784058393
6045011001.0,1.093772498200144
6045011002.0,1.3266766368050162
6045011200.0,11.344356380061024
6045011300.0,16.07967231056108
6045011500.0,3.8137008543968918
6045011600.0,3.054994377899139
6045011700.0,7.795441800397621
6045011800.0,37.01729533098764
6047000201.0,4.2607409141258845
6047000202.0,66.84266752452908
6047000203.0,49.43698455880509
6047000301.0,58.52509622339135
6047000303.0,11.615799504403086
6047000304.0,27.74162365598601
6047000401.0,1.5223622504288328
6047000402.0,7.329249310027831
6047000503.0,0.06839452843772498
6047000504.0,0.06839452843772498
6047000505.0,42.19947422564159
6047000601.0,22.946020901250726
6047000603.0,0.11159107271418288
6047000701.0,11.479991672094805
6047000702.0,21.553479305563602
6047000802.0,17.93883591277668
6047000901.0,43.71764298314263
6047000902.0,64.26735027437543
6047001002.0,0.3648908087353012
6047001003.0,0.4065874730021598
6047001005.0,8.90396064242611
6047001301.0,15.842214102236902
6047001302.0,4.847968777604525
6047001401.0,5.4115837032982625
6047001501.0,13.825718724165997
6047001502.0,7.453268918891524
6047001601.0,16.319640288328113
6047001602.0,8.006213363029481
6047001700.0,26.781371513924206
6047001901.0,0.05795536357091433
6047001902.0,137.77011731157842
6047002000.0,710.8226035439333
6047002100.0,1843.951918027784
6047002201.0,4.396298296136309
6047002202.0,0.5273578113750901
6047002301.0,12.380750367556802
6047002302.0,16.20483685278905
6047002401.0,32.153588102333316
6047002600.0,79.00179558038204
6049000100.0,0.9219162467002641
6049000200.0,2.5490021336333597
6049000300.0,7.6549905055214635
6051000101.0,144.40614710954486
6051000102.0,150.79200072800964
6051000200.0,9.974323142927986
6053000101.0,2.070254379649628
6053000102.0,0.48596112311015116
6053000103.0,0.11042116630669548
6053000104.0,0.3132806025764244
6053000200.0,0.06659467242620591
6053000300.0,3.047560883251945
6053000400.0,5.319868226798014
6053000502.0,3.5391513329179975
6053000900.0,6.451084002059256
6053001200.0,0.22858171346292294
6053001300.0,0.7921766258699304
6053001500.0,0.675695944324454
6053001600.0,0.15658747300215983
6053001801.0,1.359311255099592
6053001802.0,6.288433375028958
6053010101.0,4.395563904148752
6053010102.0,12.195689974030321
6053010202.0,16.154642684469206
6053010305.0,6.234551940606656
6053010306.0,16.538733961491072
6053010400.0,1.090744756839814
6053010501.0,44.25470439863443
6053010504.0,13.810955808756974
6053010506.0,4.8879245429933205
6053010606.0,26.57530283773248
6053010701.0,0.9822550895435754
6053010702.0,0.062365010799136075
6053010804.0,30.081677031518925
6053010900.0,1.2071228051071732
6053011101.0,8.774731695574918
6053011102.0,5.485143060366884
6053011202.0,3.9725239065165976
6053011203.0,0.5131481481481481
6053011204.0,28.079907185804995
6053011303.0,28.67440860768358
6053011304.0,22.417354774672216
6053011400.0,90.8455220997208
6053013200.0,0.8107686360460622
6053013400.0,0.27177825773938086
6053014000.0,0.4008279337652988
6053014102.0,0.9609511534643731
6053014105.0,0.4013678905687545
6053014107.0,0.8934998484193514
6053014202.0,0.3796796256299496
6053014301.0,1.9531030778621454
6053014302.0,2.013565121686817
6053014500.0,23.803747043531537
6053014601.0,0.9407847372210223
6053014700.0,3.642564487178191
6053014800.0,35.82908397787947
6053980000.0,0.11339092872570194
6055200301.0,0.1965142788576914
6055200900.0,0.6335493160547156
6055201003.0,28.540848454564795
6055201005.0,6.928897412344943
6055201006.0,0.25917926565874727
6055201007.0,0.22552195824334054
6055201102.0,0.4697995679229078
6057000102.0,0.6609180625155899
6057000103.0,1.1176748595744526
6057000104.0,2.8614535797727316
6057000105.0,2.9606263584299137
6057000501.0,0.91792656587473
6057000502.0,0.710645365119559
6057000600.0,0.6675373357104613
6057000702.0,0.22549196064314858
6057000802.0,0.10570607553366175
6057000900.0,336.0144496277736
6057001203.0,1.2956052973890169
6057001204.0,90.39385303756981
6057001205.0,89.3327511898665
6057001206.0,35.426304661746386
6059001301.0,0.8473422126229901
6059001303.0,0.7757979361651068
6059001304.0,1.1859251259899208
6059001404.0,10.325833933285338
6059001501.0,0.3455723542116631
6059001503.0,10.331593472522199
6059001504.0,20.462829449013537
6059001505.0,5.580227109307994
6059001506.0,26.29386590709306
6059001507.0,5.706627394603178
6059001601.0,3.7390808735301175
6059001602.0,0.22768178545716344
6059001704.0,0.5082793376529878
6059001705.0,1.4010079193664506
6059001706.0,0.6451883849292057
6059001707.0,2.013858891288697
6059001708.0,1.3720002399808016
6059001801.0,4.586231667695375
6059001802.0,3.722406086823399
6059001901.0,0.279337652987761
6059001902.0,0.36267098632109435
6059001903.0,2.7858104512558537
6059011000.0,1.5242380609551236
6059011101.0,0.5410030251767051
6059011102.0,0.6882675986906269
6059011300.0,0.4905507559395248
6059011401.0,0.21298296136309094
6059011403.0,0.16096712263018959
6059011502.0,5.912461122431497
6059011503.0,0.3511519078473722
6059011504.0,20.383908277157204
6059011601.0,0.6285397168226542
6059011602.0,82.23166503576266
6059011707.0,16.422779680252837
6059011708.0,10.177682142899833
6059011714.0,33.27589756782238
6059011716.0,0.1493880489560835
6059011720.0,24.997772484933556
6059011721.0,3.850531106444161
6059011722.0,11.848645434528347
6059021802.0,0.4714722822174226
6059021807.0,0.1478881689464843
6059021812.0,0.2008302389995993
6059021813.0,6.241845216805206
6059021814.0,13.2564036523493
6059021815.0,11.460794684208516
6059021816.0,0.14089872810175186
6059021821.0,0.4013678905687545
6059021826.0,3.395867296461932
6059021903.0,68.51842221751981
6059021905.0,92.97495906539848
6059021912.0,4.04568429703511
6059021915.0,14.220852989451048
6059021922.0,0.4457343412526998
6059021923.0,10.259455096630036
6059021924.0,162.64807251446157
6059032012.0,4.093461588152313
6059032013.0,3.515115172450134
6059032014.0,2.5554832432234105
6059032015.0,2.7833378854048547
6059032022.0,6.908524270712968
6059032038.0,0.2844972402207824
6059032039.0,0.14944804415646748
6059032047.0,0.4105074094346125
6059032048.0,0.35924002615094575
6059032049.0,0.8854004664301186
6059032050.0,0.6141186660732166
6059032053.0,1.4856911447084233
6059032054.0,1.1257499400047997
6059032061.0,3.2432836161284437
6059042103.0,14.071285190069306
6059042106.0,12.143916778173892
6059042107.0,4.3242778499449654
6059042108.0,2.8206035397299583
6059042111.0,2.966278963692757
6059042112.0,3.623743799729738
6059042113.0,8.428156064044707
6059042114.0,4.467996448570924
6059042201.0,21.163076817729788
6059042203.0,9.35646460598423
6059042205.0,7.120904490913852
6059042206.0,5.678837267457575
6059042305.0,0.36177105831533474
6059042307.0,10.104008715701212
6059042312.0,23.78122852853764
6059042313.0,0.22504199664026878
6059042315.0,17.19405565310659
6059042320.0,1.2392977450692833
6059042323.0,0.23188144948404127
6059042324.0,0.27420806335493164
6059042327.0,0.14038876889848814
6059042328.0,10.063227086277543
6059042333.0,12.51624191531563
6059042334.0,0.15308641975308643
6059042335.0,0.9716340793448074
6059052404.0,8.248448265189689
6059052408.0,0.27177825773938086
6059052410.0,14.644645438819191
6059052411.0,2.4711280129335687
6059052415.0,0.3329733621310295
6059052418.0,11.912294997297863
6059052420.0,15.12104707113305
6059052422.0,4.466636987596001
6059052423.0,0.7776790500438127
6059052425.0,0.16537676985841135
6059052426.0,11.549569895273184
6059052427.0,0.5789317642765919
6059052428.0,0.12110016420361248
6059052502.0,6.529028159794288
6059052505.0,6.2535360031624405
6059052506.0,0.251979841612671
6059052514.0,0.38365261813537677
6059052517.0,8.679340713279336
6059052518.0,23.586779452115643
6059052519.0,0.7113266283524905
6059052523.0,0.8527013774858603
6059052524.0,3.3413256405825793
6059052525.0,8.750184535538198
6059052526.0,5.117930114578245
6059052527.0,12.794796158124537
6059052528.0,0.11699064074874009
6059062604.0,2.509497146741671
6059062605.0,0.2098032157427406
6059062610.0,6.195441851953431
6059062611.0,0.19663268564130632
6059062612.0,1.2063485981876787
6059062619.0,0.091792656587473
6059062620.0,0.2339812814974802
6059062621.0,11.082271592656824
6059062622.0,8.50320596481455
6059062625.0,0.2533597312215023
6059062630.0,0.5725456881347686
6059062632.0,0.2501799856011519
6059062633.0,0.5000509811431835
6059062634.0,0.1691864650827934
6059062637.0,0.6949445423676451
6059062638.0,0.4183087027914615
6059062639.0,0.304625629949604
6059062640.0,0.2015838732901368
6059062641.0,0.09623230141588672
6059062643.0,2.532770974381163
6059062644.0,0.7713282247765006
6059062645.0,0.5123567282105117
6059062646.0,0.12550995920326374
6059062647.0,8.30228538345285
6059062649.0,0.6377518534149452
6059062702.0,0.19618430525557956
6059063004.0,0.2521598272138229
6059063007.0,1.6691359949003752
6059063008.0,0.5691144708423327
6059063009.0,0.160187185025198
6059063101.0,0.07628389728821694
6059063102.0,0.3779697624190065
6059063201.0,0.11201103911687066
6059063400.0,0.25377969762419006
6059063500.0,0.19690424766018716
6059063601.0,0.2915766738660907
6059063603.0,0.22744180465562755
6059063701.0,0.5229481641468683
6059063702.0,0.43016558675305977
6059063803.0,0.8717302615790736
6059063805.0,0.8873616276543526
6059063808.0,0.20362371010319175
6059063902.0,0.5971055566786184
6059063903.0,1.5021212301373854
6059063904.0,1.0004856425935844
6059063906.0,0.9088904907311849
6059063907.0,9.385862151662788
6059063908.0,1.799964812886124
6059074003.0,10.174291639482197
6059074004.0,0.4382949364050876
6059074005.0,1.201193904487641
6059074006.0,0.11870050395968323
6059074102.0,0.32217422606191504
6059074103.0,0.12778977681785458
6059074106.0,5.655537556995441
6059074107.0,0.16096712263018959
6059074108.0,0.47426205903527724
6059074110.0,0.40619750419966405
6059074111.0,2.0496160307175426
6059074300.0,0.03419726421886249
6059074403.0,8.765749022946254
6059074405.0,3.263034041130021
6059074406.0,13.682592399176212
6059074408.0,3.9287242155274544
6059074702.0,0.39416846652267823
6059074801.0,0.5638526257800853
6059074802.0,0.804835613150948
6059074803.0,0.8624310055195584
6059074805.0,0.5537556995440365
6059074806.0,0.144558435325174
6059074901.0,0.028077753779697626
6059074902.0,0.16198704103671707
6059075004.0,2.086650343341991
6059075100.0,0.2323014158867291
6059075201.0,0.5305375569954404
6059075202.0,0.13450923926085914
6059075301.0,10.269180292889104
6059075302.0,0.3177945764338853
6059075303.0,5.600744333064193
6059075401.0,3.2167512275536843
6059075403.0,8.181995543312201
6059075504.0,4.929396304453279
6059075505.0,3.393133295039736
6059075507.0,3.474382781835034
6059075512.0,4.490706144055821
6059075513.0,3.5189701845198855
6059075514.0,6.07278665112374
6059075515.0,25.72937734401062
6059075701.0,5.928192915502721
6059075805.0,4.061778033400459
6059075806.0,6.471042800538738
6059075807.0,2.772188418358387
6059075808.0,1.6007827682488194
6059075811.0,5.528912359972341
6059075812.0,7.976723191318204
6059075813.0,8.551283995528854
6059075815.0,4.62615566720727
6059075902.0,2.2257540719128897
6059076000.0,13.748643407761096
6059076101.0,10.134870759217206
6059076102.0,10.385011146289468
6059076103.0,2.476313456828216
6059076201.0,1.1241900647948164
6059076202.0,12.053937723569964
6059076204.0,0.910157187425006
6059076208.0,0.5989020878329734
6059086303.0,11.679542512679994
6059086304.0,2.670177776527741
6059086305.0,5.091064060469033
6059086306.0,4.295833914512893
6059086402.0,9.183605095007835
6059086404.0,19.56374920592012
6059086405.0,0.0335973122150228
6059086406.0,14.991909590691968
6059086407.0,26.162811218397547
6059086501.0,6.175660153427463
6059086502.0,8.332341743476068
6059086601.0,25.377953350814586
6059086602.0,0.2605591552675786
6059086701.0,47.3808371289246
6059086702.0,3.422134121552706
6059086801.0,8.709771700748888
6059086802.0,6.442829116637281
6059086901.0,0.396568274538037
6059086902.0,0.32805375569954404
6059086903.0,0.728521718262539
6059087102.0,4.602740640026302
6059087103.0,0.8036657067434605
6059087105.0,5.545111620955381
6059087106.0,2.205882380039044
6059087200.0,3.0297009874130705
6059087300.0,0.2645788336933045
6059087401.0,0.8810205076861504
6059087403.0,2.3131222794458877
6059087405.0,1.5223829555047748
6059087503.0,0.06359491240700743
6059087504.0,2.588247493566689
6059087602.0,0.22138228941684665
6059087701.0,0.1457283417326614
6059087703.0,0.4352051835853132
6059087704.0,0.36933045356371497
6059087801.0,0.5183585313174947
6059087802.0,0.029997600191984643
6059087803.0,0.6481581473482122
6059087901.0,0.44489440844732425
6059087902.0,0.3892488600911927
6059088001.0,0.10448164146868251
6059088002.0,0.15208783297336215
6059088101.0,1.7878854043072285
6059088104.0,0.7623290136789057
6059088105.0,0.1923446124310055
6059088106.0,0.6701763858891289
6059088107.0,0.28977681785457166
6059088201.0,0.9835913126949845
6059088202.0,0.1748260139188865
6059088301.0,0.5829733621310296
6059088302.0,0.05219582433405328
6059088501.0,0.40586160726189524
6059088601.0,0.5894228461723062
6059088602.0,0.14794816414686826
6059088701.0,0.19372450203983682
6059088702.0,0.2941264698824094
6059088801.0,1.6080587815700524
6059088802.0,2.527276383297109
6059088901.0,2.9081391687351386
6059088902.0,3.0757001795083543
6059088904.0,0.35484161267098635
6059088905.0,0.16468682505399568
6059089001.0,0.5467362610991121
6059089003.0,3.717309064371731
6059089004.0,0.668016558675306
6059089102.0,0.7270818334533238
6059089104.0,0.25074994000479967
6059089105.0,1.191534677225822
6059089106.0,3.32423580618203
6059089107.0,1.605524329153832
6059099202.0,0.8499220062395009
6059099212.0,0.07199424046076314
6059099217.0,0.16477681785457163
6059099220.0,2.20692344612431
6059099222.0,0.20809335253179745
6059099224.0,1.5824776236839204
6059099226.0,0.2906467482601392
6059099227.0,1.2238420926325895
6059099229.0,5.74022457267458
6059099230.0,0.2380952380952381
6059099234.0,1.2114932559637157
6059099235.0,0.11351091912646989
6059099239.0,0.7042836573074154
6059099240.0,0.6893448524118071
6059099241.0,3.721344502018383
6059099242.0,0.6975474966928754
6059099243.0,0.22858171346292297
6059099247.0,0.14578833693304538
6059099248.0,0.15445764338852894
6059099249.0,0.8084953203743701
6059099250.0,3.0585122752850817
6059099251.0,2.5785622705191797
6059099305.0,0.4373650107991361
6059099306.0,0.11339092872570194
6059099307.0,0.15085793136549078
6059099402.0,0.4699124070074394
6059099410.0,0.12742980561555076
6059099411.0,0.15850731941444685
6059099413.0,0.42689584833213345
6059099502.0,5.3281697185079056
6059099504.0,0.5599352051835853
6059099509.0,0.9226837455630807
6059099510.0,0.279337652987761
6059099601.0,5.215226989941517
6059099602.0,2.071265224890383
6059099701.0,0.25863930885529157
6059099702.0,1.9081905097838479
6059099703.0,1.9845023013922434
6059099801.0,2.0812115030797536
6059099802.0,0.3797696184305256
6059099803.0,0.11423086153107753
6059099902.0,1.0079445764754802
6059099903.0,0.498050155987521
6059099904.0,3.27952350675657
6059099905.0,2.3613144651219367
6059099906.0,1.7993772506409669
6059110001.0,0.11651067914566834
6059110003.0,0.32424406047516197
6059110004.0,2.8942162131134603
6059110005.0,1.369263161629062
6059110006.0,1.0024794835789164
6059110007.0,4.451027905725944
6059110008.0,4.013972642779711
6059110010.0,0.1482481401487881
6059110011.0,0.3434725221982241
6059110012.0,6.180251975025359
6059110014.0,0.18718502519798416
6059110015.0,0.8499220062395009
6059110102.0,0.17308615310775138
6059110108.0,1.1432854567036936
6059110109.0,0.28722702183825294
6059110110.0,0.27438804895608354
6059110113.0,0.427645788336933
6059110114.0,0.23818094552435803
6059110115.0,8.499121258586122
6059110116.0,0.5256179505639549
6059110201.0,0.44468442524598034
6059110203.0,0.013258939284857212
6059110301.0,11.92980179450997
6059110302.0,16.225405106562466
6059110303.0,0.3472822174226062
6059110304.0,0.34419246460283176
6059110401.0,21.67412608803009
6059110402.0,1.2942764578833694
6059110500.0,22.6880918254509
6059110603.0,8.686627999973467
6059110604.0,0.7322714182865371
6059110605.0,0.1691864650827934
6059110606.0,4.680299246011058
6059110607.0,0.2712982961363091
6059980000.0,5.1710554036903105
6061020300.0,27.793089290897232
6061020401.0,16.16987265961252
6061020501.0,22.54056896110599
6061020502.0,39.813851956977544
6061020602.0,50.57327161697891
6061020713.0,15.406783054947285
6061020714.0,5.496086983922512
6061020717.0,15.31049765777906
6061020805.0,11.502665376260868
6061020806.0,11.762485353497938
6061020901.0,0.24658027357811374
6061020908.0,1.3147419142429198
6061021003.0,8.555702335493512
6061021034.0,0.7809402341408747
6061021037.0,0.11519078473722102
6061021038.0,0.2706983441324694
6061021043.0,6.0260665107382545
6061021045.0,0.2501799856011519
6061021046.0,0.3681605471562275
6061021103.0,6.402471896555884
6061021108.0,10.621078462382014
6061021109.0,32.487300623996056
6061021129.0,3.238438406810323
6061021203.0,14.27777404217077
6061021204.0,5.554105826323166
6061021304.0,0.11288998357963875
6061021309.0,1.7755395616517073
6061021322.0,4.234071477894248
6061021501.0,0.008999280057595392
6061021502.0,19.74033326852188
6061021603.0,0.9872510199184066
6061021604.0,1.1580558596363195
6061021801.0,6.339396063695309
6061021802.0,43.347671706898375
6061021901.0,79.28419283983281
6061021902.0,12.350567922163382
6061022002.0,69.30214911449669
6061022013.0,421.9801408844052
6061022014.0,89.57575711917869
6061022400.0,10.086756195793335
6061022600.0,5.623505188550434
6061022800.0,5.404448567048408
6061023000.0,2.8172189452539476
6061023100.0,1.0080566461087055
6061023200.0,1.1866830653547717
6061023300.0,0.316621114755264
6061023400.0,0.4865336733652441
6061023500.0,0.7195750217924548
6061023900.0,0.27988163656267107
6065030101.0,48.357410456807685
6065030103.0,54.54325922284181
6065030104.0,72.71866891622945
6065030200.0,35.43982767766099
6065030300.0,15.759113106747849
6065030400.0,28.106811438062515
6065030501.0,0.05939524838012959
6065030502.0,66.38781366998029
6065030503.0,0.028557715382769376
6065030603.0,13.82546913745532
6065030700.0,3.315419305919128
6065030900.0,0.3257739380849532
6065031001.0,0.2267818574514039
6065031002.0,0.09371250299976003
6065031100.0,16.038644632348404
6065031200.0,19.79916699471924
6065031300.0,28.558984437019532
6065031401.0,18.11458373187835
6065031402.0,0.39686825053995683
6065031501.0,4.791276878200045
6065031502.0,0.5286477081833454
6065031601.0,11.435705297599181
6065031602.0,0.38696904247660185
6065031702.0,11.314643991808515
6065031703.0,20.110172393597676
6065031704.0,22.699540465990964
6065040101.0,82.09941655702026
6065040102.0,34.11687178249604
6065040201.0,15.881969143234825
6065040204.0,28.939673429792833
6065040301.0,76.04368623148353
6065040303.0,83.94410717159047
6065040402.0,1.0473662107031438
6065040403.0,0.3527717782577394
6065040404.0,0.3644708423326134
6065040405.0,0.15298776097912167
6065040501.0,57.14860114994851
6065040502.0,94.37544915634993
6065040503.0,72.07691470599156
6065040604.0,0.2843772498200144
6065040605.0,0.09809215262778978
6065040606.0,0.2978903559636411
6065040607.0,414.3174127259748
6065040609.0,35.68590925522893
6065040611.0,3.425815934725222
6065040613.0,2.12455003599712
6065040615.0,16.312710619822553
6065040616.0,25.770329548239317
6065040701.0,0.17074634029277658
6065040702.0,13.098716826572868
6065040703.0,5.269174092618842
6065040806.0,0.16558675305975523
6065040807.0,0.1673866090712743
6065040808.0,0.445374370050396
6065040809.0,17.285632691694463
6065040812.0,16.723964700174836
6065040813.0,23.975144273898703
6065040815.0,10.751152460293598
6065040821.0,6.379119767134557
6065040901.0,0.41969642428605713
6065040902.0,6.9988186514318045
6065040903.0,0.04229661627069834
6065041004.0,0.7425305975521959
6065041101.0,0.07919366450683944
6065041201.0,0.07739380849532038
6065041203.0,0.42428605711543077
6065041403.0,23.71917474916183
6065041404.0,8.91125190882376
6065041405.0,18.490969108732934
6065041406.0,8.743338182261237
6065041408.0,13.526801450793625
6065041409.0,3.8663250928978776
6065041410.0,36.555852118748945
6065041412.0,20.517113180589778
6065041500.0,84.26504786519104
6065041600.0,45.53632335685723
6065041703.0,18.280316511734345
6065041704.0,13.460747887240723
6065041809.0,3.5734415452018355
6065041810.0,4.426456617460751
6065041813.0,0.1590172786177106
6065041904.0,106.49976023549206
6065041905.0,0.06299496040316774
6065041906.0,3.354971366822674
6065041909.0,26.517233722780013
6065041910.0,37.884930458874734
6065041911.0,11.619930624433461
6065042007.0,33.10046801346204
6065042010.0,41.790173816855464
6065042206.0,94.7254974190461
6065042209.0,173.0660707154922
6065042210.0,0.3743700503959683
6065042212.0,78.33677175601541
6065042213.0,19.32087867989718
6065042214.0,0.46805255579553634
6065042217.0,0.1349892008639309
6065042300.0,84.00212823149299
6065042401.0,52.03957958300391
6065042402.0,18.85999674514271
6065042403.0,8.54328393110051
6065042404.0,15.264065477389067
6065042405.0,15.064558241470952
6065042407.0,0.10619150467962563
6065042408.0,0.6945044396448284
6065042411.0,0.29517638588912887
6065042412.0,1.897048236141109
6065042505.0,64.36520168501463
6065042506.0,52.08131880642762
6065042507.0,38.08610449095107
6065042508.0,0.1079913606911447
6065042509.0,1.2035637149028078
6065042510.0,0.7111667027228955
6065042511.0,0.925815934725222
6065042512.0,3.8155447564194866
6065042513.0,17.664049208028327
6065042514.0,0.3452423806095512
6065042515.0,40.08076550767017
6065042516.0,0.19798416126709864
6065042518.0,1.228581713462923
6065042519.0,37.71840151047358
6065042520.0,1.6399988000959924
6065042521.0,1.677945764338853
6065042617.0,1.1753059755219584
6065042618.0,0.5363570914326854
6065042619.0,0.3198480082184558
6065042620.0,129.85539021251589
6065042621.0,37.84335029119948
6065042622.0,38.87159561482482
6065042623.0,0.8768770419548702
6065042624.0,170.14322423571195
6065042706.0,0.7202986815241973
6065042708.0,5.331710988463014
6065042711.0,27.620870392547033
6065042715.0,18.003801335904075
6065042719.0,32.178733618059326
6065042720.0,0.9773218142548596
6065042723.0,4.2927012151562085
6065042724.0,0.13318934485241182
6065042726.0,0.9338252939764818
6065042728.0,12.263897501609833
6065042729.0,15.053850391476072
6065042730.0,37.19177018296117
6065042731.0,29.076554222460235
6065042733.0,0.8254017018539995
6065042737.0,4.789762165934224
6065042738.0,8.376540936987768
6065042739.0,16.633620240375297
6065042740.0,6.163875990796489
6065042741.0,6.197377850987028
6065042742.0,13.049818581891664
6065042743.0,20.933194831769782
6065042744.0,1.4670619577034822
6065042745.0,1.36366090712743
6065042800.0,28.987758324380575
6065042901.0,0.22680623973727426
6065042902.0,0.7748357963875206
6065042903.0,0.21859605911330052
6065042904.0,41.762716649663105
6065043001.0,4.157411837977976
6065043005.0,24.4179966289068
6065043006.0,7.853627758493059
6065043007.0,10.050819041537432
6065043206.0,37.509906005986956
6065043211.0,4.783056513880641
6065043216.0,28.427397862084554
6065043217.0,0.160187185025198
6065043220.0,0.8498320134389249
6065043222.0,28.366527694369015
6065043227.0,9.099102981668418
6065043228.0,5.779372168234205
6065043235.0,0.6719079715002111
6065043239.0,0.4701653916947728
6065043240.0,0.7529671394761326
6065043242.0,0.11339092872570194
6065043244.0,0.24772018238540916
6065043247.0,0.32397408207343414
6065043250.0,0.9831413486921046
6065043254.0,94.07906780309246
6065043256.0,1.8332733381329493
6065043257.0,1.5752002893955677
6065043265.0,0.6002519798416127
6065043270.0,5.214438008068276
6065043276.0,6.306273708667073
6065043278.0,21.96040610626355
6065043279.0,17.465071332005536
6065043291.0,0.21313191496404424
6065043306.0,0.910277177825774
6065043309.0,0.2674286057115431
6065043316.0,0.8374130069594433
6065043317.0,3.1181453950569558
6065043401.0,2.1594972402207824
6065043404.0,0.04679625629949604
6065043405.0,1.0506059515238781
6065043503.0,2.914686825053996
6065043504.0,5.219462443004559
6065043506.0,2.683705303575714
6065043507.0,1.9289056875449964
6065043508.0,3.1960943124550036
6065043509.0,2.9005973867465533
6065043512.0,1.291006719462443
6065043513.0,1.559731797810855
6065043517.0,13.262720621649667
6065043601.0,0.20698344132469404
6065043602.0,1.605471562275018
6065043702.0,1.0485661147108232
6065043802.0,55.004362695593
6065043810.0,26.598921921987895
6065043811.0,26.961919614465874
6065043812.0,104.98651245311432
6065043813.0,615.0685064598226
6065043814.0,47.99402463593827
6065043818.0,9.215290916737608
6065043820.0,56.69676679817449
6065043821.0,11.428812380231257
6065043822.0,265.8123380582208
6065043823.0,104.39595705337553
6065044000.0,89.30390332539133
6065044101.0,29.227169431973632
6065044103.0,40.73753572128023
6065044200.0,1.0582505370013748
6065044300.0,180.33576506501265
6065044402.0,0.5112790976721863
6065044403.0,0.3388828893688505
6065044505.0,154.2743120365368
6065044520.0,438.4426556040268
6065044521.0,479.13977674084924
6065044522.0,444.856790440016
6065044605.0,0.5467062634989202
6065044606.0,0.3453559248921827
6065044702.0,0.25575953923686107
6065044804.0,0.3128149748020158
6065044904.0,80.77005557973534
6065044907.0,0.19558435325173987
6065044911.0,0.423746100311975
6065044915.0,0.23998080153587714
6065044918.0,1.393432121489394
6065044919.0,0.1421886249100072
6065044921.0,0.4130069594432445
6065044922.0,2.9471142308615312
6065044926.0,0.07019438444924406
6065044927.0,0.5292176625869931
6065044929.0,0.2736981041516679
6065044931.0,0.39248860091192705
6065044932.0,0.1765658747300216
6065045000.0,0.36963042956563474
6065045103.0,1.7471202303815694
6065045108.0,0.4384749220062395
6065045116.0,0.9820614350851933
6065045117.0,2.9432745380369574
6065045118.0,1.2495800335973122
6065045121.0,2.313264938804896
6065045122.0,3.717764697050837
6065045123.0,1.538401767760057
6065045124.0,1.2193124550035996
6065045125.0,0.49334053275737944
6065045207.0,0.6369090472762179
6065045212.0,0.4535337173026158
6065045213.0,0.3473122150227982
6065045214.0,0.9251259899208064
6065045215.0,1.5887029037676987
6065045216.0,5.890712347774083
6065045217.0,67.52909003524928
6065045222.0,52.6785358550079
6065045224.0,0.3995692167286716
6065045226.0,0.3324334053275738
6065045233.0,0.3390928725701944
6065045302.0,57.23598960988431
6065045303.0,64.56254508851114
6065045304.0,14.696622100883271
6065045502.0,0.26205903527717783
6065045604.0,53.93359890300183
6065045605.0,101.11114369843297
6065045609.0,111.20862605567362
6065045703.0,0.5835133189344853
6065045704.0,0.24643028557715382
6065045900.0,195.07304974064036
6065046101.0,0.841792656587473
6065046102.0,0.24838012958963285
6065046103.0,0.22783251231527096
6065046200.0,139.9081114483474
6065046404.0,19.92916763385804
6065046405.0,7.935171534443638
6065046500.0,99.33116694610791
6065046601.0,0.365250779937605
6065046602.0,0.4047576193904488
6065046700.0,143.60914182169205
6065046800.0,17.20188115985204
6065046900.0,4278.949022765426
6065047000.0,118.43674404263314
6065048100.0,30.04250760645224
6065048200.0,11.85337225359136
6065048800.0,18.12317561393118
6065048902.0,2.173656107511399
6065049100.0,0.3185745140388769
6065049400.0,129.01291169087426
6065049500.0,1.9657127429805616
6065049600.0,21.449562918710345
6065049800.0,17.572969011247572
6065050300.0,10.549364726027173
6065050400.0,24.938175148615368
6065050500.0,12.400199293799243
6065050600.0,9.532280347895103
6065050700.0,25.801234168535263
6065050900.0,160.2135219590205
6065051200.0,49.30809368321142
6065051300.0,15.003115702851051
6065051400.0,57.88849570167939
6065940100.0,7.466639416465731
6065940400.0,131.176996443076
6065940600.0,259.09416619691774
6065940900.0,0.36357091432685384
6065941000.0,3.3939284857211423
6065941200.0,6.601555914935672
6065980004.0,0.8871790256779458
6067000100.0,2.2440539732190885
6067000300.0,0.14814814814814814
6067000400.0,4.991143067175316
6067000700.0,21.877205806075196
6067000800.0,21.509426241138804
6067001300.0,3.700516480082798
6067001400.0,3.8536321509714364
6067001600.0,0.1421886249100072
6067001700.0,43.78654917519023
6067001800.0,8.321681909618002
6067001900.0,31.129025980220433
6067002000.0,19.898181099042457
6067002100.0,62.064625859925734
6067002200.0,89.51863564007381
6067002700.0,17.076255203415144
6067002900.0,0.4582433405327574
6067003000.0,0.05219582433405328
6067003101.0,2.761849052075834
6067003202.0,2.21871250299976
6067003203.0,6.921166306695464
6067003204.0,2.7726181905447564
6067003300.0,0.4066174706023518
6067003502.0,0.2004139668826494
6067003700.0,18.03358420001824
6067003900.0,63.94522647290571
6067004001.0,124.25876067610268
6067004006.0,17.57498818156945
6067004009.0,0.06341492680585553
6067004010.0,12.875991247739043
6067004011.0,0.014398848092152628
6067004012.0,10.902286134241171
6067004100.0,0.3630309575233981
6067004300.0,28.687516598398457
6067004501.0,4.9503896181463665
6067004502.0,7.802388304447413
6067004601.0,4.01874850011999
6067004602.0,13.885247317598282
6067004701.0,6.5175427278351945
6067004702.0,16.81482039991809
6067004801.0,8.651787856971442
6067004802.0,3.103491720662347
6067004904.0,7.361079760198276
6067004905.0,2.2465830202658776
6067005001.0,5.476631869450444
6067005002.0,26.962671856475893
6067005101.0,4.708723302135829
6067005102.0,1.7024238060955124
6067005201.0,6.711580467432338
6067005202.0,8.85106919618297
6067005204.0,6.750302028711267
6067005205.0,44.82193250473186
6067005301.0,66.18448128052329
6067005402.0,11.22278252633057
6067005502.0,8.08452215525002
6067006002.0,0.10979121670266379
6067006003.0,0.1244300455963523
6067006004.0,0.09359251259899208
6067006101.0,0.6006419486441085
6067006102.0,0.33024358051355895
6067006202.0,10.21508180243227
6067006300.0,0.4357451403887689
6067006400.0,23.336147809817252
6067006500.0,16.47673055854492
6067006701.0,5.749798908588682
6067006702.0,14.467971066036666
6067006900.0,0.5923416274481292
6067007001.0,7.385343600645501
6067007004.0,22.533064004304943
6067007007.0,20.380863666867242
6067007010.0,27.99326129640335
6067007011.0,57.85303200577014
6067007015.0,15.961775716234984
6067007016.0,20.792454230426756
6067007017.0,21.971617991524006
6067007018.0,70.30882975995746
6067007019.0,28.24660514630094
6067007020.0,18.517939237657924
6067007101.0,84.93015914791404
6067007102.0,17.460479521846246
6067007103.0,0.21652267818574517
6067007105.0,0.1087848932676519
6067007106.0,0.520333828958708
6067007107.0,177.66794178211777
6067007204.0,0.7219822414206863
6067007206.0,0.1908447324214063
6067007208.0,0.6623470122390209
6067007301.0,9.957493400527959
6067007402.0,0.06839452843772498
6067007403.0,0.2611891048716103
6067007406.0,0.831833453323734
6067007413.0,51.45223082826609
6067007414.0,0.018478521718262537
6067007415.0,10.315824052411878
6067007416.0,0.7675485961123111
6067007417.0,0.2134629229661627
6067007421.0,0.3528617710583153
6067007422.0,0.700460773482949
6067007423.0,0.45614350851931845
6067007424.0,5.148508253877183
6067007426.0,0.14782817374610033
6067007427.0,0.27669786417086634
6067007428.0,0.10043196544276459
6067007429.0,0.4387449004079673
6067007501.0,25.592196008172657
6067007503.0,9.024104906090272
6067007504.0,13.310324677419349
6067008008.0,0.14398848092152627
6067008009.0,0.3176145908327334
6067008111.0,0.23692104631629468
6067008113.0,17.880074110600983
6067008119.0,0.566324694024478
6067008120.0,0.17518598512119032
6067008122.0,0.30597552195824335
6067008128.0,7.005302264981363
6067008129.0,8.969517361544849
6067008130.0,7.697454298182692
6067008131.0,13.919524095926732
6067008132.0,14.647227243659588
6067008134.0,0.41438684905207585
6067008135.0,1.279187664986801
6067008136.0,0.9177465802735781
6067008137.0,0.16198704103671707
6067008138.0,0.4793016558675306
6067008139.0,0.38156947444204464
6067008140.0,0.31746460283177347
6067008141.0,0.9132169426445884
6067008142.0,0.004499640028797696
6067008144.0,0.13138948884089274
6067008145.0,0.06659467242620591
6067008203.0,0.039896808255339575
6067008204.0,0.22507199424046076
6067008206.0,0.01247900167986561
6067008208.0,0.22027237820974324
6067008504.0,2.077422814166109
6067008507.0,2.209828672928935
6067008508.0,6.511762673654964
6067008513.0,0.4138905613330901
6067008703.0,11.384649171525501
6067008705.0,12.22480860649922
6067008801.0,0.6676265898728102
6067008907.0,0.11087113030957524
6067008908.0,6.077062300642659
6067008909.0,0.2576193904487641
6067009004.0,3.6742345946204984
6067009005.0,3.021118310535157
6067009006.0,9.806496127874084
6067009007.0,1.9383707701851285
6067009008.0,3.722257555794004
6067009010.0,5.23258627498087
6067009011.0,1.056575473962083
6067009103.0,3.294635844239193
6067009105.0,3.793755262085875
6067009106.0,1.997195061833477
6067009107.0,3.234955800361368
6067009108.0,0.13864890808735303
6067009109.0,2.9699783147069088
6067009110.0,4.40437935720479
6067009111.0,1.2691984641228702
6067009112.0,1.3523818094552436
6067009201.0,56.016104758417356
6067009308.0,14.269856494293812
6067009309.0,23.220812880344504
6067009310.0,11.472765798057448
6067009316.0,0.01634869210463163
6067009318.0,1.0385169186465082
6067009319.0,5.218948369023746
6067009320.0,10.199696933769108
6067009322.0,18.337185383735257
6067009323.0,14.176924593158985
6067009325.0,33.019002622920986
6067009328.0,0.08279337652987762
6067009403.0,73.8903625362954
6067009407.0,25.308092846004175
6067009408.0,17.714238019196014
6067009501.0,30.25436279454513
6067009503.0,21.411020443597135
6067009504.0,4.861780638446571
6067009601.0,73.46226332648725
6067009606.0,18.234516224197414
6067009608.0,13.038760552084131
6067009610.0,0.544756419486441
6067009611.0,8.804959362090662
6067009614.0,0.27177825773938086
6067009618.0,27.935782604660375
6067009619.0,20.030636021422612
6067009622.0,13.766317007502018
6067009635.0,63.80729776598715
6067009638.0,305.4822197146505
6067009639.0,8.381120167584186
6067009800.0,35.64289671889194
6067009900.0,236.9946787258114
6069000100.0,69.87399349896562
6069000200.0,91.84406537936735
6069000300.0,1.2301205394537238
6069000701.0,0.10466162706983441
6069000702.0,3.3201219594824316
6071000103.0,3.2635900327207543
6071000104.0,2.775654104486091
6071000105.0,1.6111776181058226
6071000107.0,1.8696250210218541
6071000113.0,5.522571378416711
6071000115.0,25.235966125720342
6071000116.0,1.7890503899261132
6071000201.0,43.57583345319238
6071000203.0,53.49843699121476
6071000205.0,34.11515729984075
6071000207.0,0.29517638588912887
6071000208.0,0.4723122150227982
6071000301.0,1.1971742260619151
6071000303.0,0.5903227741780658
6071000304.0,0.7878569714422846
6071000401.0,75.47235646676455
6071000403.0,0.48389128869690423
6071000404.0,0.23263138948884088
6071000501.0,73.57690030298397
6071000503.0,0.1937844972402208
6071000504.0,14.045352224859778
6071000603.0,136.25460333638554
6071000604.0,0.16627669786417087
6071000605.0,0.026997840172786176
6071000808.0,1.0695344372450204
6071000812.0,0.6654067674586034
6071000813.0,15.13998853310126
6071000814.0,19.54959924722169
6071000815.0,45.5239491572475
6071000816.0,23.337677070289768
6071000817.0,1.16384689224862
6071000818.0,0.228581713462923
6071000819.0,30.516670783031394
6071000820.0,22.816759624747263
6071000821.0,0.2684485241180706
6071000823.0,0.5740340772738182
6071000824.0,0.5514158867290617
6071000825.0,18.783756495703663
6071000826.0,29.04222869877033
6071000901.0,1.2828173746100313
6071000903.0,0.04319654427645789
6071000904.0,13.644991652884519
6071001001.0,27.005172992783457
6071001002.0,0.1218502519798416
6071001103.0,25.49556635343283
6071001104.0,26.36692363789879
6071001200.0,25.556852383226968
6071001305.0,16.904607138434947
6071001307.0,0.14074874010079194
6071001308.0,18.833336051889795
6071001309.0,69.78632180591399
6071001310.0,45.938606150752605
6071001311.0,2.0073194144468443
6071001312.0,25.347957434177022
6071001400.0,0.5272678185745141
6071001503.0,0.28005759539236863
6071001504.0,0.6590772738180946
6071001600.0,74.12742010529689
6071001702.0,0.5169486441084713
6071001703.0,40.2791912495933
6071001704.0,44.02097570973742
6071001706.0,1.0131989440844733
6071001707.0,0.7628089752819774
6071001803.0,136.66946988855014
6071001804.0,39.02586967290017
6071001806.0,34.89536360911598
6071001808.0,34.6075829243458
6071001809.0,47.76364727280493
6071001810.0,34.47983238582293
6071001812.0,0.9234461243100552
6071001813.0,3.7553995680345573
6071001901.0,1.0847132229421645
6071001903.0,84.24131319937754
6071001905.0,29.87591899052017
6071001906.0,13.099321906464231
6071002010.0,94.76715655391247
6071002013.0,41.14476288103848
6071002014.0,30.048526795086826
6071002018.0,7.714221197881619
6071002019.0,18.44113703399623
6071002021.0,35.37161134503876
6071002022.0,114.42150417517776
6071002023.0,30.598348838332672
6071002025.0,12.884652310792696
6071002027.0,0.5938924886009119
6071002028.0,0.03599712023038157
6071002029.0,22.864375820979753
6071002031.0,14.69564747069824
6071002033.0,0.09988151686781313
6071002034.0,113.13543147850854
6071002035.0,0.49136069114470843
6071002036.0,1.7750479961603072
6071002037.0,60.22667796034445
6071002038.0,10.595591305897498
6071002101.0,0.07919366450683944
6071002103.0,0.5818934485241181
6071002105.0,2.8977081833453324
6071002107.0,0.4111471082313415
6071002109.0,81.6882123568593
6071002110.0,45.953314210944136
6071002204.0,355.1499393660987
6071002206.0,47.7662926501731
6071002207.0,119.16063579248636
6071002301.0,17.799431268432297
6071002304.0,90.59809187996214
6071002305.0,22.997210223182147
6071002306.0,58.21465440257938
6071002307.0,0.4633129349652028
6071002401.0,4.94680243314525
6071002402.0,1.0834533237341013
6071002501.0,99.15374001880616
6071002502.0,2.4797216222702185
6071002601.0,342.217435757192
6071002602.0,1.7097732181425487
6071002604.0,0.23665106791456686
6071002606.0,0.06785457163426925
6071002703.0,2.4293992441195837
6071002704.0,97.80910444564545
6071002705.0,8.033514584186303
6071002706.0,352.7613961484067
6071002804.0,0.21568274538036958
6071002901.0,0.029937604991600673
6071002902.0,0.11810055195584354
6071003000.0,0.0875029997600192
6071003101.0,0.3617710583153348
6071003200.0,0.039776817854571635
6071003301.0,44.96220984663865
6071003302.0,63.23343604060663
6071003401.0,0.05219582433405328
6071003403.0,0.1994840412766979
6071003405.0,0.11159107271418288
6071003503.0,10.401206917677566
6071003505.0,0.8978581713462923
6071003506.0,7.765494357167355
6071003507.0,2.2134929205663547
6071003509.0,0.5818634509239261
6071003510.0,2.970572354211663
6071003603.0,1.8777897768178546
6071003605.0,1.8564914806815456
6071003606.0,69.11409036384917
6071003607.0,0.7912167026637869
6071003609.0,30.751212020006108
6071003612.0,40.39087078742513
6071003700.0,0.7748980081593473
6071003801.0,4.763180278473179
6071003804.0,13.477595429147279
6071003900.0,0.43403527717782575
6071004001.0,49.18739518222232
6071004003.0,203.5847658450597
6071004004.0,682.7236260155017
6071004101.0,37.14237007957809
6071004103.0,29.78766112438427
6071004104.0,46.99270280479368
6071004201.0,16.65705709252072
6071004202.0,0.010259179265658747
6071004301.0,1.1756959443244541
6071004302.0,0.9801415886729062
6071004401.0,5.878119750419967
6071004403.0,0.541126709863211
6071004404.0,1.072024238060955
6071004503.0,142.97022149393894
6071004504.0,6.663816145447281
6071004601.0,38.540286539091106
6071004604.0,34.894104796301576
6071004700.0,44.316806380393786
6071004800.0,14.752363214828966
6071004900.0,28.9484698225784
6071005200.0,17.15134621726157
6071005300.0,0.27583659973868757
6071005400.0,0.31877925135447294
6071005500.0,5.075359702039382
6071005600.0,12.90947545783639
6071005701.0,28.158610258305774
6071005800.0,0.5878029757619391
6071006201.0,8.50464779495254
6071006203.0,5.323492353726097
6071006204.0,9.545362014224413
6071006301.0,0.16243700503959682
6071006302.0,0.5897528197744181
6071006401.0,1.1654967602591793
6071006402.0,0.2810475161987041
6071006500.0,2.6409887209023277
6071006601.0,24.459829301559544
6071007000.0,15.835628711443643
6071007104.0,0.27177825773938086
6071007105.0,0.19012479001679866
6071007106.0,19.23377302218669
6071007107.0,39.4704328648782
6071007108.0,46.834797457254325
6071007109.0,28.07972404484598
6071007110.0,24.0756972987317
6071007200.0,109.08530391794163
6071007302.0,2.523323503577842
6071007305.0,0.3006359491240701
6071007306.0,0.7388108951283897
6071007403.0,7.428773485915325
6071007404.0,2.3773998080153587
6071007407.0,7.05535258980048
6071007409.0,6.538153000086211
6071007410.0,20.188998599323877
6071007601.0,1.1929745620350372
6071007603.0,0.23134149268058557
6071007604.0,28.691798596998943
6071007800.0,149.36917618194266
6071007901.0,1.2272018238540916
6071008001.0,9.56646410668099
6071008002.0,82.52442243914412
6071008100.0,0.060865130789536835
6071008301.0,0.6426385889128869
6071008302.0,0.38276937844972403
6071008401.0,0.34377249820014405
6071008402.0,0.18940484761219104
6071008403.0,82.65797817657894
6071008404.0,27.819027078654727
6071008500.0,234.3412878360536
6071008601.0,0.7602291816654668
6071008602.0,0.45734341252699784
6071008704.0,15.652766945420503
6071008705.0,16.749463639132188
6071008706.0,13.090513303106524
6071008901.0,29.841669586903766
6071009107.0,64.92806764769163
6071009108.0,2.380713731516695
6071009109.0,16.448054520334598
6071009110.0,11.29579957495026
6071009112.0,7.922262027083811
6071009114.0,16.94829551156433
6071009116.0,27.009122153862066
6071009117.0,61.926074976180345
6071009118.0,32.82072137923547
6071009119.0,8.194488664059586
6071009202.0,446.2464766684566
6071009300.0,43.76794565964006
6071009400.0,13.645112314769609
6071009500.0,109.51749815094158
6071009707.0,4.733831293496521
6071009708.0,12.881374416155083
6071009709.0,2.0232862651776036
6071009710.0,1.0828233741300697
6071009711.0,2.9429145668346535
6071009712.0,4.008881543171128
6071009713.0,0.4790316774658027
6071009714.0,1.6733120956234833
6071009715.0,2.488270938324934
6071009716.0,1.4478486548662315
6071009717.0,1.0886729061675067
6071009800.0,70.28301015114194
6071009904.0,89.72970982627903
6071009905.0,67.60262899975118
6071009908.0,0.04319654427645789
6071009910.0,65.9586481784796
6071009911.0,0.683241781544176
6071009912.0,35.378887874629584
6071009913.0,34.38761000285823
6071010004.0,2.3429625629949604
6071010009.0,138.6938594625621
6071010010.0,96.24429723930788
6071010011.0,3.5171886249100073
6071010012.0,4.092482601391889
6071010013.0,1.6533777297816175
6071010014.0,0.12059035277177826
6071010015.0,0.3311735061195104
6071010016.0,47.76405403123306
6071010017.0,517.1606174466086
6071010018.0,1.3738000959923207
6071010019.0,1.1749460043196545
6071010020.0,1.42384865368406
6071010023.0,0.3668201125190773
6071010024.0,2.771891080404865
6071010025.0,90.38991380788059
6071010026.0,12.209152282595717
6071010300.0,7903.699276664052
6071010402.0,4.23343194120825
6071010409.0,8.864624308216262
6071010410.0,1.418863436737869
6071010411.0,5.733581005637776
6071010412.0,1.1400887928965684
6071010413.0,2.07281230309457
6071010415.0,0.4319654427645788
6071010416.0,0.9110969028881631
6071010417.0,6.90592919561509
6071010420.0,1.899322438441378
6071010421.0,0.8265238780897528
6071010422.0,1.663966882649388
6071010423.0,6.235320138647255
6071010424.0,13.540774838833912
6071010700.0,239.1590125969452
6071010802.0,801.2732643506199
6071011600.0,1117.8718000731808
6071011700.0,678.846905709667
6071011800.0,763.3068388048387
6071011900.0,397.7058459339126
6071012001.0,39.61885563582938
6071012002.0,157.36524356524384
6071012101.0,601.4917751466583
6071012103.0,30.699839812705516
6071012104.0,180.9682172589302
6071012200.0,13.370469180199574
6071012300.0,0.28125749940004796
6071012400.0,144.17506582051433
6071012500.0,81.28069607266669
6071012700.0,834.4423626369332
6071025100.0,1629.6298532000308
6071940100.0,7.77493701981674
6071980100.0,8.070707299081098
6071980200.0,9.058903538948412
6073000600.0,0.18000555029489268
6073000700.0,0.06434893774453163
6073001100.0,1.8580662069201952
6073001200.0,0.936365007986006
6073001500.0,1.1163867228881132
6073001600.0,3.1292854726520622
6073001700.0,0.9080101227369791
6073001800.0,1.0172074521941912
6073001900.0,6.929333242338971
6073002001.0,8.119797561788927
6073002100.0,4.9321042420601975
6073002202.0,1.8396871549126645
6073002401.0,2.5514276151832322
6073002402.0,3.5215159638898292
6073002501.0,10.848500461889705
6073002502.0,8.467301534432254
6073002703.0,2.6340172786177107
6073002711.0,0.1259899208063355
6073002712.0,2.177114802244392
6073002801.0,3.3934533657121335
6073002903.0,0.23725101991840652
6073002904.0,1.3649609016500355
6073002905.0,0.8196487867177522
6073003001.0,1.1317588024813516
6073003003.0,2.5871414980288168
6073003108.0,1.9871164740318312
6073003204.0,6.456322802495451
6073003207.0,1.902020016231214
6073003212.0,0.11059797482211277
6073003214.0,0.2443897099069513
6073003301.0,3.0929631551752816
6073003303.0,3.9117680082035693
6073003304.0,3.064979520904885
6073003305.0,6.182695594368871
6073003401.0,9.111060310632183
6073003403.0,5.539429448271396
6073003404.0,6.465714839692956
6073003501.0,0.03806695464362851
6073003601.0,2.3539166513641145
6073003603.0,0.4904533844189017
6073003800.0,0.347745513692238
6073003901.0,0.6115444261995986
6073003902.0,1.185137710603294
6073004000.0,0.6894176853372256
6073004100.0,1.3799769885404243
6073004200.0,5.5657101974261325
6073004600.0,0.06038516918646509
6073004700.0,0.7503427607564794
6073004900.0,0.4976433740801557
6073005000.0,0.2721422286217102
6073005100.0,0.40062260536398475
6073005500.0,0.14814814814814814
6073005600.0,0.5710536398467433
6073005700.0,0.11391625615763548
6073006100.0,0.45679012345679015
6073006500.0,1.5790639989632795
6073006801.0,0.2681785457163427
6073007501.0,0.7017638588912887
6073007502.0,0.3080753539716823
6073007800.0,0.154320987654321
6073008305.0,0.47160493827160493
6073008306.0,0.43893004115226336
6073008307.0,0.042896568274538034
6073008313.0,0.15185185185185185
6073008324.0,12.967691538973543
6073008327.0,7.242981613249813
6073008329.0,3.232431784548643
6073008333.0,5.3631252407306045
6073008339.0,22.353386793643264
6073008340.0,3.4514826807287275
6073008341.0,0.317283950617284
6073008344.0,0.47492804855852366
6073008345.0,3.182313861524904
6073008346.0,1.9443871406543634
6073008348.0,0.1337592992560595
6073008349.0,0.18196544276457882
6073008350.0,15.419212078687783
6073008351.0,0.09104271658267339
6073008354.0,16.929052587396733
6073008357.0,0.24487041036717064
6073008358.0,0.3034257259419247
6073008359.0,9.039224981268056
6073008360.0,7.775958049628608
6073008362.0,0.40598126862494677
6073008364.0,0.15555555555555556
6073008501.0,0.5399382716049383
6073008502.0,0.15298776097912167
6073008503.0,0.8949794238683128
6073008505.0,4.6633400858309
6073008506.0,0.17074634029277658
6073008507.0,3.7772965137611103
6073008509.0,1.183825859886327
6073008510.0,2.8905621723770585
6073008511.0,23.73131946406521
6073008701.0,0.923982849844919
6073008702.0,4.924132680277751
6073008800.0,0.44097222222222227
6073008902.0,1.4126491798007008
6073009101.0,0.5650205761316872
6073009103.0,0.15679012345679014
6073009104.0,0.18580246913580245
6073009106.0,0.7308024691358025
6073009201.0,5.805642958087163
6073009202.0,6.782669313439052
6073009304.0,8.415953559511626
6073009306.0,6.163644191004402
6073009400.0,80.65432779701652
6073009502.0,10.502439712485836
6073009504.0,3.351341114221536
6073009505.0,7.316080486850598
6073009509.0,4.93630748894221
6073009510.0,5.227990355571773
6073009511.0,6.5645244761918775
6073009603.0,5.06267037914471
6073009604.0,0.8566024430689223
6073009705.0,1.4139209440694116
6073009706.0,0.9745044175885744
6073009802.0,0.2723808696289519
6073009804.0,0.5950323974082073
6073010001.0,3.3899719492062967
6073010003.0,3.980508293326682
6073010004.0,2.2991109990346916
6073010005.0,0.8157083886491052
6073010013.0,0.24913006959443246
6073010014.0,31.55666500577053
6073010015.0,89.8697782627855
6073010103.0,2.206300294006036
6073010106.0,0.4884692574347747
6073010107.0,0.42312916444516946
6073010110.0,0.33261959732876545
6073010111.0,0.22270114942528738
6073010112.0,0.45490885359713096
6073011601.0,0.2339812814974802
6073011602.0,0.9368445598243766
6073011700.0,1.0425965922726181
6073011802.0,0.46385810071154904
6073011902.0,4.277010517647915
6073012002.0,2.4308235621938423
6073012003.0,1.2455484603377325
6073012102.0,4.874013674198894
6073012200.0,9.994437414902812
6073012303.0,6.3571898018273485
6073012304.0,0.20908593322386426
6073012401.0,2.0938696894396234
6073012502.0,0.7099746503038378
6073012600.0,1.2400086293589125
6073013103.0,0.7692731038003002
6073013204.0,0.0056095512359011284
6073013205.0,0.8354352096276743
6073013206.0,0.4560235181185505
6073013301.0,3.075186908692625
6073013302.0,2.7966500023731
6073013303.0,0.04602832512315272
6073013306.0,8.405731185456997
6073013308.0,1.5562100144741569
6073013309.0,10.1622628008588
6073013310.0,4.471473965060354
6073013311.0,1.0942206366785676
6073013312.0,3.4497465318811713
6073013313.0,3.6388257698004853
6073013314.0,2.83288260091902
6073013401.0,9.689588114888412
6073013409.0,5.801914929126414
6073013410.0,6.61553056581965
6073013412.0,3.9835539453504913
6073013414.0,0.21457283417326614
6073013415.0,0.34767218622510204
6073013417.0,1.046405385270328
6073013418.0,0.3759578544061303
6073013419.0,0.9649261843945752
6073013420.0,0.6376589872810176
6073013421.0,0.07379409647228222
6073013503.0,0.2404685377769669
6073013505.0,0.4535836640457926
6073013506.0,0.1745860331173506
6073013606.0,0.1511879049676026
6073013702.0,0.26125175995772554
6073013801.0,2.3747822587986067
6073013903.0,0.2997018859180921
6073014001.0,1.5425532903180554
6073014002.0,2.5896181876878424
6073014400.0,3.5731659513763256
6073014500.0,0.8945274394468804
6073014602.0,0.5862418658395671
6073014803.0,1.2176157875623919
6073014805.0,1.5322364028064401
6073014806.0,3.386515690567415
6073014901.0,1.281990334861881
6073014902.0,4.526465848577763
6073015000.0,3.5228328761613685
6073015100.0,0.35526135741652987
6073015200.0,5.8292734980763665
6073015302.0,1.7778922513785105
6073015501.0,16.768496700285873
6073015502.0,3.814176055570727
6073015701.0,0.4113870890328774
6073015703.0,0.04319654427645789
6073015801.0,0.010979121670266379
6073015802.0,0.06326493880489562
6073016000.0,3.9170941554560694
6073016100.0,0.560844886103693
6073016201.0,0.9955828533717302
6073016202.0,8.06636271484707
6073016301.0,5.069666461056405
6073016302.0,6.301921146308295
6073016401.0,0.10528806584362141
6073016402.0,11.143246138995252
6073016503.0,0.3848079729976282
6073016504.0,0.8544633916971371
6073016605.0,2.135989074678076
6073016606.0,4.112032384152563
6073016607.0,0.6166685671714407
6073016614.0,0.4400347972162227
6073016615.0,0.363240940724742
6073016616.0,3.272624166640287
6073016617.0,2.8885667499090495
6073016701.0,1.441413519430761
6073016702.0,0.5668145259380891
6073016802.0,6.589336308760324
6073016804.0,0.6803455723542117
6073016809.0,14.730594448120122
6073016901.0,8.304524982008008
6073016902.0,0.6879649628029758
6073017010.0,2.150206456389893
6073017014.0,9.374941136290925
6073017015.0,30.25567805610034
6073017018.0,19.87867025148114
6073017021.0,2.186958771541298
6073017022.0,15.477735781356431
6073017030.0,15.87831906113083
6073017031.0,4.3318475231888405
6073017032.0,17.259021240041356
6073017034.0,11.64235419529875
6073017037.0,3.222661331428461
6073017039.0,13.71216425050528
6073017040.0,2.1921046316294697
6073017041.0,6.208033357331414
6073017042.0,9.219007136462471
6073017043.0,13.28795133685419
6073017044.0,0.0665946724262059
6073017045.0,0.2699784017278618
6073017048.0,1.1418886489080873
6073017049.0,0.8366630669546437
6073017050.0,1.7330213582913367
6073017051.0,1.1518478521718263
6073017052.0,12.873600131201327
6073017054.0,2.31242500599952
6073017055.0,0.8293136549076074
6073017056.0,23.862819990219066
6073017107.0,0.5236381089512839
6073017108.0,0.45953323734101276
6073017109.0,0.7431605471562275
6073017110.0,0.35457163426925853
6073017303.0,5.241947390240527
6073017304.0,3.742139477938645
6073017305.0,3.3280447928150423
6073017306.0,3.5453989793022362
6073017401.0,3.518366749215071
6073017403.0,0.28095752339812813
6073017404.0,10.235224603104548
6073017501.0,1.2112044862355182
6073017502.0,6.388518129441818
6073017601.0,16.018393871621086
6073017603.0,8.636200415679937
6073017604.0,0.8236441084713223
6073017801.0,5.942601113968902
6073017808.0,6.073379075267849
6073017809.0,1.212845625442466
6073017810.0,2.6460078026817517
6073017811.0,4.9667657059794275
6073017813.0,13.430655185625653
6073017900.0,8.114746979792793
6073018100.0,5.491782411265884
6073018200.0,3.7973249046480224
6073018400.0,7.409243889717066
6073018504.0,16.514449935904416
6073018507.0,4.680646398041851
6073018509.0,6.274675295051383
6073018510.0,1.6841384216356288
6073018511.0,1.7044201981082894
6073018512.0,2.503857536224688
6073018513.0,17.74023803465181
6073018514.0,8.8300237524512
6073018515.0,3.1889478628245045
6073018516.0,2.7432012951279168
6073018517.0,2.591992657500372
6073018518.0,1.7019895250744472
6073018519.0,0.40253966349358716
6073018601.0,3.3192943498838647
6073018603.0,13.60569401962895
6073018612.0,6.423247699078436
6073018614.0,0.2105831533477322
6073018700.0,201.002660521039
6073018802.0,40.08717508215106
6073018803.0,80.51762330715788
6073019001.0,53.217922803942514
6073019002.0,122.90018662387688
6073019101.0,20.360531021940798
6073019103.0,40.69283610053396
6073019105.0,51.09746831238723
6073019207.0,0.6388950952889286
6073019208.0,42.4667276186597
6073019301.0,0.5165586753059755
6073019302.0,0.14323854091672666
6073019303.0,6.631788247471127
6073019403.0,1.072234221262299
6073019405.0,1.0127702011534754
6073019406.0,0.9947728516694034
6073019701.0,0.6842011531250461
6073019702.0,2.524908699750654
6073019803.0,2.370695602972452
6073019805.0,0.8896611826609426
6073019806.0,0.49802015838732905
6073019902.0,3.891545518723034
6073019904.0,0.48351077808684995
6073020016.0,0.25944924406047515
6073020017.0,0.7391702885991343
6073020018.0,1.1291116574932354
6073020019.0,0.24877009839212866
6073020020.0,0.3519018478521718
6073020021.0,0.05219582433405328
6073020022.0,0.6980741540676746
6073020023.0,2.913477613909114
6073020025.0,3.2262578384533835
6073020026.0,0.8333176400075187
6073020027.0,1.105406986160319
6073020029.0,5.261593856290074
6073020103.0,29.086281820935444
6073020105.0,3.5534058629989405
6073020108.0,0.015538756899448046
6073020109.0,0.2339812814974802
6073020202.0,1.4691024718022558
6073020211.0,1.8471622270218384
6073020213.0,0.6983141348692105
6073020214.0,2.9796551251269356
6073020304.0,28.38628954675416
6073020305.0,20.097643823195842
6073020306.0,2.3866809384313297
6073020307.0,21.978297467565486
6073020308.0,0.19912407007439403
6073020309.0,33.95969131024526
6073020401.0,7.256395276226835
6073020403.0,35.88466278587149
6073020404.0,10.67217485075195
6073020405.0,12.757116503476658
6073020500.0,12.066791536425308
6073020601.0,0.07919366450683944
6073020602.0,0.07019438444924407
6073020708.0,6.012839679174872
6073020709.0,0.07379409647228222
6073020710.0,11.515861614267356
6073020801.0,10.096413395302761
6073020805.0,2.00725941924646
6073020806.0,2.3136849052075834
6073020807.0,3.2261819054475644
6073020809.0,1.2657187425006
6073020810.0,0.23794096472282217
6073020902.0,3.655554357621834
6073020903.0,6.755784254008448
6073020904.0,0.23074154067674585
6073021000.0,18.779954577580156
6073021100.0,176.50579047956404
6073021202.0,43.549612555845016
6073021204.0,18.077427712953188
6073021205.0,21.887124349865914
6073021206.0,5.246695782399805
6073021303.0,0.1964842812574994
6073021900.0,7.244616632256721
6073022000.0,6.7615976919438125
6073022100.0,8.571469654622485
6075010200.0,0.23677105831533476
6075012000.0,0.08387329013678906
6075012402.0,0.030597552195824336
6075012800.0,0.17458603311735063
6075012901.0,0.049316054715622754
6075015400.0,0.09719222462203024
6075015600.0,0.034197264218862496
6075015700.0,0.2849772018238541
6075015801.0,0.10259179265658747
6075015802.0,0.05039596832253419
6075016000.0,0.0593952483801296
6075016100.0,0.09554235661147109
6075016200.0,0.061195104391648665
6075016801.0,0.0095692344612431
6075016802.0,0.1259899208063355
6075017601.0,0.016198704103671704
6075017700.0,5.327437881324174
6075017801.0,0.06119510439164867
6075017802.0,0.25695944324454045
6075017902.0,28.882430405020255
6075018000.0,13.07776683464666
6075020100.0,0.3043256539476842
6075022600.0,0.3761699064074874
6075022702.0,0.14758819294456443
6075022704.0,4.5854752063184705
6075022802.0,2.1928863268935204
6075022903.0,0.6939563554127492
6075023001.0,1.137390699220253
6075023003.0,0.004859611231101512
6075023103.0,1.0960223182145428
6075023300.0,0.6908147348212144
6075025100.0,5.895835291414235
6075025403.0,0.31845452363810894
6075025500.0,0.18222537270909955
6075025600.0,0.1149425287356322
6075025701.0,1.6747136050134053
6075025702.0,5.85315749967151
6075025800.0,3.9791981673212176
6075026100.0,0.10570607553366175
6075026200.0,0.5129589632829373
6075026402.0,1.079941101263623
6075030201.0,0.10769138468922487
6075030301.0,0.01169906407487401
6075030302.0,0.15499760019198466
6075030400.0,0.06299496040316775
6075030800.0,0.16198704103671707
6075030900.0,0.3187245020398368
6075031100.0,0.09305255579553637
6075031202.0,0.1857166093379196
6075031302.0,0.17098632109431244
6075031400.0,0.15218482028826855
6075040100.0,0.13678905687544995
6075042602.0,0.08099352051835854
6075045100.0,0.05219582433405328
6075045200.0,0.32154427645788336
6075060100.0,1.2047036237101032
6075060700.0,0.3545716342692584
6075061000.0,2.542805615506972
6075061200.0,0.1583873290136789
6075061400.0,2.624337282081473
6075061500.0,11.152780471322558
6075980300.0,0.17458603311735063
6075980900.0,10.618597636983788
6077000100.0,10.5214436087587
6077000300.0,12.837434617819518
6077000401.0,0.1187904967602592
6077000402.0,0.08351331893448524
6077000500.0,0.4663726901847852
6077000600.0,7.296262238046682
6077000700.0,24.076973532921965
6077000801.0,103.29116933009891
6077000900.0,78.8417560106412
6077001000.0,50.21668455675161
6077001101.0,4.872985769020252
6077001102.0,12.725857196448915
6077001300.0,0.18562514998800095
6077001500.0,1.273698104151668
6077001600.0,0.4373650107991361
6077001700.0,6.476728790268208
6077001800.0,12.808736032808673
6077001900.0,20.778599164119417
6077002000.0,32.46168486373307
6077002100.0,16.37063158554322
6077002201.0,1.9242860571154308
6077002202.0,0.6892548596112311
6077002300.0,1.4879709623230142
6077002401.0,32.985321812788094
6077002402.0,31.739680841515167
6077002503.0,26.59127245611265
6077002701.0,18.693866319539538
6077002800.0,40.18849712986289
6077003106.0,17.538955549018585
6077003108.0,23.363036475308576
6077003109.0,15.147005889501473
6077003112.0,11.61506912769365
6077003113.0,0.6570075412029436
6077003114.0,58.307302793992136
6077003205.0,0.15307775377969762
6077003213.0,3.705783970889335
6077003214.0,3.2893177441261736
6077003215.0,84.80133597057173
6077003216.0,0.02552795776337893
6077003217.0,19.813446873675396
6077003310.0,0.3240340772738181
6077003403.0,0.16558675305975523
6077003405.0,0.11879049676025918
6077003406.0,0.3743400527957763
6077003407.0,0.005399568034557236
6077003410.0,0.5142488600911927
6077003500.0,63.85752468417743
6077003601.0,38.0295571071884
6077003602.0,1.0981209680565458
6077003700.0,38.70024730698063
6077003802.0,26.09602481122802
6077003803.0,297.75758141915696
6077003900.0,0.4933105351571874
6077004001.0,736.8995493103847
6077004002.0,54.20120550180835
6077004102.0,81.23267635939973
6077004104.0,1.1097619579596194
6077004105.0,0.1079913606911447
6077004106.0,36.50604762221102
6077004201.0,0.3279337652987761
6077004202.0,0.32217422606191504
6077004302.0,0.5518958483321335
6077004303.0,0.5515958723302136
6077004305.0,0.05399568034557235
6077004307.0,0.4392248620110391
6077004308.0,0.04139668826493881
6077004402.0,21.64515671357129
6077004403.0,0.1468982481401488
6077004404.0,23.34076125535573
6077004501.0,15.365263241392796
6077004502.0,12.144606747716342
6077004600.0,147.6612168317175
6077004701.0,3.0516319607403495
6077004703.0,10.07104687481597
6077004704.0,4.821041556412761
6077004800.0,3.038618843990018
6077004901.0,1.4832322281212578
6077004902.0,3.642363524711127
6077005001.0,42.56681837872237
6077005003.0,54.722940234348854
6077005004.0,61.10417200696194
6077005106.0,0.4641228701703864
6077005108.0,0.5709443244540438
6077005109.0,0.35874130069594434
6077005110.0,74.24508010295138
6077005113.0,24.40982477324091
6077005114.0,40.29049911803443
6077005119.0,346.5885774629546
6077005122.0,47.65108848210589
6077005123.0,1.171766258699304
6077005124.0,0.11966042716582673
6077005125.0,0.46904247660187187
6077005126.0,5.451870582208924
6077005127.0,44.28609829390989
6077005129.0,33.73999112446484
6077005130.0,0.28977681785457166
6077005131.0,55.961603383059405
6077005133.0,2.3751490299495255
6077005134.0,0.4742620590352772
6077005135.0,36.73059038823692
6077005202.0,472.5425219796866
6077005206.0,113.14591645437933
6077005207.0,376.85349189793334
6077005208.0,0.29517638588912887
6077005209.0,27.229901607871373
6077005210.0,1.7439104871610271
6077005302.0,9.569157156535304
6077005303.0,0.43976481881449486
6077005305.0,19.097489846241967
6077005405.0,9.58630309575234
6077005406.0,0.2321814254859611
6077005501.0,188.2794119141514
6077005502.0,710.3251903972478
6079010002.0,3.2942659997161914
6079010016.0,29.157176678739265
6079010101.0,1.1568386750187516
6079010102.0,13.328702578561094
6079010201.0,13.250817732392028
6079010300.0,118.63241719606056
6079010901.0,2.838169470251904
6079010902.0,2.6279443594156695
6079011002.0,0.4071573009791401
6079011101.0,0.45562069320168674
6079011103.0,0.27748890105211943
6079011200.0,4.168227141664463
6079011300.0,3.191781189360352
6079011400.0,0.1888648908087353
6079011501.0,1.1029701105028182
6079011504.0,7.314002624234506
6079011600.0,8.16005166838979
6079011701.0,7.044351884087916
6079011704.0,5.887387768858075
6079011800.0,2.7443114083440374
6079011901.0,3.116977964587135
6079011902.0,2.2465152163305864
6079012302.0,10.662604655448035
6079012304.0,17.64039092001266
6079012401.0,4.953151963113887
6079012402.0,4.69926029157952
6079012502.0,0.8417217052849237
6079012503.0,2.1467990431591963
6079012505.0,3.1134748575888422
6079012600.0,6.642101230314274
6079012702.0,21.275752825269326
6079012704.0,7.382836469086852
6079012900.0,1.8405775713640775
6081600100.0,23.561090938778538
6081600600.0,0.10467980295566504
6081600700.0,0.1691864650827934
6081601200.0,0.10365353037766832
6081601300.0,0.2593647188027913
6081601400.0,0.17458603311735063
6081601502.0,0.040706743460523165
6081601601.0,0.28194744420446366
6081601603.0,2.728953875808162
6081601604.0,2.7066234701223904
6081601700.0,0.07274418046556275
6081601800.0,0.11186371100164205
6081601902.0,0.30051595872330217
6081602200.0,0.11879049676025918
6081602300.0,52.463268763457876
6081602400.0,0.522121460496625
6081602500.0,0.6098765432098765
6081602600.0,0.30565843621399175
6081603700.0,0.7208751444383629
6081603802.0,0.3422433594475004
6081604102.0,2.934982315536268
6081604200.0,12.115240389088523
6081604400.0,5.187051070780238
6081605000.0,0.14613168724279835
6081605100.0,11.658924766642643
6081605400.0,12.356602502998447
6081606000.0,3.056450161162805
6081606100.0,8.29980755721261
6081606200.0,4.454926507466705
6081606300.0,1.1279638714288736
6081607500.0,0.44806815454763615
6081607600.0,5.021007404355654
6081607701.0,1.5289354385858218
6081607702.0,2.605762669309389
6081607800.0,5.9190114620605945
6081607900.0,3.9551971120361826
6081608004.0,8.430935513391004
6081608200.0,4.703157025544142
6081608400.0,5.641003993407949
6081608501.0,0.6154838685154778
6081608502.0,0.027386831275720166
6081608600.0,2.8160622956403225
6081608900.0,0.22526748971193417
6081609100.0,3.5679873511596907
6081610201.0,1.402405018600154
6081610202.0,0.8180316091954023
6081610203.0,0.16384689224862012
6081610302.0,6.125437574736769
6081610400.0,0.7509216921102798
6081610500.0,0.05219582433405328
6081610601.0,0.6694864410847132
6081610700.0,0.27090832733381326
6081611400.0,0.27669786417086634
6081611500.0,0.4474742020638349
6081611600.0,0.7976753532404873
6081611700.0,3.071531958888281
6081611900.0,1.5501818616415448
6081612000.0,1.6017102008960247
6081612100.0,0.8479869853433072
6081612900.0,0.003629709623230142
6081613000.0,0.20158387329013677
6081613200.0,0.8210672035126079
6081613501.0,0.9808024691358025
6081613700.0,0.6793827160493827
6081613900.0,0.3602505625494131
6081984300.0,18.201997216194243
6083000101.0,14.346747066364959
6083000102.0,3.633074183129389
6083000103.0,1.9559335253179746
6083000200.0,10.824538182867647
6083000301.0,2.1240474670072373
6083000302.0,3.487578782257901
6083000700.0,5.364859027588685
6083000804.0,9.771384057310446
6083000900.0,1.1139650104401062
6083001000.0,10.312558231466278
6083001402.0,17.346181090132387
6083001601.0,4.431778232782428
6083001604.0,9.384784971827322
6083001704.0,13.515366229705455
6083001706.0,29.144038035413654
6083001800.0,10.983075878724447
6083001901.0,102.0114428099173
6083001905.0,0.8498787461535098
6083001906.0,23.13042029675393
6083002005.0,8.40601623791279
6083002006.0,60.047314786683515
6083002007.0,13.864718723268423
6083002008.0,6.702602771635959
6083002010.0,5.620166330371731
6083002011.0,12.44459561461684
6083002101.0,0.5209876543209877
6083002102.0,0.8138881660129478
6083002103.0,3.128223861412379
6083002205.0,1.0726597227448953
6083002206.0,1.0705926074354117
6083002209.0,2.1121794531752185
6083002210.0,0.8016532371991523
6083002211.0,1.1747993871491924
6083002303.0,0.23758099352051834
6083002304.0,0.3041756659467243
6083002305.0,0.033297336213102956
6083002306.0,0.9404561988078721
6083002402.0,0.35738740900727944
6083002403.0,0.22003239740820735
6083002404.0,0.14332853371730264
6083002502.0,1.1450598793913673
6083002702.0,0.0962922966162707
6083002703.0,0.13831893448524119
6083002705.0,0.1925845932325414
6083002706.0,0.07019438444924407
6083002707.0,0.0032397408207343412
6083002708.0,0.15850731941444685
6083002802.0,0.5873830093592513
6083002906.0,14.301143071334808
6083002909.0,11.668221294622649
6083002913.0,7.747178714810643
6083002914.0,6.243791013960262
6083002922.0,0.15832733381329495
6083002932.0,142.78155782200807
6083003001.0,0.8726301895848332
6083003004.0,0.14611831053515717
6083003007.0,0.20437365010799138
6083003102.0,40.117256249604026
6085500100.0,3.2158354859252203
6085500300.0,0.44741420686345096
6085500800.0,0.6511570946245483
6085501102.0,0.510003307945545
6085501401.0,1.2770259380891564
6085501402.0,0.27035166940339356
6085501501.0,1.3320288958164135
6085501502.0,0.2815407772304324
6085501600.0,1.127186823412091
6085501700.0,1.0211323488209614
6085501800.0,0.6656655891174027
6085501900.0,0.385621921182266
6085502002.0,0.11083743842364534
6085502101.0,0.37390457039298924
6085502102.0,0.4824468525276599
6085502400.0,0.11083743842364534
6085502604.0,0.26085979624093125
6085502701.0,0.24853011759059276
6085502901.0,0.13138948884089274
6085502902.0,0.1556575473962083
6085502903.0,0.06659467242620591
6085502908.0,0.0593952483801296
6085503001.0,0.07199424046076314
6085503002.0,0.4285157187425006
6085503105.0,0.752841263667708
6085503108.0,0.1079913606911447
6085503110.0,3.654393149478529
6085503111.0,3.0318923679865875
6085503112.0,0.45752339812814974
6085503113.0,0.2162526997840173
6085503121.0,0.6267698584113272
6085503122.0,1.373200143988481
6085503123.0,0.11083743842364534
6085503207.0,4.441379758803751
6085503208.0,2.943135427436194
6085503211.0,1.3764951763902675
6085503212.0,1.7426902315247732
6085503213.0,0.028797696184305256
6085503214.0,0.0016198704103671708
6085503304.0,10.101030363383737
6085503327.0,0.18718502519798416
6085503329.0,0.4562934965202784
6085503330.0,0.1362790976721862
6085503333.0,0.35817134629229663
6085503334.0,3.7446817630615823
6085503336.0,0.2764578833693304
6085503337.0,3.893433963049787
6085503401.0,0.1474682025437965
6085503402.0,9.835745169778866
6085503504.0,0.0871130309575234
6085503601.0,4.407995478643045
6085503602.0,7.068894901544166
6085503703.0,1.5792702101073295
6085503708.0,1.7378856250886903
6085503710.0,0.8365702730645259
6085503711.0,2.4339768695898965
6085503712.0,1.4325983701271057
6085503713.0,1.3953943014060792
6085503803.0,0.3581957778353101
6085503804.0,1.3055622123300745
6085504002.0,1.2273447541273874
6085504307.0,0.47316297208538594
6085504311.0,0.020698344132469404
6085504316.0,2.528294950032897
6085504317.0,0.1238300935925126
6085504318.0,13.336277366502525
6085504319.0,2.3544598258630827
6085504320.0,0.510483184333759
6085504321.0,1.93379522413248
6085504322.0,1.9757019438444925
6085504323.0,1.155766587934049
6085504410.0,2.5799409158925743
6085504412.0,1.7178117548625667
6085504413.0,0.167986561075114
6085504414.0,1.6635879009263277
6085504416.0,1.7395049026619744
6085504418.0,1.1195174774633248
6085504420.0,2.787961293966762
6085504421.0,2.13065225318373
6085504422.0,0.7110288065843622
6085504504.0,35.564989515945456
6085504505.0,3.478749281338281
6085504506.0,3.440227168307105
6085504507.0,3.2419742331396195
6085504601.0,8.175940412999035
6085504602.0,8.686684961262213
6085504700.0,3.4790841295367416
6085504802.0,0.8527058626771271
6085504803.0,2.500512946648997
6085504805.0,0.79366498408644
6085504806.0,1.1601091649942226
6085504901.0,0.24808015358771301
6085505001.0,3.7170432357748546
6085505006.0,21.042131877451993
6085505007.0,3.168923944978764
6085505009.0,0.708556452593809
6085505100.0,7.8075932123021845
6085505202.0,7.805500093325867
6085505203.0,0.16378689704823615
6085505303.0,1.3410127189824814
6085505500.0,0.6623770098392129
6085505600.0,0.2974262059035277
6085505800.0,0.7581392133949482
6085506103.0,0.1493880489560835
6085506203.0,0.10673234811165846
6085506204.0,0.16558675305975523
6085506301.0,0.21859605911330052
6085506302.0,0.10981116584564862
6085506304.0,0.11186371100164205
6085506401.0,0.6728514920776781
6085506402.0,0.16198704103671707
6085506502.0,0.6645721544246904
6085507001.0,0.49136069114470843
6085507100.0,0.2790131469285413
6085507203.0,0.1026272577996716
6085508004.0,0.09854211663066954
6085508102.0,0.33486321094312455
6085508602.0,0.26337892968562515
6085508704.0,0.38844101360780026
6085508800.0,0.06029517638588913
6085508900.0,0.42179042753755397
6085509000.0,0.4952297149561368
6085509102.0,0.5861100954835491
6085509108.0,1.5649583616233527
6085509109.0,0.42119630429565635
6085509201.0,1.4215502759779217
6085509202.0,0.7811215102791776
6085509304.0,0.9538990593396206
6085510801.0,0.5045067810010339
6085511000.0,1.4799728984461757
6085511100.0,0.5829682919290924
6085511608.0,0.08279337652987762
6085511609.0,0.10874130069594433
6085511701.0,0.16049382716049382
6085511704.0,0.49261316872427985
6085511707.0,0.23085077638233387
6085511800.0,1.105681545476362
6085512001.0,31.01718007222805
6085512017.0,2.8292849794238686
6085512022.0,0.5692944564434845
6085512029.0,0.0845932325413967
6085512032.0,0.3800695944324454
6085512033.0,2.543286537077034
6085512038.0,4.428834253412984
6085512039.0,4.737474799990823
6085512043.0,2.745884617955249
6085512100.0,21.772137131492535
6085512200.0,4.949730111082083
6085512305.0,0.7681785457163427
6085512307.0,0.37275017998560117
6085512308.0,10.471872138296808
6085512309.0,6.483375418964841
6085512310.0,7.676481410551196
6085512311.0,14.765169083079812
6085512312.0,4.128797061642841
6085512313.0,0.009359251259899209
6085512314.0,0.42863570914326854
6085512401.0,18.644768860472553
6085512402.0,30.54339386270007
6085512509.0,2.5376259106168058
6085512510.0,5.976063814675888
6085512602.0,60.14770381845096
6085512603.0,7.949470334491467
6085512604.0,8.744772818940769
6085513500.0,216.08462777050087
6087100100.0,0.28977681785457166
6087110100.0,0.2625989920806336
6087110200.0,0.043706503479721624
6087110300.0,1.3547816174706024
6087110400.0,8.348062155027598
6087120800.0,0.6624588013254507
6087120900.0,1.0341635723329325
6087121000.0,0.7019438444924406
6087121401.0,0.1087848932676519
6087121700.0,0.1087848932676519
6087121800.0,0.3347732181425486
6087122003.0,0.1026272577996716
6087122100.0,0.17638588912886968
6087122201.0,0.3527717782577394
6087122202.0,0.17818574514038876
6087122300.0,1.200478986311637
6087122400.0,0.17638588912886968
6087123300.0,5.123497607876099
6089010100.0,0.3592812574994001
6089010200.0,0.14250182645486884
6089010300.0,38.518929028917974
6089010500.0,0.2709683225341973
6089010602.0,0.4427645788336933
6089010702.0,0.6970542356611471
6089010703.0,21.956821167880737
6089010704.0,0.6083213342932566
6089010803.0,50.383095871049534
6089010804.0,1.0212480538502733
6089010806.0,44.90611146209562
6089010807.0,79.90024619360501
6089010900.0,31.376171876583754
6089011209.0,47.60767395953699
6089011300.0,13.415932159581585
6089011500.0,201.9832471669371
6089011701.0,51.62283663984495
6089011702.0,7.125593670897133
6089011703.0,21.25730330402249
6089011801.0,0.6257216787189045
6089011803.0,204.32747045091347
6089011900.0,0.47112169450089314
6089012000.0,82.9892878236955
6089012101.0,65.71447698190713
6089012102.0,26.76698475692826
6089012200.0,83.77939258937009
6089012303.0,6.080953810941978
6089012500.0,1272.134457640652
6089012701.0,15.985525070802218
6089012702.0,27.63125800505199
6091010000.0,23.755169837863438
6093000100.0,1.075186103338334
6093000200.0,126.97939867782664
6093000300.0,337.80522530299385
6093000400.0,387.4527985328771
6093000701.0,332.16251524930004
6093000702.0,226.63671810732427
6093000900.0,662.4890168923323
6093001000.0,299.624074437756
6093001100.0,285.14121069422276
6093001200.0,22.294815696079837
6095250103.0,6.438750312071368
6095250105.0,6.4810689992091275
6095250106.0,7.540478111778426
6095250300.0,4.252432251561091
6095250400.0,5.397677328233008
6095250601.0,14.709835941750823
6095250604.0,8.72732089889295
6095250701.0,7.516536821827106
6095250801.0,30.518048122707384
6095251100.0,5.3744600956827675
6095251200.0,5.670276588819802
6095251300.0,7.4064959282184635
6095251400.0,9.502532127807445
6095251701.0,0.5155540881852605
6095251702.0,0.16198704103671707
6095251802.0,2.757041731461702
6095251803.0,5.747911244330886
6095251901.0,9.810398856597219
6095251902.0,2.901516020152433
6095251903.0,10.492254979098115
6095252102.0,57.39982244655239
6095252201.0,60.548863011593994
6095252202.0,110.65223066029924
6095252305.0,117.5792900630347
6095252306.0,20.220175830268555
6095252311.0,27.50758797057593
6095252312.0,13.300213408980921
6095252313.0,36.91581977284182
6095252314.0,11.440853004830222
6095252316.0,0.2861771058315335
6095252317.0,3.0022198224142067
6095252401.0,6.414610324113315
6095252402.0,17.382509700592315
6095252502.0,0.9370740488544168
6095252604.0,15.39343182364787
6095252605.0,0.18054742812693214
6095252606.0,0.32937365010799136
6095252608.0,0.1079913606911447
6095252610.0,0.4946004319654428
6095252702.0,17.348552721255754
6095252703.0,1.478602549234485
6095252704.0,0.916096712263019
6095252705.0,1.2157427405807535
6095252706.0,0.6950443964482842
6095252707.0,0.5838432925365971
6095252802.0,0.1471082313414927
6095252903.0,50.47191028406836
6095252904.0,133.5081199987307
6095252911.0,28.48939935976441
6095252912.0,0.664266858651308
6095252913.0,0.16102711783057355
6095253101.0,50.2184524628287
6095253105.0,12.672161461237453
6095253106.0,0.2267818574514039
6095253107.0,5.767343657170809
6095253108.0,31.574549998944804
6095253205.0,5.062451873581915
6095253300.0,226.31640314220948
6095253402.0,16.795105370771214
6095253403.0,9.117470845244258
6095253404.0,19.85686527174159
6095253500.0,45.25024911001099
6097150100.0,7.600942362596761
6097150601.0,2.7740142663792153
6097150603.0,3.640525252232695
6097150607.0,1.55208148810602
6097150609.0,4.138625584009109
6097150611.0,1.7369086520697392
6097150612.0,35.06903036684268
6097150701.0,2.1801780260972663
6097150702.0,7.364000602228779
6097150901.0,3.974311897358009
6097151000.0,1.87528057558351
6097151201.0,18.14609069845841
6097151204.0,5.722333681723634
6097151305.0,1.8949572999677269
6097151307.0,2.0079077401229903
6097151308.0,3.816331791924079
6097151402.0,6.839291535166514
6097151900.0,0.2577303065891565
6097152000.0,1.6304112533613622
6097152100.0,2.4798411069643165
6097152701.0,2.4051215013362697
6097152702.0,9.360489634447198
6097152801.0,2.5327267997542133
6097152802.0,1.6070207257529963
6097152904.0,0.5309575233981282
6097153001.0,2.04954797168498
6097153002.0,0.756510819035955
6097153003.0,0.6423995809399288
6097153005.0,1.7847972162227022
6097153006.0,0.1853851691864651
6097153102.0,0.519201849730511
6097153104.0,1.2481477787195745
6097153200.0,5.8663394187359374
6097153300.0,1.2700383969282458
6097153401.0,0.1286897048236141
6097153600.0,1.0581053515718741
6097153804.0,1.4234898589065257
6097153808.0,4.751812336512805
6097153809.0,0.5681278831026851
6097153901.0,7.166499092825721
6097153902.0,4.3228570414968885
6097154000.0,3.715895087068459
6097154100.0,21.75088277776311
6097154201.0,12.678214490788193
6097154202.0,1.1756087782271343
6099000101.0,1.7448007115095818
6099000102.0,1.0654755993904725
6099000201.0,0.24118070554355653
6099000202.0,0.10124190064794816
6099000203.0,0.9614530837532997
6099000303.0,0.02384809215262779
6099000402.0,2.8493041738926896
6099000403.0,0.24973002159827212
6099000404.0,0.6598495273087512
6099000501.0,72.7992727787579
6099000503.0,37.168093534017004
6099000505.0,0.257799376049916
6099000506.0,1.1322894168466522
6099000601.0,0.6758159347252221
6099000602.0,30.69357638882048
6099000801.0,0.6137508999280058
6099000803.0,41.20625644682963
6099000805.0,0.5909227261819054
6099000806.0,0.5384269258459323
6099000807.0,0.24052075833933284
6099000906.0,0.15169786417086634
6099000907.0,0.07028437724982002
6099000908.0,0.10019198464122869
6099000911.0,0.2144528437724982
6099000912.0,0.7712083033357332
6099001001.0,0.4247660187185025
6099001002.0,0.2866270698344133
6099001100.0,1.0005999520038398
6099001300.0,1.464902807775378
6099001400.0,14.689445492910103
6099001500.0,11.523837343587227
6099001601.0,0.44516438684905213
6099001603.0,0.28437724982001444
6099001700.0,20.23652332197661
6099001800.0,7.090142788576914
6099001900.0,3.607211423086153
6099002002.0,20.709901299029084
6099002004.0,1.7820074394048477
6099002005.0,0.761759059275258
6099002006.0,0.41846652267818574
6099002100.0,5.576403887688985
6099002200.0,14.918553172341726
6099002301.0,22.27303586348013
6099002302.0,17.184185839243426
6099002401.0,0.31866450683945285
6099002402.0,0.6967542596592272
6099002501.0,2.8409527237820975
6099002504.0,0.3726001919846412
6099002602.0,37.68664620065206
6099002603.0,0.6274898008159348
6099002604.0,26.209508394391396
6099002605.0,1.449154067674586
6099002701.0,2.2999160067194624
6099002702.0,2.45329373650108
6099002802.0,4.115031449864963
6099002803.0,0.6187786750458979
6099002901.0,4.561441956564657
6099002902.0,3.5006663752614076
6099003001.0,2.075139038138033
6099003002.0,52.50538945811538
6099003100.0,7.5465655095704
6099003201.0,2.3251139908807295
6099003202.0,6.713923711226255
6099003300.0,1192.7909803379935
6099003400.0,924.7490299737707
6099003500.0,1.4709623230141589
6099003603.0,60.04147422743674
6099003604.0,1.2169626306742751
6099003605.0,0.3480921526277898
6099003606.0,7.069160398038436
6099003700.0,61.44942306159022
6099003802.0,11.076323574464345
6099003803.0,0.38276937844972403
6099003804.0,10.062898573861217
6099003805.0,17.151241918599442
6099003904.0,0.41675665946724266
6099003906.0,0.40106791456683466
6099003907.0,0.30471562275018
6099004000.0,8.164710971671802
6101050101.0,1.866550830230243
6101050102.0,1.0774838012958963
6101050201.0,2.6455783537317017
6101050202.0,0.13540916726661867
6101050301.0,2.791696664266859
6101050302.0,0.13738900887928968
6101050401.0,2.1609617659158697
6101050402.0,7.333544350934684
6101050403.0,1.3431725461963042
6101050501.0,3.5348898689090094
6101050503.0,2.514566014521794
6101050504.0,4.323224751215306
6101050601.0,0.7530793349339935
6101050603.0,2.223899455695433
6101050604.0,2.979985334068732
6101050701.0,9.036992154092369
6101050702.0,10.006229830513396
6101050800.0,1.9931296752417444
6101050900.0,12.64796287949947
6101051000.0,40.397333150239064
6101051100.0,39.28202892755991
6103000100.0,16.563808071161642
6103000200.0,354.7845294083644
6103000400.0,177.79246906552896
6103000500.0,1.2747339653440752
6103000600.0,60.681560415670305
6103000700.0,60.10451900136988
6103000800.0,489.69956108700137
6103000900.0,31.401714796532755
6103001000.0,1.3491418100345076
6103001100.0,514.4419106011749
6107000201.0,0.22120230381569475
6107000202.0,0.5806035517158628
6107000301.0,71.4910066598613
6107000302.0,239.69884777619544
6107000401.0,0.44387449004079677
6107000402.0,0.5625749940004799
6107000501.0,0.30027597792176625
6107000502.0,1.5502779728360647
6107000600.0,1.9969791086663806
6107000701.0,0.8096395145531216
6107000800.0,7.177383884385035
6107000900.0,214.89246530764677
6107001003.0,45.84919042694428
6107001004.0,1.673986081113511
6107001005.0,1.3678012147096104
6107001006.0,2.7167174311878806
6107001100.0,1.1190004799616031
6107001200.0,2.642152043271678
6107001301.0,1.9168831518109095
6107001302.0,3.6199287042258295
6107001400.0,10.781888950635455
6107001501.0,0.9197456321720864
6107001502.0,1.556922777650147
6107001601.0,0.6155507559395248
6107001602.0,1.932539198998727
6107001701.0,1.417313303496202
6107001703.0,2.7865491615624225
6107001704.0,1.2108885968925442
6107001800.0,2.0777652487855707
6107001901.0,0.16159707223422126
6107001902.0,0.41300695944324456
6107002002.0,2.1029159887789164
6107002003.0,0.9109371250299976
6107002004.0,0.2267818574514039
6107002006.0,93.96982556951
6107002007.0,64.14187484869848
6107002008.0,0.5212331995377972
6107002100.0,61.47802044325781
6107002202.0,1.0670746340292776
6107002203.0,0.09899208063354932
6107002204.0,0.23977081833453326
6107002302.0,21.352955431600503
6107002303.0,27.495522095287658
6107002304.0,5.985002327181094
6107002400.0,262.5732375313095
6107002500.0,16.733062133026074
6107002601.0,4.336513522267972
6107002602.0,1.1865250779937606
6107002700.0,1.1559465357713912
6107002800.0,3.1593869057525206
6107002901.0,30.80649422709566
6107002903.0,20.767240137428306
6107002904.0,24.006517713010982
6107003001.0,0.140628749700024
6107003002.0,0.59386249100072
6107003100.0,72.9720349703715
6107003200.0,317.8427270227796
6107003300.0,14.432266012424535
6107003400.0,38.64722783518315
6107003501.0,0.150347972162227
6107003502.0,1.9647096181402368
6107003601.0,0.6804355651547876
6107003602.0,4.125374126063347
6107003700.0,2.294158979596903
6107003801.0,1.0322260885795802
6107003802.0,0.570494360451164
6107003901.0,1.2751679865610752
6107003902.0,2.505034764706508
6107004101.0,5.202666114297063
6107004102.0,16.689324728405964
6107004200.0,233.85024927381838
6107004300.0,246.90116643678905
6107004400.0,79.43060305646266
6107004500.0,31.639524884861977
6111000200.0,17.792734297457628
6111000302.0,10.389609436390137
6111000303.0,5.107647506426087
6111000304.0,6.5324148082931695
6111000400.0,2.9295022825650685
6111000500.0,5.408242389048942
6111000600.0,1.3137017444187389
6111000701.0,1.3707963914063668
6111000800.0,6.673910846300331
6111001201.0,2.0859285898616893
6111001202.0,0.6091528309919115
6111001206.0,84.38603066259351
6111001301.0,1.8115375474395548
6111001302.0,2.3955253872519973
6111001401.0,0.8231034435690684
6111001402.0,1.7014851907085529
6111001502.0,7.5193837821928815
6111001503.0,0.5951723369519601
6111001507.0,10.332241265854725
6111001601.0,0.3839977498023475
6111001602.0,2.6479892912891
6111002400.0,10.670246857262914
6111002500.0,2.900960266418971
6111002600.0,5.231840416313493
6111002700.0,0.532646467100366
6111002800.0,27.070394237645445
6111002901.0,0.4739020878329734
6111002905.0,4.297808933905977
6111003010.0,0.09719222462203024
6111003011.0,0.09539236861051116
6111003012.0,5.933964486125182
6111003013.0,0.3924286057115431
6111003100.0,9.594244929754279
6111003201.0,0.35331173506119506
6111003300.0,0.40676745860331176
6111003608.0,0.044246460283177344
6111003609.0,1.1185805135589153
6111003700.0,0.07769378449724022
6111003802.0,0.10889128869690425
6111003900.0,0.37068034557235424
6111004000.0,0.2311015118790497
6111004101.0,0.18211543076553877
6111004304.0,0.1510079193664507
6111004305.0,0.7935265178785698
6111004400.0,0.8371730261579073
6111004503.0,0.30597552195824335
6111004506.0,0.26757859371250303
6111004704.0,4.26421690451956
6111004710.0,0.8562215022798176
6111004711.0,0.44636429085673146
6111004715.0,3.4864410847132232
6111004716.0,3.8270848184362
6111004717.0,0.9163596715218447
6111004901.0,1.263828893688505
6111004902.0,34.013693775488655
6111005002.0,22.197532985374306
6111005003.0,8.310576965993787
6111005004.0,14.892584783091463
6111005100.0,5.847748496212257
6111005202.0,1.2069766307036982
6111005205.0,29.075426012005522
6111005303.0,15.926265254773051
6111005304.0,9.007190904256943
6111005305.0,21.238632319868707
6111005403.0,6.5449357452060655
6111005404.0,0.7451403887688985
6111005502.0,19.514396719307886
6111005600.0,79.72389750872476
6111005802.0,0.16147708183345333
6111005906.0,15.30951145446405
6111005907.0,3.1214919215877073
6111005908.0,6.9616931140309
6111005909.0,9.760890471126842
6111005911.0,11.842136554144087
6111006000.0,17.6405913547168
6111006100.0,42.02133295012371
6111006400.0,0.904340211951079
6111006500.0,0.3615900383141763
6111006800.0,0.11904761904761905
6111006900.0,9.404438706972408
6111007000.0,9.154333370079163
6111007100.0,22.633140092032924
6111007201.0,2.04950091020633
6111007202.0,7.397469952759554
6111007402.0,8.997419379739167
6111007508.0,1.2057390211738728
6111007510.0,1.0906776177117654
6111007514.0,0.11339092872570194
6111007611.0,0.9937604991600673
6111007612.0,1.78628527451794
6111007613.0,5.240755957914172
6111007614.0,4.352968538378999
6111007700.0,3.5884381607435283
6111007901.0,1.1173092906809383
6111007903.0,0.3583895882746458
6111007904.0,1.811646798141206
6111008002.0,0.13705903527717783
6111008101.0,0.8604442859677959
6111008201.0,3.758759690193586
6111008202.0,2.0381934289263426
6111008302.0,1.6895651645076932
6111008303.0,0.26187904967602593
6111008304.0,4.973657726976807
6111008305.0,2.56797771088001
6111008306.0,1.0945232013622819
6111008401.0,0.37820441031384155
6111008500.0,2.6974744857849795
6111008600.0,0.5538456923446125
6111008700.0,0.3924286057115431
6111008900.0,0.16765658747300216
6111009100.0,7.963102951763859
6113010101.0,4.172876169906408
6113010102.0,56.82226405494567
6113010201.0,15.080151623666495
6113010203.0,62.168622364616965
6113010204.0,11.651242065057346
6113010302.0,5.703803695704344
6113010310.0,4.32694384449244
6113010312.0,0.05219582433405328
6113010401.0,81.3667374384543
6113010501.0,8.342906455168317
6113010505.0,40.33984861490227
6113010510.0,9.411591871883966
6113010512.0,4.311349066185269
6113010602.0,9.28267847784
6113010607.0,11.806778490725668
6113010608.0,25.189676338810248
6113010703.0,3.564490570037375
6113010800.0,47.3881431080478
6113010901.0,0.5626209509150598
6113010902.0,1.4659827213822894
6113011001.0,0.5405867530597552
6113011103.0,9.379704877304397
6113011204.0,3.9452751542328723
6113011205.0,42.18677437988869
6113011206.0,444.1152119689757
6113011300.0,27.356011612557587
6113011400.0,762.9975905830106
6113011500.0,31.71587930540817
6115040100.0,1.4385649148068156
6115040200.0,0.25557955363570917
6115040302.0,1.1206065091147388
6115040400.0,0.49152604737433814
6115040500.0,0.7712427020616677
6115040600.0,0.9254162499512355
6115040700.0,4.605988813998328
6115040800.0,2.5541828945966754
6115041000.0,3.971571326018057
