Hydrogen Optimization Ititalization Test Run Log File
Run date and time: 15/03/2023 18:20:56
Run change notes: 
n*****************************************
Data Inputs:
   - Distance matrix file: truck_based_distance_matrix_3-1-23_service_stations.csv
   - Weight values file: weights_df_28-02-23.csv
   - Census type: census tract, file: tl_2019_06_tract.shp 

Data Outputs:
   - Results folder location: ../../../data/hydrogen_optimization/run_results/intiialization_test_run_15-03-2023_multiplication_2/
   - Optimization results file: hydrogen_optimization_tracts_greedy_multiplication_15-03-2023
   - Saved solution file: saved_solutions_greedy_multiplication_15-03-2023
   - Log file name: log_hydrogen_optimization_tracts_greedy_multiplication_15-03-2023

*****************************************
Data Combination Methods:
   - data combination method: multiplication
   - data scaling value: 1
   - matrix fill value: 10000000000.0
   - matrix range: [0.         0.00161987] - [1.1381327e+07 1.0000000e+10] 
   - other notes: 

*****************************************
Optimization values:
   - best min: 1
   - best max: 501
   - tolerance: 10
   - repeated iterations: 1
   - warm start values: greedy
   - max iterations: None
   - other notes: 

*****************************************
Initialization values:
   - greedy set: [498, 2693, 2356, 3488, 2442, 1382, 1024, 2347, 126, 1989, 3204, 868, 3370, 3468, 3441, 2327, 1937, 472, 1646, 3351, 509, 1342, 1285, 2791, 431, 2336, 1873, 443, 359, 1281, 2422, 1479, 2889, 162, 2299, 446, 3178, 385, 387, 1206, 3328, 3225, 2164, 1650, 2314, 2549, 1968, 3400, 480, 1238, 1414, 1359, 381, 91, 939, 3201, 3278, 465, 549, 844, 1778, 523, 438, 2901, 2737, 2348, 440, 502, 1940, 1033, 2237, 3189, 207, 2546, 380, 3308, 952, 1982, 2010, 3385, 1298, 3330, 1898, 445, 1267, 2078, 345, 2254, 3126, 538, 900, 819, 3183, 1856, 2742, 3236, 1794, 1395, 3355, 469, 208, 53, 3450, 3196, 1632, 2187, 389, 3486, 3197, 2694, 3358, 150, 2599, 1354, 1049, 500, 2739, 2281, 456, 2871, 2031, 2664, 2584, 3206, 1949, 2205, 2227, 2706, 1372, 3345, 1015, 1388, 2723, 421, 1901, 1878, 243, 1394, 481, 848, 2301, 533, 1257, 1300, 3393, 833, 3365, 1426, 499, 520, 205, 2238, 2167, 2015, 470, 1288, 1979, 3260, 2320, 1790, 1830, 1268, 1520, 2354, 468, 528, 491, 2353, 571, 677, 507, 2337, 1523, 934, 2087, 2479, 2902, 850, 2218, 3337, 2308, 1504, 3205, 1276, 1482, 3397, 2497, 2043, 378, 334, 3227, 3479, 2869, 409, 1810, 2005, 282, 2162, 1941, 3181, 839, 591, 906, 3399, 452, 863, 2531, 3352, 479, 2379, 3193, 1882, 3124, 1428, 444, 1952, 2897, 2712, 3383, 3160, 2763, 1488, 606, 2732, 1899, 2325, 514, 106, 1228, 508, 1074, 190, 179, 1289, 1420, 2285, 2682, 3215, 488, 1823, 1980, 2247, 883, 490, 2269, 1795, 1793, 1307, 903, 3446, 161, 3430, 2184, 792, 3252, 2196, 2219, 2603, 623, 2125, 2821, 3175, 461, 1988, 1062, 483, 667, 2631, 2296, 1254, 3317, 417, 1357, 477, 29, 2331, 2081, 1892, 1380, 2262, 2453, 3401, 1905, 2018, 2405, 2726, 998, 1970, 436, 504, 390, 269, 3241, 1752, 2676, 86, 439, 1826, 1578, 1046, 539, 2536, 449, 1392, 1365, 983, 1727, 299, 1249, 1540, 2716, 537, 2072, 2703, 3364, 750, 2555, 1308, 3169, 1832, 1875, 841, 1770, 851, 2291, 2349, 2293, 3475, 909, 198, 2875, 3090, 346, 1401, 3424, 513, 2672, 2264, 3221, 2604, 2154, 2170, 1258, 1413, 948, 1864, 428, 1083, 2989, 1424, 1975, 1945, 894, 3489, 578, 2776, 3134, 1279, 3411, 2550, 2174, 1229, 1938, 534, 1386, 1278, 158, 2207, 870, 3294, 2517, 1993, 2080, 2151, 2328, 492, 1209, 2309, 1936, 2358, 164, 2367, 2333, 3384, 3251, 2494, 1645, 562, 1345, 3452, 3223, 224, 1829, 825, 2230, 1358, 864, 3112, 1376, 1306, 2734, 3357, 789, 1023, 2552, 896, 1622, 2261, 3377, 2412, 40, 3464, 2289, 2214, 3266, 2720, 3061, 2595, 3307, 1927, 1490, 1148, 426, 344, 3487, 610, 69, 474, 3192, 877, 1389, 156, 2329, 943, 3321, 175, 1918, 117, 933, 1516, 1653, 1870, 2680, 1264, 1860, 914, 413, 2770, 2277, 3484, 336, 1818, 994, 1655, 3229, 2355, 2191, 1903, 811, 195, 1481, 1299, 2007, 1545, 524, 1762, 2736, 1619, 471, 3194, 1983, 2674, 2107, 3387, 829, 1879, 2137, 259, 2955, 3343, 2469, 455, 466, 2177, 1244, 2295, 2225, 2533, 985, 2637, 287, 1969, 447, 846, 1939, 1524, 2233, 650, 2029, 532]

*****************************************
Unhappiness values: 
 [[1, 83204441.20239207], [2, 41479299.612632655], [3, 30066442.331016216], [4, 23593178.80558591], [5, 19972648.992709197], [6, 17415555.645707518], [7, 15050346.425033411], [8, 12959727.960296798], [9, 11605704.15407982], [10, 10535119.184194334], [11, 9554755.235679604], [12, 8602783.081806641], [13, 8085233.602487288], [14, 8162356.85337186], [15, 7615448.919957894], [16, 7266638.55264519], [17, 6854289.426470557], [18, 6446884.421316296], [19, 6097012.613613134], [20, 5854819.250143486], [21, 5614267.25343658], [22, 5374333.239642975], [23, 5136680.502014222], [24, 4935194.65173991], [25, 4749806.795715549], [26, 4489760.342568035], [27, 4332118.151271968], [28, 4188279.802238841], [29, 4054566.140986841], [30, 3930845.144932839], [31, 3809220.189589057], [32, 3702022.4767484576], [33, 3602637.930883828], [34, 3503866.536272903], [35, 3412279.1441408102], [36, 3330191.793428301], [37, 3263885.276810239], [38, 3201357.885020265], [39, 3139499.904877285], [40, 3090191.6122526745], [41, 3036703.8463424887], [42, 2983454.0197017067], [43, 2936781.2402004506], [44, 2894982.100862922], [45, 2851818.4920941433], [46, 2808319.880268763], [47, 2770519.5217350204], [48, 2733896.425086732], [49, 2697514.405787929], [50, 2662518.7175755473], [51, 2629035.0811332045], [52, 2596874.083411458], [53, 2566252.948192852], [54, 2537396.7465761923], [55, 2508735.944445069], [56, 2481034.2736655064], [57, 2454673.102034204], [58, 2428414.5480460236], [59, 2402961.488055998], [60, 2378365.0896743243], [61, 2355550.0043600923], [62, 2333055.6858702996], [63, 2311560.492539057], [64, 2290711.516447465], [65, 2270676.0872948393], [66, 2251365.4496471123], [67, 2232225.549958115], [68, 2213361.710271054], [69, 2195789.221208268], [70, 2183894.0876864265], [71, 2168807.941577797], [72, 2154145.6180728674], [73, 2139662.1295021707], [74, 2125510.5490164785], [75, 2111508.6401263345], [76, 2097752.5776003054], [77, 2084082.4035129854], [78, 2071062.0116053466], [79, 2058485.6132725324], [80, 2045972.0216028793], [81, 2033767.3833302115], [82, 2021660.878332932], [83, 2009570.4720438905], [84, 1997481.4543619247], [85, 1985598.4389332642], [86, 1973768.1473594035], [87, 1961971.879176451], [88, 1950721.2602445104], [89, 1939760.4838758418], [90, 1928905.7437555676], [91, 1918056.6501350524], [92, 1907531.7606638009], [93, 1897140.6701378159], [94, 1887827.8557351043], [95, 1877708.30176104], [96, 1867842.7682282755], [97, 1858168.809605634], [98, 1848588.5009427785], [99, 1839105.84406264], [100, 1829852.3450515105], [101, 1820611.5107348987], [102, 1811458.7415922554], [103, 1802576.6961412819], [104, 1794260.8498158609], [105, 1787771.3419785479], [106, 1780291.0214908177], [107, 1772830.498543959], [108, 1765790.5980282105], [109, 1758796.487761657], [110, 1751839.3217338456], [111, 1745165.250548136], [112, 1738665.18740964], [113, 1732265.6176534432], [114, 1725888.7317712887], [115, 1720038.9242786532], [116, 1713889.8797123013], [117, 1707745.1344507763], [118, 1701930.9185150408], [119, 1696131.713411328], [120, 1690444.3242248106], [121, 1684876.6607584879], [122, 1679351.1271577228], [123, 1674162.784599412], [124, 1668992.4847841668], [125, 1663901.415297981], [126, 1658853.467246998], [127, 1653877.9568273197], [128, 1649232.8865019393], [129, 1644608.769427286], [130, 1640041.6409619881], [131, 1635521.733758491], [132, 1631126.93045054], [133, 1626825.5304631724], [134, 1622536.7257550638], [135, 1618285.0573321374], [136, 1614079.8432913667], [137, 1609886.8770598355], [138, 1605708.6300398759], [139, 1601567.4728015102], [140, 1597466.4933699009], [141, 1569656.543587217], [142, 1565966.8824511485], [143, 1562334.7918142502], [144, 1558723.7593981149], [145, 1555118.7699144916], [146, 1551616.6586053728], [147, 1548171.7559296857], [148, 1544738.233529976], [149, 1541360.8672554945], [150, 1538004.0563440511], [151, 1534681.6597866698], [152, 1531408.913816721], [153, 1528171.5983848635], [154, 1524937.569981655], [155, 1521751.5492092506], [156, 1246567.8845636088], [157, 1243477.5456133997], [158, 1240610.860243553], [159, 1237752.1502627141], [160, 1234919.011010881], [161, 1232102.44177426], [162, 1229317.3039125868], [163, 1226534.2841372557], [164, 1223823.6371636793], [165, 1221129.117331323], [166, 1218515.5837144158], [167, 1215911.0446088102], [168, 1213332.1757108688], [169, 1210772.372940786], [170, 1208228.1054028252], [171, 1205786.2159936468], [172, 1203382.3962005947], [173, 1201046.5751549746], [174, 1198765.9651741053], [175, 1196550.3622699182], [176, 1194344.5137323933], [177, 1192191.6723419593], [178, 1190060.3926885058], [179, 1187930.7814187717], [180, 1185808.9432225546], [181, 1183687.924054591], [182, 1136959.4434614934], [183, 1134862.074940429], [184, 1132765.4029065608], [185, 1131027.3244160833], [186, 1128942.499146315], [187, 1126861.2477363674], [188, 1124788.9282716725], [189, 1122766.3556537274], [190, 1120785.790810685], [191, 1118816.1390798327], [192, 1116871.584934618], [193, 1114953.8790718184], [194, 1113037.679927304], [195, 1111135.1818174494], [196, 1109257.254314021], [197, 1107380.0209377785], [198, 1105517.147267022], [199, 1103659.6282119919], [200, 1101818.859363983], [201, 1100033.4091798067], [202, 1098266.5243430766], [203, 1096609.247779179], [204, 1094972.296034262], [205, 1093353.6096899721], [206, 1091748.4849464083], [207, 1090149.419174792], [208, 1088552.8887924543], [209, 1107781.9791680512], [210, 1106191.6710994588], [211, 1104602.0203493305], [212, 1103025.6514016073], [213, 1101457.577857993], [214, 1099913.2039822978], [215, 1098391.2327533832], [216, 1096889.7777566218], [217, 1095345.7155060915], [218, 1093870.199347947], [219, 1092402.6899074975], [220, 1090948.821713759], [221, 1089504.8008011002], [222, 1088068.8300396896], [223, 1086636.6546617413], [224, 1085219.0270958024], [225, 1084969.1199196288], [226, 1083552.2036000267], [227, 1082140.0749495365], [228, 1080733.8262583632], [229, 1079340.9687610583], [230, 1077971.701685784], [231, 1076662.8349542674], [232, 1075310.005661621], [233, 1053096.7644937688], [234, 1051757.7833422704], [235, 1050437.383712556], [236, 1049125.1712311218], [237, 1047816.8032012677], [238, 1046529.4156748856], [239, 1045253.7447083096], [240, 1043982.4581770379], [241, 1042714.4833537237], [242, 1041455.8579043199], [243, 1040202.5313304353], [244, 1038955.687382629], [245, 1037740.7818211693], [246, 1036443.1153833851], [247, 1035238.5135427467], [248, 1034062.1376425409], [249, 1032901.872189946], [250, 1031751.5893235991], [251, 1030618.2199458841], [252, 1029491.5916332133], [253, 1028367.4752023125], [254, 1027274.1516190724], [255, 1026185.152458324], [256, 1025103.087201772], [257, 1024039.1671481954], [258, 1022980.1324053181], [259, 1021925.850626836], [260, 1020875.6680906054], [261, 1019864.4626494615], [262, 1018854.5464136268], [263, 1017857.9539924088], [264, 1016989.2443687301], [265, 1016193.839652076], [266, 1015225.9109098385], [267, 1014273.2134337197], [268, 1013336.2412715182], [269, 1012423.8197302505], [270, 1011514.2908585216], [271, 1010606.1458826136], [272, 1009702.0051730471], [273, 1008803.4080768361], [274, 1007906.2948194501], [275, 1007048.4835707664], [276, 1006193.9550106532], [277, 1005340.9868744608], [278, 1004561.1739458743], [279, 1003734.3214205506], [280, 1002913.5771876882], [281, 1002102.1831702454], [282, 1001294.5970307968], [283, 1000488.1240676699], [284, 999691.0117137885], [285, 998898.26109672], [286, 998112.8164905182], [287, 997329.4511124854], [288, 996551.007971406], [289, 995778.2528119632], [290, 995012.5925848072], [291, 994250.0239492808], [292, 993489.2306349544], [293, 992737.3137237584], [294, 992022.904942464], [295, 991272.690617327], [296, 990527.9306877877], [297, 989788.695226511], [298, 989050.143959605], [299, 988336.7488609712], [300, 987749.9595790188], [301, 987042.1366213463], [302, 986346.5354630216], [303, 985652.933767799], [304, 984960.0261188718], [305, 984277.8334205888], [306, 983596.3560618568], [307, 982976.8688019807], [308, 982308.9266755427], [309, 981649.1325495857], [310, 1001965.8608622984], [311, 1001319.4088183609], [312, 1000687.9391242113], [313, 1000058.1067118318], [314, 999430.5526493777], [315, 998804.3288615354], [316, 998178.2809776609], [317, 997552.6688694747], [318, 996937.1742722059], [319, 996321.9180516108], [320, 995710.2215051472], [321, 995099.4643594751], [322, 994495.5480032031], [323, 993893.598587021], [324, 993293.4024144764], [325, 992694.6554158268], [326, 992098.096646926], [327, 991502.4928823034], [328, 990910.7826017868], [329, 990322.7686355904], [330, 989739.1174609701], [331, 989158.5583890394], [332, 988581.957310475], [333, 988013.1299807662], [334, 987451.5062345685], [335, 986890.7680782009], [336, 986330.0718334828], [337, 985774.8035950562], [338, 985220.0569406335], [339, 984667.0305402123], [340, 984115.076452568], [341, 983571.9025124279], [342, 983030.6289795339], [343, 982490.4251436283], [344, 981951.0829635345], [345, 981419.8080861843], [346, 980895.3573055826], [347, 980376.4419628385], [348, 979908.5436108662], [349, 979409.3321884008], [350, 978923.3892401496], [351, 978437.9868500226], [352, 977940.0691100353], [353, 977459.9648532163], [354, 976984.2266636352], [355, 976509.2510600216], [356, 976034.4862239431], [357, 975561.1748012212], [358, 975091.6700938686], [359, 974623.9930639542], [360, 974156.5844566129], [361, 973693.9489495583], [362, 973235.5688052645], [363, 972777.5303074829], [364, 972321.0752504877], [365, 971866.4498960368], [366, 971416.1190485542], [367, 970969.1731491479], [368, 970522.7094152379], [369, 970079.0628250722], [370, 969637.3253649181], [371, 969196.1512385558], [372, 968755.5558897557], [373, 968318.2002144923], [374, 967880.9694768484], [375, 967444.9259869038], [376, 967009.9743891233], [377, 966577.1792668997], [378, 966150.0547768897], [379, 965723.8915777679], [380, 965299.6126665437], [381, 964877.4101375216], [382, 964458.4183520032], [383, 964039.8602692852], [384, 963621.3850465989], [385, 963203.2222750032], [386, 962786.8385118293], [387, 962374.324726869], [388, 961965.3780024163], [389, 961559.2170916332], [390, 961156.7653293364], [391, 960754.9665722105], [392, 960354.3795249902], [393, 959954.883441024], [394, 959561.8396098493], [395, 959169.9462184965], [396, 958779.8898852745], [397, 958393.7041424126], [398, 958008.4257600106], [399, 957623.5928743461], [400, 957242.2420085927], [401, 956865.3885166948], [402, 956488.5679391364], [403, 956121.4451962135], [404, 955747.6178829366], [405, 955380.4566652849], [406, 955016.1896549986], [407, 954656.1416122676], [408, 954298.7160585327], [409, 953942.7273235568], [410, 953587.1396172845], [411, 953231.6254305601], [412, 952876.4105734078], [413, 952523.9827294737], [414, 952174.844075576], [415, 951826.8311275075], [416, 951480.2425500447], [417, 951134.7621389183], [418, 950790.8777855664], [419, 950451.1773372878], [420, 950114.1010224638], [421, 949779.0894751137], [422, 949445.4148445466], [423, 949112.9749991087], [424, 948782.7710680158], [425, 948454.4989286651], [426, 948130.8637250075], [427, 947809.2503514047], [428, 947488.6767908379], [429, 947168.9662894219], [430, 946851.021554475], [431, 946534.8984614263], [432, 946221.3000138605], [433, 945910.243535106], [434, 945600.6586178183], [435, 945292.272860121], [436, 924025.4519969376], [437, 923723.2226036951], [438, 923423.8712753869], [439, 923128.5557070517], [440, 922835.4301576756], [441, 922542.3133305921], [442, 922249.3847133634], [443, 921959.0240268796], [444, 921670.5544127851], [445, 921382.6252661971], [446, 921095.1409288567], [447, 920812.6200232983], [448, 920530.4114166115], [449, 920250.6760175115], [450, 919972.0833781705], [451, 919693.5552036974], [452, 919417.1747443129], [453, 919141.2938583824], [454, 918865.9116242686], [455, 918591.9335796279], [456, 918318.5557356649], [457, 918045.700056246], [458, 917774.2506493577], [459, 917502.9443361968], [460, 917234.6097494507], [461, 916966.611495881], [462, 916698.7677557255], [463, 916432.5562389167], [464, 916166.8857663183], [465, 915901.6904459043], [466, 915636.9285417534], [467, 915372.4417291523], [468, 915109.3346489988], [469, 914846.4686234755], [470, 914585.161755259], [471, 914326.816899768], [472, 914071.4977361468], [473, 913816.4572998086], [474, 913562.3862482888], [475, 913312.3962937528], [476, 913062.9231519641], [477, 912813.4702599903], [478, 912564.038649375], [479, 912316.767387415], [480, 912069.9103537888], [481, 911823.5067115645], [482, 911580.0751557099], [483, 911340.0021827412], [484, 911104.8214579201], [485, 910872.2715011179], [486, 910639.7745541778], [487, 910407.4681581476], [488, 910175.1777312927], [489, 909943.0891200948], [490, 909713.6867336844], [491, 909487.4316597618], [492, 909262.762552887], [493, 909039.8641850989], [494, 908819.1894724307], [495, 908599.3676095947], [496, 908380.3330215816], [497, 908161.5787062786], [498, 907942.873468175], [499, 907725.9748255351], [500, 907509.6210832668]]

*****************************************
Run output:

solved select: 1 in 1.53 seconds
iteration: 0, n requested: 1, n selected: 1, selected: [480]

solved select: 2 in 3.92 seconds
iteration: 0, n requested: 2, n selected: 2, selected: [2356, 3329]

solved select: 3 in 5.72 seconds
iteration: 0, n requested: 3, n selected: 3, selected: [498, 3329, 2356]

solved select: 4 in 8.29 seconds
iteration: 0, n requested: 4, n selected: 4, selected: [498, 2693, 2356, 3488]

solved select: 5 in 11.12 seconds
iteration: 0, n requested: 5, n selected: 5, selected: [498, 2693, 2356, 3488, 2442]

solved select: 6 in 15.04 seconds
iteration: 0, n requested: 6, n selected: 6, selected: [498, 2693, 2356, 3488, 2442, 1382]

solved select: 7 in 18.53 seconds
iteration: 0, n requested: 7, n selected: 7, selected: [498, 162, 2356, 3488, 2442, 1382, 1023]

solved select: 8 in 24.47 seconds
iteration: 0, n requested: 8, n selected: 8, selected: [498, 162, 2356, 3168, 2442, 1382, 1024, 3468]

solved select: 9 in 31.08 seconds
iteration: 0, n requested: 9, n selected: 9, selected: [498, 3468, 2356, 3168, 2442, 1382, 1024, 2347, 162]

solved select: 10 in 38.23 seconds
iteration: 0, n requested: 10, n selected: 10, selected: [498, 3468, 2356, 3168, 2442, 1382, 1024, 2347, 162, 1989]

solved select: 11 in 46.73 seconds
iteration: 0, n requested: 11, n selected: 11, selected: [498, 3392, 2356, 3468, 2442, 1382, 1024, 2347, 162, 1989, 3168]

solved select: 12 in 60.42 seconds
iteration: 0, n requested: 12, n selected: 12, selected: [498, 344, 2356, 3468, 2422, 1382, 1024, 2347, 162, 1977, 3204, 868]

solved select: 13 in 71.11 seconds
iteration: 0, n requested: 13, n selected: 13, selected: [498, 2720, 2356, 3468, 2422, 1382, 1024, 2347, 126, 1977, 3204, 868, 3392]

solved select: 14 in 74.53 seconds
iteration: 0, n requested: 14, n selected: 14, selected: [498, 2693, 2356, 1094, 2442, 1382, 1024, 2347, 126, 1989, 3204, 868, 3370, 3468]

solved select: 15 in 78.22 seconds
iteration: 0, n requested: 15, n selected: 15, selected: [498, 2693, 2356, 1094, 2442, 1382, 1024, 2347, 126, 1989, 3204, 868, 3370, 3468, 3441]

solved select: 16 in 83.11 seconds
iteration: 0, n requested: 16, n selected: 16, selected: [498, 2693, 2356, 3488, 2442, 1382, 1024, 2347, 126, 1989, 3204, 868, 3370, 3468, 3441, 1094]

solved select: 17 in 86.90 seconds
iteration: 0, n requested: 17, n selected: 17, selected: [498, 2693, 2356, 3488, 2442, 1382, 1024, 2347, 126, 1989, 3204, 868, 3370, 3468, 3441, 1094, 1937]

solved select: 18 in 90.76 seconds
iteration: 0, n requested: 18, n selected: 18, selected: [498, 2693, 2356, 3488, 2442, 1382, 1024, 2347, 126, 1989, 3204, 868, 3370, 3468, 3441, 1094, 1937, 472]

solved select: 19 in 95.03 seconds
iteration: 0, n requested: 19, n selected: 19, selected: [498, 2693, 2356, 3488, 2442, 1382, 1024, 2347, 126, 1989, 3204, 868, 3370, 3468, 3441, 1094, 1937, 472, 1646]

solved select: 20 in 99.58 seconds
iteration: 0, n requested: 20, n selected: 20, selected: [498, 2693, 2356, 3488, 2442, 1382, 1024, 2347, 126, 1989, 3204, 868, 3370, 3468, 3441, 1094, 1937, 472, 1646, 3351]

solved select: 21 in 105.30 seconds
iteration: 0, n requested: 21, n selected: 21, selected: [498, 2693, 2356, 3488, 2442, 1382, 1024, 2347, 126, 1989, 3204, 868, 3370, 3468, 3441, 1094, 1937, 472, 1646, 3351, 509]

solved select: 22 in 109.64 seconds
iteration: 0, n requested: 22, n selected: 22, selected: [498, 2693, 2356, 3488, 2442, 1382, 1024, 2347, 126, 1989, 3204, 868, 3370, 3468, 3441, 1094, 1937, 472, 1646, 3351, 509, 1342]

solved select: 23 in 114.13 seconds
iteration: 0, n requested: 23, n selected: 23, selected: [498, 2693, 2356, 3488, 2442, 1382, 1024, 2347, 126, 1989, 3204, 868, 3370, 3468, 3441, 1094, 1937, 472, 1646, 3351, 509, 1342, 1285]

solved select: 24 in 119.06 seconds
iteration: 0, n requested: 24, n selected: 24, selected: [498, 2693, 2356, 3488, 2442, 1382, 1024, 2347, 126, 1989, 3204, 868, 3370, 3468, 3441, 1094, 1937, 472, 1646, 3351, 509, 1342, 1285, 2791]

solved select: 25 in 124.15 seconds
iteration: 0, n requested: 25, n selected: 25, selected: [498, 2693, 2356, 3488, 2442, 1382, 1024, 2347, 126, 1989, 3204, 868, 3370, 3468, 3441, 1094, 1937, 472, 1646, 3351, 509, 1342, 1285, 2791, 431]

solved select: 26 in 130.30 seconds
iteration: 0, n requested: 26, n selected: 26, selected: [498, 2693, 2356, 3488, 2442, 1382, 1024, 2347, 126, 1989, 3204, 868, 3370, 3468, 3441, 1094, 1937, 472, 1646, 3351, 509, 1342, 1285, 2791, 431, 2336]

solved select: 27 in 135.64 seconds
iteration: 0, n requested: 27, n selected: 27, selected: [498, 2693, 2356, 3488, 2442, 1382, 1024, 2347, 126, 1989, 3204, 868, 3370, 3468, 3441, 1094, 1937, 472, 1646, 3351, 509, 1342, 1285, 2791, 431, 2336, 1873]

solved select: 28 in 141.02 seconds
iteration: 0, n requested: 28, n selected: 28, selected: [498, 2693, 2356, 3488, 2442, 1382, 1024, 2347, 126, 1989, 3204, 868, 3370, 3468, 3441, 1094, 1937, 472, 1646, 3351, 509, 1342, 1285, 2791, 431, 2336, 1873, 443]

solved select: 29 in 146.29 seconds
iteration: 0, n requested: 29, n selected: 29, selected: [498, 2693, 2356, 3488, 2442, 1382, 1024, 2347, 126, 1989, 3204, 868, 3370, 3468, 3441, 1094, 1937, 472, 1646, 3351, 509, 1342, 1285, 2791, 431, 2336, 1873, 443, 359]

solved select: 30 in 152.02 seconds
iteration: 0, n requested: 30, n selected: 30, selected: [498, 2693, 2356, 3488, 2442, 1382, 1024, 2347, 126, 1989, 3204, 868, 3370, 3468, 3441, 1094, 1937, 472, 1646, 3351, 509, 1342, 1285, 2791, 431, 2336, 1873, 443, 359, 1281]

solved select: 31 in 159.14 seconds
iteration: 0, n requested: 31, n selected: 31, selected: [498, 2693, 2356, 3488, 2442, 1382, 1024, 2347, 126, 1989, 3204, 868, 3370, 3468, 3441, 1094, 1937, 472, 1646, 3351, 509, 1342, 1285, 2791, 431, 2336, 1873, 443, 359, 1281, 2422]

solved select: 32 in 165.30 seconds
iteration: 0, n requested: 32, n selected: 32, selected: [498, 2693, 2356, 3488, 2442, 1382, 1024, 2347, 126, 1989, 3204, 868, 3370, 3468, 3441, 1094, 1937, 472, 1646, 3351, 509, 1342, 1285, 2791, 431, 2336, 1873, 443, 359, 1281, 2422, 1479]

solved select: 33 in 171.34 seconds
iteration: 0, n requested: 33, n selected: 33, selected: [498, 2693, 2356, 3488, 2442, 1382, 1024, 2347, 126, 1989, 3204, 868, 3370, 3468, 3441, 1094, 1937, 472, 1646, 3351, 509, 1342, 1285, 2791, 431, 2336, 1873, 443, 359, 1281, 2422, 1479, 2889]

solved select: 34 in 177.67 seconds
iteration: 0, n requested: 34, n selected: 34, selected: [498, 2693, 2356, 3488, 2442, 1382, 1024, 2347, 126, 1989, 3204, 868, 3370, 3468, 3441, 1094, 1937, 472, 1646, 3351, 509, 1342, 1285, 2791, 431, 2336, 1873, 443, 359, 1281, 2422, 1479, 2889, 162]

solved select: 35 in 184.08 seconds
iteration: 0, n requested: 35, n selected: 35, selected: [498, 2693, 2356, 3488, 2442, 1382, 1024, 2347, 126, 1989, 3204, 868, 3370, 3468, 3441, 1094, 1937, 472, 1646, 3351, 509, 1342, 1285, 2791, 431, 2336, 1873, 443, 359, 1281, 2422, 1479, 2889, 162, 2299]

solved select: 36 in 191.49 seconds
iteration: 0, n requested: 36, n selected: 36, selected: [498, 2693, 2356, 3488, 2442, 1382, 1024, 2347, 126, 1989, 3204, 868, 3370, 3468, 3441, 1094, 1937, 472, 1646, 3351, 509, 1342, 1285, 2791, 431, 2336, 1873, 443, 359, 1281, 2422, 1479, 2889, 162, 2299, 446]

solved select: 37 in 198.32 seconds
iteration: 0, n requested: 37, n selected: 37, selected: [498, 2693, 2356, 3488, 2442, 1382, 1024, 2347, 126, 1989, 3204, 868, 3370, 3468, 3441, 1094, 1937, 472, 1646, 3351, 509, 1342, 1285, 2791, 431, 2336, 1873, 443, 359, 1281, 2422, 1479, 2889, 162, 2299, 446, 3178]

solved select: 38 in 205.14 seconds
iteration: 0, n requested: 38, n selected: 38, selected: [498, 2693, 2356, 3488, 2442, 1382, 1024, 2347, 126, 1989, 3204, 868, 3370, 3468, 3441, 1094, 1937, 472, 1646, 3351, 509, 1342, 1285, 2791, 431, 2336, 1873, 443, 359, 1281, 2422, 1479, 2889, 162, 2299, 446, 3178, 385]

solved select: 39 in 211.79 seconds
iteration: 0, n requested: 39, n selected: 39, selected: [498, 2693, 2356, 3488, 2442, 1382, 1024, 2347, 126, 1989, 3204, 868, 3370, 3468, 3441, 1094, 1937, 472, 1646, 3351, 509, 1342, 1285, 2791, 431, 2336, 1873, 443, 359, 1281, 2422, 1479, 2889, 162, 2299, 446, 3178, 385, 387]

solved select: 40 in 219.17 seconds
iteration: 0, n requested: 40, n selected: 40, selected: [498, 2693, 2356, 3488, 2442, 1382, 1024, 2347, 126, 1989, 3204, 868, 3370, 3468, 3441, 1094, 1937, 472, 1646, 3351, 509, 1342, 1285, 2791, 431, 2336, 1873, 443, 359, 1281, 2422, 1479, 2889, 162, 2299, 446, 3178, 385, 387, 1206]

solved select: 41 in 227.07 seconds
iteration: 0, n requested: 41, n selected: 41, selected: [498, 2693, 2356, 3488, 2442, 1382, 1024, 2347, 126, 1989, 3204, 868, 3370, 3468, 3441, 1094, 1937, 472, 1646, 3351, 509, 1342, 1285, 2791, 431, 2336, 1873, 443, 359, 1281, 2422, 1479, 2889, 162, 2299, 446, 3178, 385, 387, 1206, 3328]

solved select: 42 in 234.41 seconds
iteration: 0, n requested: 42, n selected: 42, selected: [498, 2693, 2356, 3488, 2442, 1382, 1024, 2347, 126, 1989, 3204, 868, 3370, 3468, 3441, 1094, 1937, 472, 1646, 3351, 509, 1342, 1285, 2791, 431, 2336, 1873, 443, 359, 1281, 2422, 1479, 2889, 162, 2299, 446, 3178, 385, 387, 1206, 3328, 3225]

solved select: 43 in 242.03 seconds
iteration: 0, n requested: 43, n selected: 43, selected: [498, 2693, 2356, 3488, 2442, 1382, 1024, 2347, 126, 1989, 3204, 868, 3370, 3468, 3441, 1094, 1937, 472, 1646, 3351, 509, 1342, 1285, 2791, 431, 2336, 1873, 443, 359, 1281, 2422, 1479, 2889, 162, 2299, 446, 3178, 385, 387, 1206, 3328, 3225, 2164]

solved select: 44 in 249.41 seconds
iteration: 0, n requested: 44, n selected: 44, selected: [498, 2693, 2356, 3488, 2442, 1382, 1024, 2347, 126, 1989, 3204, 868, 3370, 3468, 3441, 1094, 1937, 472, 1646, 3351, 509, 1342, 1285, 2791, 431, 2336, 1873, 443, 359, 1281, 2422, 1479, 2889, 162, 2299, 446, 3178, 385, 387, 1206, 3328, 3225, 2164, 1650]

solved select: 45 in 257.04 seconds
iteration: 0, n requested: 45, n selected: 45, selected: [498, 2693, 2356, 3488, 2442, 1382, 1024, 2347, 126, 1989, 3204, 868, 3370, 3468, 3441, 1094, 1937, 472, 1646, 3351, 509, 1342, 1285, 2791, 431, 2336, 1873, 443, 359, 1281, 2422, 1479, 2889, 162, 2299, 446, 3178, 385, 387, 1206, 3328, 3225, 2164, 1650, 2314]

solved select: 46 in 265.92 seconds
iteration: 0, n requested: 46, n selected: 46, selected: [498, 2693, 2356, 3488, 2442, 1382, 1024, 2347, 126, 1989, 3204, 868, 3370, 3468, 3441, 1094, 1937, 472, 1646, 3351, 509, 1342, 1285, 2791, 431, 2336, 1873, 443, 359, 1281, 2422, 1479, 2889, 162, 2299, 446, 3178, 385, 387, 1206, 3328, 3225, 2164, 1650, 2314, 2549]

solved select: 47 in 273.97 seconds
iteration: 0, n requested: 47, n selected: 47, selected: [498, 2693, 2356, 3488, 2442, 1382, 1024, 2347, 126, 1989, 3204, 868, 3370, 3468, 3441, 1094, 1937, 472, 1646, 3351, 509, 1342, 1285, 2791, 431, 2336, 1873, 443, 359, 1281, 2422, 1479, 2889, 162, 2299, 446, 3178, 385, 387, 1206, 3328, 3225, 2164, 1650, 2314, 2549, 1968]

solved select: 48 in 282.19 seconds
iteration: 0, n requested: 48, n selected: 48, selected: [498, 2693, 2356, 3488, 2442, 1382, 1024, 2347, 126, 1989, 3204, 868, 3370, 3468, 3441, 1094, 1937, 472, 1646, 3351, 509, 1342, 1285, 2791, 431, 2336, 1873, 443, 359, 1281, 2422, 1479, 2889, 162, 2299, 446, 3178, 385, 387, 1206, 3328, 3225, 2164, 1650, 2314, 2549, 1968, 3400]

solved select: 49 in 290.74 seconds
iteration: 0, n requested: 49, n selected: 49, selected: [498, 2693, 2356, 3488, 2442, 1382, 1024, 2347, 126, 1989, 3204, 868, 3370, 3468, 3441, 1094, 1937, 472, 1646, 3351, 509, 1342, 1285, 2791, 431, 2336, 1873, 443, 359, 1281, 2422, 1479, 2889, 162, 2299, 446, 3178, 385, 387, 1206, 3328, 3225, 2164, 1650, 2314, 2549, 1968, 3400, 480]

solved select: 50 in 299.44 seconds
iteration: 0, n requested: 50, n selected: 50, selected: [498, 2693, 2356, 3488, 2442, 1382, 1024, 2347, 126, 1989, 3204, 868, 3370, 3468, 3441, 1094, 1937, 472, 1646, 3351, 509, 1342, 1285, 2791, 431, 2336, 1873, 443, 359, 1281, 2422, 1479, 2889, 162, 2299, 446, 3178, 385, 387, 1206, 3328, 3225, 2164, 1650, 2314, 2549, 1968, 3400, 480, 1238]

solved select: 51 in 308.92 seconds
iteration: 0, n requested: 51, n selected: 51, selected: [498, 2693, 2356, 3488, 2442, 1382, 1024, 2347, 126, 1989, 3204, 868, 3370, 3468, 3441, 1094, 1937, 472, 1646, 3351, 509, 1342, 1285, 2791, 431, 2336, 1873, 443, 359, 1281, 2422, 1479, 2889, 162, 2299, 446, 3178, 385, 387, 1206, 3328, 3225, 2164, 1650, 2314, 2549, 1968, 3400, 480, 1238, 1414]

solved select: 52 in 317.78 seconds
iteration: 0, n requested: 52, n selected: 52, selected: [498, 2693, 2356, 3488, 2442, 1382, 1024, 2347, 126, 1989, 3204, 868, 3370, 3468, 3441, 1094, 1937, 472, 1646, 3351, 509, 1342, 1285, 2791, 431, 2336, 1873, 443, 359, 1281, 2422, 1479, 2889, 162, 2299, 446, 3178, 385, 387, 1206, 3328, 3225, 2164, 1650, 2314, 2549, 1968, 3400, 480, 1238, 1414, 1359]

solved select: 53 in 327.04 seconds
iteration: 0, n requested: 53, n selected: 53, selected: [498, 2693, 2356, 3488, 2442, 1382, 1024, 2347, 126, 1989, 3204, 868, 3370, 3468, 3441, 1094, 1937, 472, 1646, 3351, 509, 1342, 1285, 2791, 431, 2336, 1873, 443, 359, 1281, 2422, 1479, 2889, 162, 2299, 446, 3178, 385, 387, 1206, 3328, 3225, 2164, 1650, 2314, 2549, 1968, 3400, 480, 1238, 1414, 1359, 381]

solved select: 54 in 336.21 seconds
iteration: 0, n requested: 54, n selected: 54, selected: [498, 2693, 2356, 3488, 2442, 1382, 1024, 2347, 126, 1989, 3204, 868, 3370, 3468, 3441, 1094, 1937, 472, 1646, 3351, 509, 1342, 1285, 2791, 431, 2336, 1873, 443, 359, 1281, 2422, 1479, 2889, 162, 2299, 446, 3178, 385, 387, 1206, 3328, 3225, 2164, 1650, 2314, 2549, 1968, 3400, 480, 1238, 1414, 1359, 381, 91]

solved select: 55 in 345.52 seconds
iteration: 0, n requested: 55, n selected: 55, selected: [498, 2693, 2356, 3488, 2442, 1382, 1024, 2347, 126, 1989, 3204, 868, 3370, 3468, 3441, 1094, 1937, 472, 1646, 3351, 509, 1342, 1285, 2791, 431, 2336, 1873, 443, 359, 1281, 2422, 1479, 2889, 162, 2299, 446, 3178, 385, 387, 1206, 3328, 3225, 2164, 1650, 2314, 2549, 1968, 3400, 480, 1238, 1414, 1359, 381, 91, 939]

solved select: 56 in 355.70 seconds
iteration: 0, n requested: 56, n selected: 56, selected: [498, 2693, 2356, 3488, 2442, 1382, 1024, 2347, 126, 1989, 3204, 868, 3370, 3468, 3441, 1094, 1937, 472, 1646, 3351, 509, 1342, 1285, 2791, 431, 2336, 1873, 443, 359, 1281, 2422, 1479, 2889, 162, 2299, 446, 3178, 385, 387, 1206, 3328, 3225, 2164, 1650, 2314, 2549, 1968, 3400, 480, 1238, 1414, 1359, 381, 91, 939, 3201]

solved select: 57 in 365.28 seconds
iteration: 0, n requested: 57, n selected: 57, selected: [498, 2693, 2356, 3488, 2442, 1382, 1024, 2347, 126, 1989, 3204, 868, 3370, 3468, 3441, 1094, 1937, 472, 1646, 3351, 509, 1342, 1285, 2791, 431, 2336, 1873, 443, 359, 1281, 2422, 1479, 2889, 162, 2299, 446, 3178, 385, 387, 1206, 3328, 3225, 2164, 1650, 2314, 2549, 1968, 3400, 480, 1238, 1414, 1359, 381, 91, 939, 3201, 3278]

solved select: 58 in 374.63 seconds
iteration: 0, n requested: 58, n selected: 58, selected: [498, 2693, 2356, 3488, 2442, 1382, 1024, 2347, 126, 1989, 3204, 868, 3370, 3468, 3441, 1094, 1937, 472, 1646, 3351, 509, 1342, 1285, 2791, 431, 2336, 1873, 443, 359, 1281, 2422, 1479, 2889, 162, 2299, 446, 3178, 385, 387, 1206, 3328, 3225, 2164, 1650, 2314, 2549, 1968, 3400, 480, 1238, 1414, 1359, 381, 91, 939, 3201, 3278, 465]

solved select: 59 in 384.50 seconds
iteration: 0, n requested: 59, n selected: 59, selected: [498, 2693, 2356, 3488, 2442, 1382, 1024, 2347, 126, 1989, 3204, 868, 3370, 3468, 3441, 1094, 1937, 472, 1646, 3351, 509, 1342, 1285, 2791, 431, 2336, 1873, 443, 359, 1281, 2422, 1479, 2889, 162, 2299, 446, 3178, 385, 387, 1206, 3328, 3225, 2164, 1650, 2314, 2549, 1968, 3400, 480, 1238, 1414, 1359, 381, 91, 939, 3201, 3278, 465, 549]

solved select: 60 in 394.33 seconds
iteration: 0, n requested: 60, n selected: 60, selected: [498, 2693, 2356, 3488, 2442, 1382, 1024, 2347, 126, 1989, 3204, 868, 3370, 3468, 3441, 1094, 1937, 472, 1646, 3351, 509, 1342, 1285, 2791, 431, 2336, 1873, 443, 359, 1281, 2422, 1479, 2889, 162, 2299, 446, 3178, 385, 387, 1206, 3328, 3225, 2164, 1650, 2314, 2549, 1968, 3400, 480, 1238, 1414, 1359, 381, 91, 939, 3201, 3278, 465, 549, 844]

solved select: 61 in 405.21 seconds
iteration: 0, n requested: 61, n selected: 61, selected: [498, 2693, 2356, 3488, 2442, 1382, 1024, 2347, 126, 1989, 3204, 868, 3370, 3468, 3441, 1094, 1937, 472, 1646, 3351, 509, 1342, 1285, 2791, 431, 2336, 1873, 443, 359, 1281, 2422, 1479, 2889, 162, 2299, 446, 3178, 385, 387, 1206, 3328, 3225, 2164, 1650, 2314, 2549, 1968, 3400, 480, 1238, 1414, 1359, 381, 91, 939, 3201, 3278, 465, 549, 844, 1778]

solved select: 62 in 415.71 seconds
iteration: 0, n requested: 62, n selected: 62, selected: [498, 2693, 2356, 3488, 2442, 1382, 1024, 2347, 126, 1989, 3204, 868, 3370, 3468, 3441, 1094, 1937, 472, 1646, 3351, 509, 1342, 1285, 2791, 431, 2336, 1873, 443, 359, 1281, 2422, 1479, 2889, 162, 2299, 446, 3178, 385, 387, 1206, 3328, 3225, 2164, 1650, 2314, 2549, 1968, 3400, 480, 1238, 1414, 1359, 381, 91, 939, 3201, 3278, 465, 549, 844, 1778, 523]

solved select: 63 in 426.14 seconds
iteration: 0, n requested: 63, n selected: 63, selected: [498, 2693, 2356, 3488, 2442, 1382, 1024, 2347, 126, 1989, 3204, 868, 3370, 3468, 3441, 1094, 1937, 472, 1646, 3351, 509, 1342, 1285, 2791, 431, 2336, 1873, 443, 359, 1281, 2422, 1479, 2889, 162, 2299, 446, 3178, 385, 387, 1206, 3328, 3225, 2164, 1650, 2314, 2549, 1968, 3400, 480, 1238, 1414, 1359, 381, 91, 939, 3201, 3278, 465, 549, 844, 1778, 523, 438]

solved select: 64 in 436.94 seconds
iteration: 0, n requested: 64, n selected: 64, selected: [498, 2693, 2356, 3488, 2442, 1382, 1024, 2347, 126, 1989, 3204, 868, 3370, 3468, 3441, 1094, 1937, 472, 1646, 3351, 509, 1342, 1285, 2791, 431, 2336, 1873, 443, 359, 1281, 2422, 1479, 2889, 162, 2299, 446, 3178, 385, 387, 1206, 3328, 3225, 2164, 1650, 2314, 2549, 1968, 3400, 480, 1238, 1414, 1359, 381, 91, 939, 3201, 3278, 465, 549, 844, 1778, 523, 438, 2901]

solved select: 65 in 447.64 seconds
iteration: 0, n requested: 65, n selected: 65, selected: [498, 2693, 2356, 3488, 2442, 1382, 1024, 2347, 126, 1989, 3204, 868, 3370, 3468, 3441, 1094, 1937, 472, 1646, 3351, 509, 1342, 1285, 2791, 431, 2336, 1873, 443, 359, 1281, 2422, 1479, 2889, 162, 2299, 446, 3178, 385, 387, 1206, 3328, 3225, 2164, 1650, 2314, 2549, 1968, 3400, 480, 1238, 1414, 1359, 381, 91, 939, 3201, 3278, 465, 549, 844, 1778, 523, 438, 2901, 2737]

solved select: 66 in 459.39 seconds
iteration: 0, n requested: 66, n selected: 66, selected: [498, 2693, 2356, 3488, 2442, 1382, 1024, 2347, 126, 1989, 3204, 868, 3370, 3468, 3441, 1094, 1937, 472, 1646, 3351, 509, 1342, 1285, 2791, 431, 2336, 1873, 443, 359, 1281, 2422, 1479, 2889, 162, 2299, 446, 3178, 385, 387, 1206, 3328, 3225, 2164, 1650, 2314, 2549, 1968, 3400, 480, 1238, 1414, 1359, 381, 91, 939, 3201, 3278, 465, 549, 844, 1778, 523, 438, 2901, 2737, 2348]

solved select: 67 in 470.39 seconds
iteration: 0, n requested: 67, n selected: 67, selected: [498, 2693, 2356, 3488, 2442, 1382, 1024, 2347, 126, 1989, 3204, 868, 3370, 3468, 3441, 1094, 1937, 472, 1646, 3351, 509, 1342, 1285, 2791, 431, 2336, 1873, 443, 359, 1281, 2422, 1479, 2889, 162, 2299, 446, 3178, 385, 387, 1206, 3328, 3225, 2164, 1650, 2314, 2549, 1968, 3400, 480, 1238, 1414, 1359, 381, 91, 939, 3201, 3278, 465, 549, 844, 1778, 523, 438, 2901, 2737, 2348, 440]

solved select: 68 in 481.90 seconds
iteration: 0, n requested: 68, n selected: 68, selected: [498, 2693, 2356, 3488, 2442, 1382, 1024, 2347, 126, 1989, 3204, 868, 3370, 3468, 3441, 1094, 1937, 472, 1646, 3351, 509, 1342, 1285, 2791, 431, 2336, 1873, 443, 359, 1281, 2422, 1479, 2889, 162, 2299, 446, 3178, 385, 387, 1206, 3328, 3225, 2164, 1650, 2314, 2549, 1968, 3400, 480, 1238, 1414, 1359, 381, 91, 939, 3201, 3278, 465, 549, 844, 1778, 523, 438, 2901, 2737, 2348, 440, 502]

solved select: 69 in 493.30 seconds
iteration: 0, n requested: 69, n selected: 69, selected: [498, 2693, 2356, 3488, 2442, 1382, 1024, 2347, 126, 1989, 3204, 868, 3370, 3468, 3441, 1094, 1937, 472, 1646, 3351, 509, 1342, 1285, 2791, 431, 2336, 1873, 443, 359, 1281, 2422, 1479, 2889, 162, 2299, 446, 3178, 385, 387, 1206, 3328, 3225, 2164, 1650, 2314, 2549, 1968, 3400, 480, 1238, 1414, 1359, 381, 91, 939, 3201, 3278, 465, 549, 844, 1778, 523, 438, 2901, 2737, 2348, 440, 502, 1940]

solved select: 70 in 504.26 seconds
iteration: 0, n requested: 70, n selected: 70, selected: [498, 2693, 2356, 3488, 2442, 1382, 1024, 2347, 126, 1989, 3204, 868, 3370, 3468, 3441, 1094, 1937, 472, 1646, 3351, 509, 1342, 1285, 2791, 431, 2336, 1873, 443, 359, 1281, 2422, 1479, 2889, 162, 2299, 446, 3178, 385, 387, 1206, 3328, 3225, 2164, 1650, 2314, 2549, 1968, 3400, 480, 1238, 1414, 1359, 381, 91, 939, 3201, 3278, 465, 549, 844, 1778, 523, 438, 2901, 2737, 2348, 440, 502, 1940, 1033]

solved select: 71 in 516.62 seconds
iteration: 0, n requested: 71, n selected: 71, selected: [498, 2693, 2356, 3488, 2442, 1382, 1024, 2347, 126, 1989, 3204, 868, 3370, 3468, 3441, 1094, 1937, 472, 1646, 3351, 509, 1342, 1285, 2791, 431, 2336, 1873, 443, 359, 1281, 2422, 1479, 2889, 162, 2299, 446, 3178, 385, 387, 1206, 3328, 3225, 2164, 1650, 2314, 2549, 1968, 3400, 480, 1238, 1414, 1359, 381, 91, 939, 3201, 3278, 465, 549, 844, 1778, 523, 438, 2901, 2737, 2348, 440, 502, 1940, 1033, 2237]

solved select: 72 in 528.19 seconds
iteration: 0, n requested: 72, n selected: 72, selected: [498, 2693, 2356, 3488, 2442, 1382, 1024, 2347, 126, 1989, 3204, 868, 3370, 3468, 3441, 1094, 1937, 472, 1646, 3351, 509, 1342, 1285, 2791, 431, 2336, 1873, 443, 359, 1281, 2422, 1479, 2889, 162, 2299, 446, 3178, 385, 387, 1206, 3328, 3225, 2164, 1650, 2314, 2549, 1968, 3400, 480, 1238, 1414, 1359, 381, 91, 939, 3201, 3278, 465, 549, 844, 1778, 523, 438, 2901, 2737, 2348, 440, 502, 1940, 1033, 2237, 3189]

solved select: 73 in 540.07 seconds
iteration: 0, n requested: 73, n selected: 73, selected: [498, 2693, 2356, 3488, 2442, 1382, 1024, 2347, 126, 1989, 3204, 868, 3370, 3468, 3441, 1094, 1937, 472, 1646, 3351, 509, 1342, 1285, 2791, 431, 2336, 1873, 443, 359, 1281, 2422, 1479, 2889, 162, 2299, 446, 3178, 385, 387, 1206, 3328, 3225, 2164, 1650, 2314, 2549, 1968, 3400, 480, 1238, 1414, 1359, 381, 91, 939, 3201, 3278, 465, 549, 844, 1778, 523, 438, 2901, 2737, 2348, 440, 502, 1940, 1033, 2237, 3189, 207]

solved select: 74 in 552.16 seconds
iteration: 0, n requested: 74, n selected: 74, selected: [498, 2693, 2356, 3488, 2442, 1382, 1024, 2347, 126, 1989, 3204, 868, 3370, 3468, 3441, 1094, 1937, 472, 1646, 3351, 509, 1342, 1285, 2791, 431, 2336, 1873, 443, 359, 1281, 2422, 1479, 2889, 162, 2299, 446, 3178, 385, 387, 1206, 3328, 3225, 2164, 1650, 2314, 2549, 1968, 3400, 480, 1238, 1414, 1359, 381, 91, 939, 3201, 3278, 465, 549, 844, 1778, 523, 438, 2901, 2737, 2348, 440, 502, 1940, 1033, 2237, 3189, 207, 2546]

solved select: 75 in 564.34 seconds
iteration: 0, n requested: 75, n selected: 75, selected: [498, 2693, 2356, 3488, 2442, 1382, 1024, 2347, 126, 1989, 3204, 868, 3370, 3468, 3441, 1094, 1937, 472, 1646, 3351, 509, 1342, 1285, 2791, 431, 2336, 1873, 443, 359, 1281, 2422, 1479, 2889, 162, 2299, 446, 3178, 385, 387, 1206, 3328, 3225, 2164, 1650, 2314, 2549, 1968, 3400, 480, 1238, 1414, 1359, 381, 91, 939, 3201, 3278, 465, 549, 844, 1778, 523, 438, 2901, 2737, 2348, 440, 502, 1940, 1033, 2237, 3189, 207, 2546, 380]

solved select: 76 in 577.42 seconds
iteration: 0, n requested: 76, n selected: 76, selected: [498, 2693, 2356, 3488, 2442, 1382, 1024, 2347, 126, 1989, 3204, 868, 3370, 3468, 3441, 1094, 1937, 472, 1646, 3351, 509, 1342, 1285, 2791, 431, 2336, 1873, 443, 359, 1281, 2422, 1479, 2889, 162, 2299, 446, 3178, 385, 387, 1206, 3328, 3225, 2164, 1650, 2314, 2549, 1968, 3400, 480, 1238, 1414, 1359, 381, 91, 939, 3201, 3278, 465, 549, 844, 1778, 523, 438, 2901, 2737, 2348, 440, 502, 1940, 1033, 2237, 3189, 207, 2546, 380, 3308]

solved select: 77 in 589.75 seconds
iteration: 0, n requested: 77, n selected: 77, selected: [498, 2693, 2356, 3488, 2442, 1382, 1024, 2347, 126, 1989, 3204, 868, 3370, 3468, 3441, 1094, 1937, 472, 1646, 3351, 509, 1342, 1285, 2791, 431, 2336, 1873, 443, 359, 1281, 2422, 1479, 2889, 162, 2299, 446, 3178, 385, 387, 1206, 3328, 3225, 2164, 1650, 2314, 2549, 1968, 3400, 480, 1238, 1414, 1359, 381, 91, 939, 3201, 3278, 465, 549, 844, 1778, 523, 438, 2901, 2737, 2348, 440, 502, 1940, 1033, 2237, 3189, 207, 2546, 380, 3308, 952]

solved select: 78 in 602.50 seconds
iteration: 0, n requested: 78, n selected: 78, selected: [498, 2693, 2356, 3488, 2442, 1382, 1024, 2347, 126, 1989, 3204, 868, 3370, 3468, 3441, 1094, 1937, 472, 1646, 3351, 509, 1342, 1285, 2791, 431, 2336, 1873, 443, 359, 1281, 2422, 1479, 2889, 162, 2299, 446, 3178, 385, 387, 1206, 3328, 3225, 2164, 1650, 2314, 2549, 1968, 3400, 480, 1238, 1414, 1359, 381, 91, 939, 3201, 3278, 465, 549, 844, 1778, 523, 438, 2901, 2737, 2348, 440, 502, 1940, 1033, 2237, 3189, 207, 2546, 380, 3308, 952, 1982]

solved select: 79 in 615.63 seconds
iteration: 0, n requested: 79, n selected: 79, selected: [498, 2693, 2356, 3488, 2442, 1382, 1024, 2347, 126, 1989, 3204, 868, 3370, 3468, 3441, 1094, 1937, 472, 1646, 3351, 509, 1342, 1285, 2791, 431, 2336, 1873, 443, 359, 1281, 2422, 1479, 2889, 162, 2299, 446, 3178, 385, 387, 1206, 3328, 3225, 2164, 1650, 2314, 2549, 1968, 3400, 480, 1238, 1414, 1359, 381, 91, 939, 3201, 3278, 465, 549, 844, 1778, 523, 438, 2901, 2737, 2348, 440, 502, 1940, 1033, 2237, 3189, 207, 2546, 380, 3308, 952, 1982, 2010]

solved select: 80 in 628.64 seconds
iteration: 0, n requested: 80, n selected: 80, selected: [498, 2693, 2356, 3488, 2442, 1382, 1024, 2347, 126, 1989, 3204, 868, 3370, 3468, 3441, 1094, 1937, 472, 1646, 3351, 509, 1342, 1285, 2791, 431, 2336, 1873, 443, 359, 1281, 2422, 1479, 2889, 162, 2299, 446, 3178, 385, 387, 1206, 3328, 3225, 2164, 1650, 2314, 2549, 1968, 3400, 480, 1238, 1414, 1359, 381, 91, 939, 3201, 3278, 465, 549, 844, 1778, 523, 438, 2901, 2737, 2348, 440, 502, 1940, 1033, 2237, 3189, 207, 2546, 380, 3308, 952, 1982, 2010, 3385]

solved select: 81 in 642.29 seconds
iteration: 0, n requested: 81, n selected: 81, selected: [498, 2693, 2356, 3488, 2442, 1382, 1024, 2347, 126, 1989, 3204, 868, 3370, 3468, 3441, 1094, 1937, 472, 1646, 3351, 509, 1342, 1285, 2791, 431, 2336, 1873, 443, 359, 1281, 2422, 1479, 2889, 162, 2299, 446, 3178, 385, 387, 1206, 3328, 3225, 2164, 1650, 2314, 2549, 1968, 3400, 480, 1238, 1414, 1359, 381, 91, 939, 3201, 3278, 465, 549, 844, 1778, 523, 438, 2901, 2737, 2348, 440, 502, 1940, 1033, 2237, 3189, 207, 2546, 380, 3308, 952, 1982, 2010, 3385, 1298]

solved select: 82 in 655.03 seconds
iteration: 0, n requested: 82, n selected: 82, selected: [498, 2693, 2356, 3488, 2442, 1382, 1024, 2347, 126, 1989, 3204, 868, 3370, 3468, 3441, 1094, 1937, 472, 1646, 3351, 509, 1342, 1285, 2791, 431, 2336, 1873, 443, 359, 1281, 2422, 1479, 2889, 162, 2299, 446, 3178, 385, 387, 1206, 3328, 3225, 2164, 1650, 2314, 2549, 1968, 3400, 480, 1238, 1414, 1359, 381, 91, 939, 3201, 3278, 465, 549, 844, 1778, 523, 438, 2901, 2737, 2348, 440, 502, 1940, 1033, 2237, 3189, 207, 2546, 380, 3308, 952, 1982, 2010, 3385, 1298, 3330]

solved select: 83 in 668.38 seconds
iteration: 0, n requested: 83, n selected: 83, selected: [498, 2693, 2356, 3488, 2442, 1382, 1024, 2347, 126, 1989, 3204, 868, 3370, 3468, 3441, 1094, 1937, 472, 1646, 3351, 509, 1342, 1285, 2791, 431, 2336, 1873, 443, 359, 1281, 2422, 1479, 2889, 162, 2299, 446, 3178, 385, 387, 1206, 3328, 3225, 2164, 1650, 2314, 2549, 1968, 3400, 480, 1238, 1414, 1359, 381, 91, 939, 3201, 3278, 465, 549, 844, 1778, 523, 438, 2901, 2737, 2348, 440, 502, 1940, 1033, 2237, 3189, 207, 2546, 380, 3308, 952, 1982, 2010, 3385, 1298, 3330, 1898]

solved select: 84 in 681.33 seconds
iteration: 0, n requested: 84, n selected: 84, selected: [498, 2693, 2356, 3488, 2442, 1382, 1024, 2347, 126, 1989, 3204, 868, 3370, 3468, 3441, 1094, 1937, 472, 1646, 3351, 509, 1342, 1285, 2791, 431, 2336, 1873, 443, 359, 1281, 2422, 1479, 2889, 162, 2299, 446, 3178, 385, 387, 1206, 3328, 3225, 2164, 1650, 2314, 2549, 1968, 3400, 480, 1238, 1414, 1359, 381, 91, 939, 3201, 3278, 465, 549, 844, 1778, 523, 438, 2901, 2737, 2348, 440, 502, 1940, 1033, 2237, 3189, 207, 2546, 380, 3308, 952, 1982, 2010, 3385, 1298, 3330, 1898, 445]

solved select: 85 in 695.21 seconds
iteration: 0, n requested: 85, n selected: 85, selected: [498, 2693, 2356, 3488, 2442, 1382, 1024, 2347, 126, 1989, 3204, 868, 3370, 3468, 3441, 1094, 1937, 472, 1646, 3351, 509, 1342, 1285, 2791, 431, 2336, 1873, 443, 359, 1281, 2422, 1479, 2889, 162, 2299, 446, 3178, 385, 387, 1206, 3328, 3225, 2164, 1650, 2314, 2549, 1968, 3400, 480, 1238, 1414, 1359, 381, 91, 939, 3201, 3278, 465, 549, 844, 1778, 523, 438, 2901, 2737, 2348, 440, 502, 1940, 1033, 2237, 3189, 207, 2546, 380, 3308, 952, 1982, 2010, 3385, 1298, 3330, 1898, 445, 1267]

solved select: 86 in 709.53 seconds
iteration: 0, n requested: 86, n selected: 86, selected: [498, 2693, 2356, 3488, 2442, 1382, 1024, 2347, 126, 1989, 3204, 868, 3370, 3468, 3441, 1094, 1937, 472, 1646, 3351, 509, 1342, 1285, 2791, 431, 2336, 1873, 443, 359, 1281, 2422, 1479, 2889, 162, 2299, 446, 3178, 385, 387, 1206, 3328, 3225, 2164, 1650, 2314, 2549, 1968, 3400, 480, 1238, 1414, 1359, 381, 91, 939, 3201, 3278, 465, 549, 844, 1778, 523, 438, 2901, 2737, 2348, 440, 502, 1940, 1033, 2237, 3189, 207, 2546, 380, 3308, 952, 1982, 2010, 3385, 1298, 3330, 1898, 445, 1267, 2078]

solved select: 87 in 723.19 seconds
iteration: 0, n requested: 87, n selected: 87, selected: [498, 2693, 2356, 3488, 2442, 1382, 1024, 2347, 126, 1989, 3204, 868, 3370, 3468, 3441, 1094, 1937, 472, 1646, 3351, 509, 1342, 1285, 2791, 431, 2336, 1873, 443, 359, 1281, 2422, 1479, 2889, 162, 2299, 446, 3178, 385, 387, 1206, 3328, 3225, 2164, 1650, 2314, 2549, 1968, 3400, 480, 1238, 1414, 1359, 381, 91, 939, 3201, 3278, 465, 549, 844, 1778, 523, 438, 2901, 2737, 2348, 440, 502, 1940, 1033, 2237, 3189, 207, 2546, 380, 3308, 952, 1982, 2010, 3385, 1298, 3330, 1898, 445, 1267, 2078, 345]

solved select: 88 in 737.39 seconds
iteration: 0, n requested: 88, n selected: 88, selected: [498, 2693, 2356, 3488, 2442, 1382, 1024, 2347, 126, 1989, 3204, 868, 3370, 3468, 3441, 1094, 1937, 472, 1646, 3351, 509, 1342, 1285, 2791, 431, 2336, 1873, 443, 359, 1281, 2422, 1479, 2889, 162, 2299, 446, 3178, 385, 387, 1206, 3328, 3225, 2164, 1650, 2314, 2549, 1968, 3400, 480, 1238, 1414, 1359, 381, 91, 939, 3201, 3278, 465, 549, 844, 1778, 523, 438, 2901, 2737, 2348, 440, 502, 1940, 1033, 2237, 3189, 207, 2546, 380, 3308, 952, 1982, 2010, 3385, 1298, 3330, 1898, 445, 1267, 2078, 345, 2254]

solved select: 89 in 752.05 seconds
iteration: 0, n requested: 89, n selected: 89, selected: [498, 2693, 2356, 3488, 2442, 1382, 1024, 2347, 126, 1989, 3204, 868, 3370, 3468, 3441, 1094, 1937, 472, 1646, 3351, 509, 1342, 1285, 2791, 431, 2336, 1873, 443, 359, 1281, 2422, 1479, 2889, 162, 2299, 446, 3178, 385, 387, 1206, 3328, 3225, 2164, 1650, 2314, 2549, 1968, 3400, 480, 1238, 1414, 1359, 381, 91, 939, 3201, 3278, 465, 549, 844, 1778, 523, 438, 2901, 2737, 2348, 440, 502, 1940, 1033, 2237, 3189, 207, 2546, 380, 3308, 952, 1982, 2010, 3385, 1298, 3330, 1898, 445, 1267, 2078, 345, 2254, 3126]

solved select: 90 in 766.11 seconds
iteration: 0, n requested: 90, n selected: 90, selected: [498, 2693, 2356, 3488, 2442, 1382, 1024, 2347, 126, 1989, 3204, 868, 3370, 3468, 3441, 1094, 1937, 472, 1646, 3351, 509, 1342, 1285, 2791, 431, 2336, 1873, 443, 359, 1281, 2422, 1479, 2889, 162, 2299, 446, 3178, 385, 387, 1206, 3328, 3225, 2164, 1650, 2314, 2549, 1968, 3400, 480, 1238, 1414, 1359, 381, 91, 939, 3201, 3278, 465, 549, 844, 1778, 523, 438, 2901, 2737, 2348, 440, 502, 1940, 1033, 2237, 3189, 207, 2546, 380, 3308, 952, 1982, 2010, 3385, 1298, 3330, 1898, 445, 1267, 2078, 345, 2254, 3126, 538]

solved select: 91 in 781.48 seconds
iteration: 0, n requested: 91, n selected: 91, selected: [498, 2693, 2356, 3488, 2442, 1382, 1024, 2347, 126, 1989, 3204, 868, 3370, 3468, 3441, 1094, 1937, 472, 1646, 3351, 509, 1342, 1285, 2791, 431, 2336, 1873, 443, 359, 1281, 2422, 1479, 2889, 162, 2299, 446, 3178, 385, 387, 1206, 3328, 3225, 2164, 1650, 2314, 2549, 1968, 3400, 480, 1238, 1414, 1359, 381, 91, 939, 3201, 3278, 465, 549, 844, 1778, 523, 438, 2901, 2737, 2348, 440, 502, 1940, 1033, 2237, 3189, 207, 2546, 380, 3308, 952, 1982, 2010, 3385, 1298, 3330, 1898, 445, 1267, 2078, 345, 2254, 3126, 538, 900]

solved select: 92 in 795.57 seconds
iteration: 0, n requested: 92, n selected: 92, selected: [498, 2693, 2356, 3488, 2442, 1382, 1024, 2347, 126, 1989, 3204, 868, 3370, 3468, 3441, 1094, 1937, 472, 1646, 3351, 509, 1342, 1285, 2791, 431, 2336, 1873, 443, 359, 1281, 2422, 1479, 2889, 162, 2299, 446, 3178, 385, 387, 1206, 3328, 3225, 2164, 1650, 2314, 2549, 1968, 3400, 480, 1238, 1414, 1359, 381, 91, 939, 3201, 3278, 465, 549, 844, 1778, 523, 438, 2901, 2737, 2348, 440, 502, 1940, 1033, 2237, 3189, 207, 2546, 380, 3308, 952, 1982, 2010, 3385, 1298, 3330, 1898, 445, 1267, 2078, 345, 2254, 3126, 538, 900, 819]

solved select: 93 in 809.63 seconds
iteration: 0, n requested: 93, n selected: 93, selected: [498, 2693, 2356, 3488, 2442, 1382, 1024, 2347, 126, 1989, 3204, 868, 3370, 3468, 3441, 1094, 1937, 472, 1646, 3351, 509, 1342, 1285, 2791, 431, 2336, 1873, 443, 359, 1281, 2422, 1479, 2889, 162, 2299, 446, 3178, 385, 387, 1206, 3328, 3225, 2164, 1650, 2314, 2549, 1968, 3400, 480, 1238, 1414, 1359, 381, 91, 939, 3201, 3278, 465, 549, 844, 1778, 523, 438, 2901, 2737, 2348, 440, 502, 1940, 1033, 2237, 3189, 207, 2546, 380, 3308, 952, 1982, 2010, 3385, 1298, 3330, 1898, 445, 1267, 2078, 345, 2254, 3126, 538, 900, 819, 3183]

solved select: 94 in 824.11 seconds
iteration: 0, n requested: 94, n selected: 94, selected: [498, 2693, 2356, 3488, 2442, 1382, 1024, 2347, 126, 1989, 3204, 868, 3370, 3468, 3441, 1094, 1937, 472, 1646, 3351, 509, 1342, 1285, 2791, 431, 2336, 1873, 443, 359, 1281, 2422, 1479, 2889, 162, 2299, 446, 3178, 385, 387, 1206, 3328, 3225, 2164, 1650, 2314, 2549, 1968, 3400, 480, 1238, 1414, 1359, 381, 91, 939, 3201, 3278, 465, 549, 844, 1778, 523, 438, 2901, 2737, 2348, 440, 502, 1940, 1033, 2237, 3189, 207, 2546, 380, 3308, 952, 1982, 2010, 3385, 1298, 3330, 1898, 445, 1267, 2078, 345, 2254, 3126, 538, 900, 819, 3183, 1856]

solved select: 95 in 839.46 seconds
iteration: 0, n requested: 95, n selected: 95, selected: [498, 2693, 2356, 3488, 2442, 1382, 1024, 2347, 126, 1989, 3204, 868, 3370, 3468, 3441, 1094, 1937, 472, 1646, 3351, 509, 1342, 1285, 2791, 431, 2336, 1873, 443, 359, 1281, 2422, 1479, 2889, 162, 2299, 446, 3178, 385, 387, 1206, 3328, 3225, 2164, 1650, 2314, 2549, 1968, 3400, 480, 1238, 1414, 1359, 381, 91, 939, 3201, 3278, 465, 549, 844, 1778, 523, 438, 2901, 2737, 2348, 440, 502, 1940, 1033, 2237, 3189, 207, 2546, 380, 3308, 952, 1982, 2010, 3385, 1298, 3330, 1898, 445, 1267, 2078, 345, 2254, 3126, 538, 900, 819, 3183, 1856, 2742]

solved select: 96 in 855.19 seconds
iteration: 0, n requested: 96, n selected: 96, selected: [498, 2693, 2356, 3488, 2442, 1382, 1024, 2347, 126, 1989, 3204, 868, 3370, 3468, 3441, 1094, 1937, 472, 1646, 3351, 509, 1342, 1285, 2791, 431, 2336, 1873, 443, 359, 1281, 2422, 1479, 2889, 162, 2299, 446, 3178, 385, 387, 1206, 3328, 3225, 2164, 1650, 2314, 2549, 1968, 3400, 480, 1238, 1414, 1359, 381, 91, 939, 3201, 3278, 465, 549, 844, 1778, 523, 438, 2901, 2737, 2348, 440, 502, 1940, 1033, 2237, 3189, 207, 2546, 380, 3308, 952, 1982, 2010, 3385, 1298, 3330, 1898, 445, 1267, 2078, 345, 2254, 3126, 538, 900, 819, 3183, 1856, 2742, 3236]

solved select: 97 in 869.90 seconds
iteration: 0, n requested: 97, n selected: 97, selected: [498, 2693, 2356, 3488, 2442, 1382, 1024, 2347, 126, 1989, 3204, 868, 3370, 3468, 3441, 1094, 1937, 472, 1646, 3351, 509, 1342, 1285, 2791, 431, 2336, 1873, 443, 359, 1281, 2422, 1479, 2889, 162, 2299, 446, 3178, 385, 387, 1206, 3328, 3225, 2164, 1650, 2314, 2549, 1968, 3400, 480, 1238, 1414, 1359, 381, 91, 939, 3201, 3278, 465, 549, 844, 1778, 523, 438, 2901, 2737, 2348, 440, 502, 1940, 1033, 2237, 3189, 207, 2546, 380, 3308, 952, 1982, 2010, 3385, 1298, 3330, 1898, 445, 1267, 2078, 345, 2254, 3126, 538, 900, 819, 3183, 1856, 2742, 3236, 1794]

solved select: 98 in 884.74 seconds
iteration: 0, n requested: 98, n selected: 98, selected: [498, 2693, 2356, 3488, 2442, 1382, 1024, 2347, 126, 1989, 3204, 868, 3370, 3468, 3441, 1094, 1937, 472, 1646, 3351, 509, 1342, 1285, 2791, 431, 2336, 1873, 443, 359, 1281, 2422, 1479, 2889, 162, 2299, 446, 3178, 385, 387, 1206, 3328, 3225, 2164, 1650, 2314, 2549, 1968, 3400, 480, 1238, 1414, 1359, 381, 91, 939, 3201, 3278, 465, 549, 844, 1778, 523, 438, 2901, 2737, 2348, 440, 502, 1940, 1033, 2237, 3189, 207, 2546, 380, 3308, 952, 1982, 2010, 3385, 1298, 3330, 1898, 445, 1267, 2078, 345, 2254, 3126, 538, 900, 819, 3183, 1856, 2742, 3236, 1794, 1395]

solved select: 99 in 899.82 seconds
iteration: 0, n requested: 99, n selected: 99, selected: [498, 2693, 2356, 3488, 2442, 1382, 1024, 2347, 126, 1989, 3204, 868, 3370, 3468, 3441, 1094, 1937, 472, 1646, 3351, 509, 1342, 1285, 2791, 431, 2336, 1873, 443, 359, 1281, 2422, 1479, 2889, 162, 2299, 446, 3178, 385, 387, 1206, 3328, 3225, 2164, 1650, 2314, 2549, 1968, 3400, 480, 1238, 1414, 1359, 381, 91, 939, 3201, 3278, 465, 549, 844, 1778, 523, 438, 2901, 2737, 2348, 440, 502, 1940, 1033, 2237, 3189, 207, 2546, 380, 3308, 952, 1982, 2010, 3385, 1298, 3330, 1898, 445, 1267, 2078, 345, 2254, 3126, 538, 900, 819, 3183, 1856, 2742, 3236, 1794, 1395, 3355]

solved select: 100 in 915.12 seconds
iteration: 0, n requested: 100, n selected: 100, selected: [498, 2693, 2356, 3488, 2442, 1382, 1024, 2347, 126, 1989, 3204, 868, 3370, 3468, 3441, 1094, 1937, 472, 1646, 3351, 509, 1342, 1285, 2791, 431, 2336, 1873, 443, 359, 1281, 2422, 1479, 2889, 162, 2299, 446, 3178, 385, 387, 1206, 3328, 3225, 2164, 1650, 2314, 2549, 1968, 3400, 480, 1238, 1414, 1359, 381, 91, 939, 3201, 3278, 465, 549, 844, 1778, 523, 438, 2901, 2737, 2348, 440, 502, 1940, 1033, 2237, 3189, 207, 2546, 380, 3308, 952, 1982, 2010, 3385, 1298, 3330, 1898, 445, 1267, 2078, 345, 2254, 3126, 538, 900, 819, 3183, 1856, 2742, 3236, 1794, 1395, 3355, 469]

solved select: 101 in 931.21 seconds
iteration: 0, n requested: 101, n selected: 101, selected: [498, 2693, 2356, 3488, 2442, 1382, 1024, 2347, 126, 1989, 3204, 868, 3370, 3468, 3441, 1094, 1937, 472, 1646, 3351, 509, 1342, 1285, 2791, 431, 2336, 1873, 443, 359, 1281, 2422, 1479, 2889, 162, 2299, 446, 3178, 385, 387, 1206, 3328, 3225, 2164, 1650, 2314, 2549, 1968, 3400, 480, 1238, 1414, 1359, 381, 91, 939, 3201, 3278, 465, 549, 844, 1778, 523, 438, 2901, 2737, 2348, 440, 502, 1940, 1033, 2237, 3189, 207, 2546, 380, 3308, 952, 1982, 2010, 3385, 1298, 3330, 1898, 445, 1267, 2078, 345, 2254, 3126, 538, 900, 819, 3183, 1856, 2742, 3236, 1794, 1395, 3355, 469, 208]

solved select: 102 in 946.39 seconds
iteration: 0, n requested: 102, n selected: 102, selected: [498, 2693, 2356, 3488, 2442, 1382, 1024, 2347, 126, 1989, 3204, 868, 3370, 3468, 3441, 1094, 1937, 472, 1646, 3351, 509, 1342, 1285, 2791, 431, 2336, 1873, 443, 359, 1281, 2422, 1479, 2889, 162, 2299, 446, 3178, 385, 387, 1206, 3328, 3225, 2164, 1650, 2314, 2549, 1968, 3400, 480, 1238, 1414, 1359, 381, 91, 939, 3201, 3278, 465, 549, 844, 1778, 523, 438, 2901, 2737, 2348, 440, 502, 1940, 1033, 2237, 3189, 207, 2546, 380, 3308, 952, 1982, 2010, 3385, 1298, 3330, 1898, 445, 1267, 2078, 345, 2254, 3126, 538, 900, 819, 3183, 1856, 2742, 3236, 1794, 1395, 3355, 469, 208, 53]

solved select: 103 in 961.61 seconds
iteration: 0, n requested: 103, n selected: 103, selected: [498, 2693, 2356, 3488, 2442, 1382, 1024, 2347, 126, 1989, 3204, 868, 3370, 3468, 3441, 1094, 1937, 472, 1646, 3351, 509, 1342, 1285, 2791, 431, 2336, 1873, 443, 359, 1281, 2422, 1479, 2889, 162, 2299, 446, 3178, 385, 387, 1206, 3328, 3225, 2164, 1650, 2314, 2549, 1968, 3400, 480, 1238, 1414, 1359, 381, 91, 939, 3201, 3278, 465, 549, 844, 1778, 523, 438, 2901, 2737, 2348, 440, 502, 1940, 1033, 2237, 3189, 207, 2546, 380, 3308, 952, 1982, 2010, 3385, 1298, 3330, 1898, 445, 1267, 2078, 345, 2254, 3126, 538, 900, 819, 3183, 1856, 2742, 3236, 1794, 1395, 3355, 469, 208, 53, 3450]

solved select: 104 in 977.71 seconds
iteration: 0, n requested: 104, n selected: 104, selected: [498, 2693, 2356, 3488, 2442, 1382, 1024, 2347, 126, 1989, 3204, 868, 3370, 3468, 3441, 1094, 1937, 472, 1646, 3351, 509, 1342, 1285, 2791, 431, 2336, 1873, 443, 359, 1281, 2422, 1479, 2889, 162, 2299, 446, 3178, 385, 387, 1206, 3328, 3225, 2164, 1650, 2314, 2549, 1968, 3400, 480, 1238, 1414, 1359, 381, 91, 939, 3201, 3278, 465, 549, 844, 1778, 523, 438, 2901, 2737, 2348, 440, 502, 1940, 1033, 2237, 3189, 207, 2546, 380, 3308, 952, 1982, 2010, 3385, 1298, 3330, 1898, 445, 1267, 2078, 345, 2254, 3126, 538, 900, 819, 3183, 1856, 2742, 3236, 1794, 1395, 3355, 469, 208, 53, 3450, 3196]

solved select: 105 in 994.13 seconds
iteration: 0, n requested: 105, n selected: 105, selected: [498, 2693, 2356, 3488, 2442, 1382, 1024, 2347, 126, 1989, 3204, 868, 3370, 3468, 3441, 1094, 1937, 472, 1646, 3351, 509, 1342, 1285, 2791, 431, 2336, 1873, 443, 359, 1281, 2422, 1479, 2889, 162, 2299, 446, 3178, 385, 387, 1206, 3328, 3225, 2164, 1650, 2314, 2549, 1968, 3400, 480, 1238, 1414, 1359, 381, 91, 939, 3201, 3278, 465, 549, 844, 1778, 523, 438, 2901, 2737, 2348, 440, 502, 1940, 1033, 2237, 3189, 207, 2546, 380, 3308, 952, 1982, 2010, 3385, 1298, 3330, 1898, 445, 1267, 2078, 345, 2254, 3126, 538, 900, 819, 3183, 1856, 2742, 3236, 1794, 1395, 3355, 469, 208, 53, 3450, 3196, 1632]

solved select: 106 in 1011.25 seconds
iteration: 0, n requested: 106, n selected: 106, selected: [498, 2693, 2356, 3488, 2442, 1382, 1024, 2347, 126, 1989, 3204, 868, 3370, 3468, 3441, 1094, 1937, 472, 1646, 3351, 509, 1342, 1285, 2791, 431, 2336, 1873, 443, 359, 1281, 2422, 1479, 2889, 162, 2299, 446, 3178, 385, 387, 1206, 3328, 3225, 2164, 1650, 2314, 2549, 1968, 3400, 480, 1238, 1414, 1359, 381, 91, 939, 3201, 3278, 465, 549, 844, 1778, 523, 438, 2901, 2737, 2348, 440, 502, 1940, 1033, 2237, 3189, 207, 2546, 380, 3308, 952, 1982, 2010, 3385, 1298, 3330, 1898, 445, 1267, 2078, 345, 2254, 3126, 538, 900, 819, 3183, 1856, 2742, 3236, 1794, 1395, 3355, 469, 208, 53, 3450, 3196, 1632, 2187]

solved select: 107 in 1027.61 seconds
iteration: 0, n requested: 107, n selected: 107, selected: [498, 2693, 2356, 3488, 2442, 1382, 1024, 2347, 126, 1989, 3204, 868, 3370, 3468, 3441, 1094, 1937, 472, 1646, 3351, 509, 1342, 1285, 2791, 431, 2336, 1873, 443, 359, 1281, 2422, 1479, 2889, 162, 2299, 446, 3178, 385, 387, 1206, 3328, 3225, 2164, 1650, 2314, 2549, 1968, 3400, 480, 1238, 1414, 1359, 381, 91, 939, 3201, 3278, 465, 549, 844, 1778, 523, 438, 2901, 2737, 2348, 440, 502, 1940, 1033, 2237, 3189, 207, 2546, 380, 3308, 952, 1982, 2010, 3385, 1298, 3330, 1898, 445, 1267, 2078, 345, 2254, 3126, 538, 900, 819, 3183, 1856, 2742, 3236, 1794, 1395, 3355, 469, 208, 53, 3450, 3196, 1632, 2187, 389]

solved select: 108 in 1043.85 seconds
iteration: 0, n requested: 108, n selected: 108, selected: [498, 2693, 2356, 3488, 2442, 1382, 1024, 2347, 126, 1989, 3204, 868, 3370, 3468, 3441, 1094, 1937, 472, 1646, 3351, 509, 1342, 1285, 2791, 431, 2336, 1873, 443, 359, 1281, 2422, 1479, 2889, 162, 2299, 446, 3178, 385, 387, 1206, 3328, 3225, 2164, 1650, 2314, 2549, 1968, 3400, 480, 1238, 1414, 1359, 381, 91, 939, 3201, 3278, 465, 549, 844, 1778, 523, 438, 2901, 2737, 2348, 440, 502, 1940, 1033, 2237, 3189, 207, 2546, 380, 3308, 952, 1982, 2010, 3385, 1298, 3330, 1898, 445, 1267, 2078, 345, 2254, 3126, 538, 900, 819, 3183, 1856, 2742, 3236, 1794, 1395, 3355, 469, 208, 53, 3450, 3196, 1632, 2187, 389, 3486]

solved select: 109 in 1060.01 seconds
iteration: 0, n requested: 109, n selected: 109, selected: [498, 2693, 2356, 3488, 2442, 1382, 1024, 2347, 126, 1989, 3204, 868, 3370, 3468, 3441, 1094, 1937, 472, 1646, 3351, 509, 1342, 1285, 2791, 431, 2336, 1873, 443, 359, 1281, 2422, 1479, 2889, 162, 2299, 446, 3178, 385, 387, 1206, 3328, 3225, 2164, 1650, 2314, 2549, 1968, 3400, 480, 1238, 1414, 1359, 381, 91, 939, 3201, 3278, 465, 549, 844, 1778, 523, 438, 2901, 2737, 2348, 440, 502, 1940, 1033, 2237, 3189, 207, 2546, 380, 3308, 952, 1982, 2010, 3385, 1298, 3330, 1898, 445, 1267, 2078, 345, 2254, 3126, 538, 900, 819, 3183, 1856, 2742, 3236, 1794, 1395, 3355, 469, 208, 53, 3450, 3196, 1632, 2187, 389, 3486, 3197]

solved select: 110 in 1077.34 seconds
iteration: 0, n requested: 110, n selected: 110, selected: [498, 2693, 2356, 3488, 2442, 1382, 1024, 2347, 126, 1989, 3204, 868, 3370, 3468, 3441, 1094, 1937, 472, 1646, 3351, 509, 1342, 1285, 2791, 431, 2336, 1873, 443, 359, 1281, 2422, 1479, 2889, 162, 2299, 446, 3178, 385, 387, 1206, 3328, 3225, 2164, 1650, 2314, 2549, 1968, 3400, 480, 1238, 1414, 1359, 381, 91, 939, 3201, 3278, 465, 549, 844, 1778, 523, 438, 2901, 2737, 2348, 440, 502, 1940, 1033, 2237, 3189, 207, 2546, 380, 3308, 952, 1982, 2010, 3385, 1298, 3330, 1898, 445, 1267, 2078, 345, 2254, 3126, 538, 900, 819, 3183, 1856, 2742, 3236, 1794, 1395, 3355, 469, 208, 53, 3450, 3196, 1632, 2187, 389, 3486, 3197, 2694]

solved select: 111 in 1095.42 seconds
iteration: 0, n requested: 111, n selected: 111, selected: [498, 2693, 2356, 3488, 2442, 1382, 1024, 2347, 126, 1989, 3204, 868, 3370, 3468, 3441, 1094, 1937, 472, 1646, 3351, 509, 1342, 1285, 2791, 431, 2336, 1873, 443, 359, 1281, 2422, 1479, 2889, 162, 2299, 446, 3178, 385, 387, 1206, 3328, 3225, 2164, 1650, 2314, 2549, 1968, 3400, 480, 1238, 1414, 1359, 381, 91, 939, 3201, 3278, 465, 549, 844, 1778, 523, 438, 2901, 2737, 2348, 440, 502, 1940, 1033, 2237, 3189, 207, 2546, 380, 3308, 952, 1982, 2010, 3385, 1298, 3330, 1898, 445, 1267, 2078, 345, 2254, 3126, 538, 900, 819, 3183, 1856, 2742, 3236, 1794, 1395, 3355, 469, 208, 53, 3450, 3196, 1632, 2187, 389, 3486, 3197, 2694, 3358]

solved select: 112 in 1112.37 seconds
iteration: 0, n requested: 112, n selected: 112, selected: [498, 2693, 2356, 3488, 2442, 1382, 1024, 2347, 126, 1989, 3204, 868, 3370, 3468, 3441, 1094, 1937, 472, 1646, 3351, 509, 1342, 1285, 2791, 431, 2336, 1873, 443, 359, 1281, 2422, 1479, 2889, 162, 2299, 446, 3178, 385, 387, 1206, 3328, 3225, 2164, 1650, 2314, 2549, 1968, 3400, 480, 1238, 1414, 1359, 381, 91, 939, 3201, 3278, 465, 549, 844, 1778, 523, 438, 2901, 2737, 2348, 440, 502, 1940, 1033, 2237, 3189, 207, 2546, 380, 3308, 952, 1982, 2010, 3385, 1298, 3330, 1898, 445, 1267, 2078, 345, 2254, 3126, 538, 900, 819, 3183, 1856, 2742, 3236, 1794, 1395, 3355, 469, 208, 53, 3450, 3196, 1632, 2187, 389, 3486, 3197, 2694, 3358, 150]

solved select: 113 in 1129.09 seconds
iteration: 0, n requested: 113, n selected: 113, selected: [498, 2693, 2356, 3488, 2442, 1382, 1024, 2347, 126, 1989, 3204, 868, 3370, 3468, 3441, 1094, 1937, 472, 1646, 3351, 509, 1342, 1285, 2791, 431, 2336, 1873, 443, 359, 1281, 2422, 1479, 2889, 162, 2299, 446, 3178, 385, 387, 1206, 3328, 3225, 2164, 1650, 2314, 2549, 1968, 3400, 480, 1238, 1414, 1359, 381, 91, 939, 3201, 3278, 465, 549, 844, 1778, 523, 438, 2901, 2737, 2348, 440, 502, 1940, 1033, 2237, 3189, 207, 2546, 380, 3308, 952, 1982, 2010, 3385, 1298, 3330, 1898, 445, 1267, 2078, 345, 2254, 3126, 538, 900, 819, 3183, 1856, 2742, 3236, 1794, 1395, 3355, 469, 208, 53, 3450, 3196, 1632, 2187, 389, 3486, 3197, 2694, 3358, 150, 2599]

solved select: 114 in 1145.95 seconds
iteration: 0, n requested: 114, n selected: 114, selected: [498, 2693, 2356, 3488, 2442, 1382, 1024, 2347, 126, 1989, 3204, 868, 3370, 3468, 3441, 1094, 1937, 472, 1646, 3351, 509, 1342, 1285, 2791, 431, 2336, 1873, 443, 359, 1281, 2422, 1479, 2889, 162, 2299, 446, 3178, 385, 387, 1206, 3328, 3225, 2164, 1650, 2314, 2549, 1968, 3400, 480, 1238, 1414, 1359, 381, 91, 939, 3201, 3278, 465, 549, 844, 1778, 523, 438, 2901, 2737, 2348, 440, 502, 1940, 1033, 2237, 3189, 207, 2546, 380, 3308, 952, 1982, 2010, 3385, 1298, 3330, 1898, 445, 1267, 2078, 345, 2254, 3126, 538, 900, 819, 3183, 1856, 2742, 3236, 1794, 1395, 3355, 469, 208, 53, 3450, 3196, 1632, 2187, 389, 3486, 3197, 2694, 3358, 150, 2599, 1354]

solved select: 115 in 1163.31 seconds
iteration: 0, n requested: 115, n selected: 115, selected: [498, 2693, 2356, 3488, 2442, 1382, 1024, 2347, 126, 1989, 3204, 868, 3370, 3468, 3441, 1094, 1937, 472, 1646, 3351, 509, 1342, 1285, 2791, 431, 2336, 1873, 443, 359, 1281, 2422, 1479, 2889, 162, 2299, 446, 3178, 385, 387, 1206, 3328, 3225, 2164, 1650, 2314, 2549, 1968, 3400, 480, 1238, 1414, 1359, 381, 91, 939, 3201, 3278, 465, 549, 844, 1778, 523, 438, 2901, 2737, 2348, 440, 502, 1940, 1033, 2237, 3189, 207, 2546, 380, 3308, 952, 1982, 2010, 3385, 1298, 3330, 1898, 445, 1267, 2078, 345, 2254, 3126, 538, 900, 819, 3183, 1856, 2742, 3236, 1794, 1395, 3355, 469, 208, 53, 3450, 3196, 1632, 2187, 389, 3486, 3197, 2694, 3358, 150, 2599, 1354, 1049]

solved select: 116 in 1181.48 seconds
iteration: 0, n requested: 116, n selected: 116, selected: [498, 2693, 2356, 3488, 2442, 1382, 1024, 2347, 126, 1989, 3204, 868, 3370, 3468, 3441, 1094, 1937, 472, 1646, 3351, 509, 1342, 1285, 2791, 431, 2336, 1873, 443, 359, 1281, 2422, 1479, 2889, 162, 2299, 446, 3178, 385, 387, 1206, 3328, 3225, 2164, 1650, 2314, 2549, 1968, 3400, 480, 1238, 1414, 1359, 381, 91, 939, 3201, 3278, 465, 549, 844, 1778, 523, 438, 2901, 2737, 2348, 440, 502, 1940, 1033, 2237, 3189, 207, 2546, 380, 3308, 952, 1982, 2010, 3385, 1298, 3330, 1898, 445, 1267, 2078, 345, 2254, 3126, 538, 900, 819, 3183, 1856, 2742, 3236, 1794, 1395, 3355, 469, 208, 53, 3450, 3196, 1632, 2187, 389, 3486, 3197, 2694, 3358, 150, 2599, 1354, 1049, 500]

solved select: 117 in 1199.22 seconds
iteration: 0, n requested: 117, n selected: 117, selected: [498, 2693, 2356, 3488, 2442, 1382, 1024, 2347, 126, 1989, 3204, 868, 3370, 3468, 3441, 1094, 1937, 472, 1646, 3351, 509, 1342, 1285, 2791, 431, 2336, 1873, 443, 359, 1281, 2422, 1479, 2889, 162, 2299, 446, 3178, 385, 387, 1206, 3328, 3225, 2164, 1650, 2314, 2549, 1968, 3400, 480, 1238, 1414, 1359, 381, 91, 939, 3201, 3278, 465, 549, 844, 1778, 523, 438, 2901, 2737, 2348, 440, 502, 1940, 1033, 2237, 3189, 207, 2546, 380, 3308, 952, 1982, 2010, 3385, 1298, 3330, 1898, 445, 1267, 2078, 345, 2254, 3126, 538, 900, 819, 3183, 1856, 2742, 3236, 1794, 1395, 3355, 469, 208, 53, 3450, 3196, 1632, 2187, 389, 3486, 3197, 2694, 3358, 150, 2599, 1354, 1049, 500, 2739]

solved select: 118 in 1216.69 seconds
iteration: 0, n requested: 118, n selected: 118, selected: [498, 2693, 2356, 3488, 2442, 1382, 1024, 2347, 126, 1989, 3204, 868, 3370, 3468, 3441, 1094, 1937, 472, 1646, 3351, 509, 1342, 1285, 2791, 431, 2336, 1873, 443, 359, 1281, 2422, 1479, 2889, 162, 2299, 446, 3178, 385, 387, 1206, 3328, 3225, 2164, 1650, 2314, 2549, 1968, 3400, 480, 1238, 1414, 1359, 381, 91, 939, 3201, 3278, 465, 549, 844, 1778, 523, 438, 2901, 2737, 2348, 440, 502, 1940, 1033, 2237, 3189, 207, 2546, 380, 3308, 952, 1982, 2010, 3385, 1298, 3330, 1898, 445, 1267, 2078, 345, 2254, 3126, 538, 900, 819, 3183, 1856, 2742, 3236, 1794, 1395, 3355, 469, 208, 53, 3450, 3196, 1632, 2187, 389, 3486, 3197, 2694, 3358, 150, 2599, 1354, 1049, 500, 2739, 2281]

solved select: 119 in 1234.68 seconds
iteration: 0, n requested: 119, n selected: 119, selected: [498, 2693, 2356, 3488, 2442, 1382, 1024, 2347, 126, 1989, 3204, 868, 3370, 3468, 3441, 1094, 1937, 472, 1646, 3351, 509, 1342, 1285, 2791, 431, 2336, 1873, 443, 359, 1281, 2422, 1479, 2889, 162, 2299, 446, 3178, 385, 387, 1206, 3328, 3225, 2164, 1650, 2314, 2549, 1968, 3400, 480, 1238, 1414, 1359, 381, 91, 939, 3201, 3278, 465, 549, 844, 1778, 523, 438, 2901, 2737, 2348, 440, 502, 1940, 1033, 2237, 3189, 207, 2546, 380, 3308, 952, 1982, 2010, 3385, 1298, 3330, 1898, 445, 1267, 2078, 345, 2254, 3126, 538, 900, 819, 3183, 1856, 2742, 3236, 1794, 1395, 3355, 469, 208, 53, 3450, 3196, 1632, 2187, 389, 3486, 3197, 2694, 3358, 150, 2599, 1354, 1049, 500, 2739, 2281, 456]

solved select: 120 in 1252.31 seconds
iteration: 0, n requested: 120, n selected: 120, selected: [498, 2693, 2356, 3488, 2442, 1382, 1024, 2347, 126, 1989, 3204, 868, 3370, 3468, 3441, 1094, 1937, 472, 1646, 3351, 509, 1342, 1285, 2791, 431, 2336, 1873, 443, 359, 1281, 2422, 1479, 2889, 162, 2299, 446, 3178, 385, 387, 1206, 3328, 3225, 2164, 1650, 2314, 2549, 1968, 3400, 480, 1238, 1414, 1359, 381, 91, 939, 3201, 3278, 465, 549, 844, 1778, 523, 438, 2901, 2737, 2348, 440, 502, 1940, 1033, 2237, 3189, 207, 2546, 380, 3308, 952, 1982, 2010, 3385, 1298, 3330, 1898, 445, 1267, 2078, 345, 2254, 3126, 538, 900, 819, 3183, 1856, 2742, 3236, 1794, 1395, 3355, 469, 208, 53, 3450, 3196, 1632, 2187, 389, 3486, 3197, 2694, 3358, 150, 2599, 1354, 1049, 500, 2739, 2281, 456, 2871]

solved select: 121 in 1271.40 seconds
iteration: 0, n requested: 121, n selected: 121, selected: [498, 2693, 2356, 3488, 2442, 1382, 1024, 2347, 126, 1989, 3204, 868, 3370, 3468, 3441, 1094, 1937, 472, 1646, 3351, 509, 1342, 1285, 2791, 431, 2336, 1873, 443, 359, 1281, 2422, 1479, 2889, 162, 2299, 446, 3178, 385, 387, 1206, 3328, 3225, 2164, 1650, 2314, 2549, 1968, 3400, 480, 1238, 1414, 1359, 381, 91, 939, 3201, 3278, 465, 549, 844, 1778, 523, 438, 2901, 2737, 2348, 440, 502, 1940, 1033, 2237, 3189, 207, 2546, 380, 3308, 952, 1982, 2010, 3385, 1298, 3330, 1898, 445, 1267, 2078, 345, 2254, 3126, 538, 900, 819, 3183, 1856, 2742, 3236, 1794, 1395, 3355, 469, 208, 53, 3450, 3196, 1632, 2187, 389, 3486, 3197, 2694, 3358, 150, 2599, 1354, 1049, 500, 2739, 2281, 456, 2871, 2031]

solved select: 122 in 1289.46 seconds
iteration: 0, n requested: 122, n selected: 122, selected: [498, 2693, 2356, 3488, 2442, 1382, 1024, 2347, 126, 1989, 3204, 868, 3370, 3468, 3441, 1094, 1937, 472, 1646, 3351, 509, 1342, 1285, 2791, 431, 2336, 1873, 443, 359, 1281, 2422, 1479, 2889, 162, 2299, 446, 3178, 385, 387, 1206, 3328, 3225, 2164, 1650, 2314, 2549, 1968, 3400, 480, 1238, 1414, 1359, 381, 91, 939, 3201, 3278, 465, 549, 844, 1778, 523, 438, 2901, 2737, 2348, 440, 502, 1940, 1033, 2237, 3189, 207, 2546, 380, 3308, 952, 1982, 2010, 3385, 1298, 3330, 1898, 445, 1267, 2078, 345, 2254, 3126, 538, 900, 819, 3183, 1856, 2742, 3236, 1794, 1395, 3355, 469, 208, 53, 3450, 3196, 1632, 2187, 389, 3486, 3197, 2694, 3358, 150, 2599, 1354, 1049, 500, 2739, 2281, 456, 2871, 2031, 2664]

solved select: 123 in 1307.47 seconds
iteration: 0, n requested: 123, n selected: 123, selected: [498, 2693, 2356, 3488, 2442, 1382, 1024, 2347, 126, 1989, 3204, 868, 3370, 3468, 3441, 1094, 1937, 472, 1646, 3351, 509, 1342, 1285, 2791, 431, 2336, 1873, 443, 359, 1281, 2422, 1479, 2889, 162, 2299, 446, 3178, 385, 387, 1206, 3328, 3225, 2164, 1650, 2314, 2549, 1968, 3400, 480, 1238, 1414, 1359, 381, 91, 939, 3201, 3278, 465, 549, 844, 1778, 523, 438, 2901, 2737, 2348, 440, 502, 1940, 1033, 2237, 3189, 207, 2546, 380, 3308, 952, 1982, 2010, 3385, 1298, 3330, 1898, 445, 1267, 2078, 345, 2254, 3126, 538, 900, 819, 3183, 1856, 2742, 3236, 1794, 1395, 3355, 469, 208, 53, 3450, 3196, 1632, 2187, 389, 3486, 3197, 2694, 3358, 150, 2599, 1354, 1049, 500, 2739, 2281, 456, 2871, 2031, 2664, 2584]

solved select: 124 in 1326.09 seconds
iteration: 0, n requested: 124, n selected: 124, selected: [498, 2693, 2356, 3488, 2442, 1382, 1024, 2347, 126, 1989, 3204, 868, 3370, 3468, 3441, 1094, 1937, 472, 1646, 3351, 509, 1342, 1285, 2791, 431, 2336, 1873, 443, 359, 1281, 2422, 1479, 2889, 162, 2299, 446, 3178, 385, 387, 1206, 3328, 3225, 2164, 1650, 2314, 2549, 1968, 3400, 480, 1238, 1414, 1359, 381, 91, 939, 3201, 3278, 465, 549, 844, 1778, 523, 438, 2901, 2737, 2348, 440, 502, 1940, 1033, 2237, 3189, 207, 2546, 380, 3308, 952, 1982, 2010, 3385, 1298, 3330, 1898, 445, 1267, 2078, 345, 2254, 3126, 538, 900, 819, 3183, 1856, 2742, 3236, 1794, 1395, 3355, 469, 208, 53, 3450, 3196, 1632, 2187, 389, 3486, 3197, 2694, 3358, 150, 2599, 1354, 1049, 500, 2739, 2281, 456, 2871, 2031, 2664, 2584, 3206]

solved select: 125 in 1344.86 seconds
iteration: 0, n requested: 125, n selected: 125, selected: [498, 2693, 2356, 3488, 2442, 1382, 1024, 2347, 126, 1989, 3204, 868, 3370, 3468, 3441, 1094, 1937, 472, 1646, 3351, 509, 1342, 1285, 2791, 431, 2336, 1873, 443, 359, 1281, 2422, 1479, 2889, 162, 2299, 446, 3178, 385, 387, 1206, 3328, 3225, 2164, 1650, 2314, 2549, 1968, 3400, 480, 1238, 1414, 1359, 381, 91, 939, 3201, 3278, 465, 549, 844, 1778, 523, 438, 2901, 2737, 2348, 440, 502, 1940, 1033, 2237, 3189, 207, 2546, 380, 3308, 952, 1982, 2010, 3385, 1298, 3330, 1898, 445, 1267, 2078, 345, 2254, 3126, 538, 900, 819, 3183, 1856, 2742, 3236, 1794, 1395, 3355, 469, 208, 53, 3450, 3196, 1632, 2187, 389, 3486, 3197, 2694, 3358, 150, 2599, 1354, 1049, 500, 2739, 2281, 456, 2871, 2031, 2664, 2584, 3206, 1949]

solved select: 126 in 1364.36 seconds
iteration: 0, n requested: 126, n selected: 126, selected: [498, 2693, 2356, 3488, 2442, 1382, 1024, 2347, 126, 1989, 3204, 868, 3370, 3468, 3441, 1094, 1937, 472, 1646, 3351, 509, 1342, 1285, 2791, 431, 2336, 1873, 443, 359, 1281, 2422, 1479, 2889, 162, 2299, 446, 3178, 385, 387, 1206, 3328, 3225, 2164, 1650, 2314, 2549, 1968, 3400, 480, 1238, 1414, 1359, 381, 91, 939, 3201, 3278, 465, 549, 844, 1778, 523, 438, 2901, 2737, 2348, 440, 502, 1940, 1033, 2237, 3189, 207, 2546, 380, 3308, 952, 1982, 2010, 3385, 1298, 3330, 1898, 445, 1267, 2078, 345, 2254, 3126, 538, 900, 819, 3183, 1856, 2742, 3236, 1794, 1395, 3355, 469, 208, 53, 3450, 3196, 1632, 2187, 389, 3486, 3197, 2694, 3358, 150, 2599, 1354, 1049, 500, 2739, 2281, 456, 2871, 2031, 2664, 2584, 3206, 1949, 2205]

solved select: 127 in 1383.18 seconds
iteration: 0, n requested: 127, n selected: 127, selected: [498, 2693, 2356, 3488, 2442, 1382, 1024, 2347, 126, 1989, 3204, 868, 3370, 3468, 3441, 1094, 1937, 472, 1646, 3351, 509, 1342, 1285, 2791, 431, 2336, 1873, 443, 359, 1281, 2422, 1479, 2889, 162, 2299, 446, 3178, 385, 387, 1206, 3328, 3225, 2164, 1650, 2314, 2549, 1968, 3400, 480, 1238, 1414, 1359, 381, 91, 939, 3201, 3278, 465, 549, 844, 1778, 523, 438, 2901, 2737, 2348, 440, 502, 1940, 1033, 2237, 3189, 207, 2546, 380, 3308, 952, 1982, 2010, 3385, 1298, 3330, 1898, 445, 1267, 2078, 345, 2254, 3126, 538, 900, 819, 3183, 1856, 2742, 3236, 1794, 1395, 3355, 469, 208, 53, 3450, 3196, 1632, 2187, 389, 3486, 3197, 2694, 3358, 150, 2599, 1354, 1049, 500, 2739, 2281, 456, 2871, 2031, 2664, 2584, 3206, 1949, 2205, 2227]

solved select: 128 in 1401.51 seconds
iteration: 0, n requested: 128, n selected: 128, selected: [498, 2693, 2356, 3488, 2442, 1382, 1024, 2347, 126, 1989, 3204, 868, 3370, 3468, 3441, 1094, 1937, 472, 1646, 3351, 509, 1342, 1285, 2791, 431, 2336, 1873, 443, 359, 1281, 2422, 1479, 2889, 162, 2299, 446, 3178, 385, 387, 1206, 3328, 3225, 2164, 1650, 2314, 2549, 1968, 3400, 480, 1238, 1414, 1359, 381, 91, 939, 3201, 3278, 465, 549, 844, 1778, 523, 438, 2901, 2737, 2348, 440, 502, 1940, 1033, 2237, 3189, 207, 2546, 380, 3308, 952, 1982, 2010, 3385, 1298, 3330, 1898, 445, 1267, 2078, 345, 2254, 3126, 538, 900, 819, 3183, 1856, 2742, 3236, 1794, 1395, 3355, 469, 208, 53, 3450, 3196, 1632, 2187, 389, 3486, 3197, 2694, 3358, 150, 2599, 1354, 1049, 500, 2739, 2281, 456, 2871, 2031, 2664, 2584, 3206, 1949, 2205, 2227, 2706]

solved select: 129 in 1420.79 seconds
iteration: 0, n requested: 129, n selected: 129, selected: [498, 2693, 2356, 3488, 2442, 1382, 1024, 2347, 126, 1989, 3204, 868, 3370, 3468, 3441, 1094, 1937, 472, 1646, 3351, 509, 1342, 1285, 2791, 431, 2336, 1873, 443, 359, 1281, 2422, 1479, 2889, 162, 2299, 446, 3178, 385, 387, 1206, 3328, 3225, 2164, 1650, 2314, 2549, 1968, 3400, 480, 1238, 1414, 1359, 381, 91, 939, 3201, 3278, 465, 549, 844, 1778, 523, 438, 2901, 2737, 2348, 440, 502, 1940, 1033, 2237, 3189, 207, 2546, 380, 3308, 952, 1982, 2010, 3385, 1298, 3330, 1898, 445, 1267, 2078, 345, 2254, 3126, 538, 900, 819, 3183, 1856, 2742, 3236, 1794, 1395, 3355, 469, 208, 53, 3450, 3196, 1632, 2187, 389, 3486, 3197, 2694, 3358, 150, 2599, 1354, 1049, 500, 2739, 2281, 456, 2871, 2031, 2664, 2584, 3206, 1949, 2205, 2227, 2706, 1372]

solved select: 130 in 1440.25 seconds
iteration: 0, n requested: 130, n selected: 130, selected: [498, 2693, 2356, 3488, 2442, 1382, 1024, 2347, 126, 1989, 3204, 868, 3370, 3468, 3441, 1094, 1937, 472, 1646, 3351, 509, 1342, 1285, 2791, 431, 2336, 1873, 443, 359, 1281, 2422, 1479, 2889, 162, 2299, 446, 3178, 385, 387, 1206, 3328, 3225, 2164, 1650, 2314, 2549, 1968, 3400, 480, 1238, 1414, 1359, 381, 91, 939, 3201, 3278, 465, 549, 844, 1778, 523, 438, 2901, 2737, 2348, 440, 502, 1940, 1033, 2237, 3189, 207, 2546, 380, 3308, 952, 1982, 2010, 3385, 1298, 3330, 1898, 445, 1267, 2078, 345, 2254, 3126, 538, 900, 819, 3183, 1856, 2742, 3236, 1794, 1395, 3355, 469, 208, 53, 3450, 3196, 1632, 2187, 389, 3486, 3197, 2694, 3358, 150, 2599, 1354, 1049, 500, 2739, 2281, 456, 2871, 2031, 2664, 2584, 3206, 1949, 2205, 2227, 2706, 1372, 3345]

solved select: 131 in 1460.15 seconds
iteration: 0, n requested: 131, n selected: 131, selected: [498, 2693, 2356, 3488, 2442, 1382, 1024, 2347, 126, 1989, 3204, 868, 3370, 3468, 3441, 1094, 1937, 472, 1646, 3351, 509, 1342, 1285, 2791, 431, 2336, 1873, 443, 359, 1281, 2422, 1479, 2889, 162, 2299, 446, 3178, 385, 387, 1206, 3328, 3225, 2164, 1650, 2314, 2549, 1968, 3400, 480, 1238, 1414, 1359, 381, 91, 939, 3201, 3278, 465, 549, 844, 1778, 523, 438, 2901, 2737, 2348, 440, 502, 1940, 1033, 2237, 3189, 207, 2546, 380, 3308, 952, 1982, 2010, 3385, 1298, 3330, 1898, 445, 1267, 2078, 345, 2254, 3126, 538, 900, 819, 3183, 1856, 2742, 3236, 1794, 1395, 3355, 469, 208, 53, 3450, 3196, 1632, 2187, 389, 3486, 3197, 2694, 3358, 150, 2599, 1354, 1049, 500, 2739, 2281, 456, 2871, 2031, 2664, 2584, 3206, 1949, 2205, 2227, 2706, 1372, 3345, 1015]

solved select: 132 in 1480.05 seconds
iteration: 0, n requested: 132, n selected: 132, selected: [498, 2693, 2356, 3488, 2442, 1382, 1024, 2347, 126, 1989, 3204, 868, 3370, 3468, 3441, 1094, 1937, 472, 1646, 3351, 509, 1342, 1285, 2791, 431, 2336, 1873, 443, 359, 1281, 2422, 1479, 2889, 162, 2299, 446, 3178, 385, 387, 1206, 3328, 3225, 2164, 1650, 2314, 2549, 1968, 3400, 480, 1238, 1414, 1359, 381, 91, 939, 3201, 3278, 465, 549, 844, 1778, 523, 438, 2901, 2737, 2348, 440, 502, 1940, 1033, 2237, 3189, 207, 2546, 380, 3308, 952, 1982, 2010, 3385, 1298, 3330, 1898, 445, 1267, 2078, 345, 2254, 3126, 538, 900, 819, 3183, 1856, 2742, 3236, 1794, 1395, 3355, 469, 208, 53, 3450, 3196, 1632, 2187, 389, 3486, 3197, 2694, 3358, 150, 2599, 1354, 1049, 500, 2739, 2281, 456, 2871, 2031, 2664, 2584, 3206, 1949, 2205, 2227, 2706, 1372, 3345, 1015, 1388]

solved select: 133 in 1499.63 seconds
iteration: 0, n requested: 133, n selected: 133, selected: [498, 2693, 2356, 3488, 2442, 1382, 1024, 2347, 126, 1989, 3204, 868, 3370, 3468, 3441, 1094, 1937, 472, 1646, 3351, 509, 1342, 1285, 2791, 431, 2336, 1873, 443, 359, 1281, 2422, 1479, 2889, 162, 2299, 446, 3178, 385, 387, 1206, 3328, 3225, 2164, 1650, 2314, 2549, 1968, 3400, 480, 1238, 1414, 1359, 381, 91, 939, 3201, 3278, 465, 549, 844, 1778, 523, 438, 2901, 2737, 2348, 440, 502, 1940, 1033, 2237, 3189, 207, 2546, 380, 3308, 952, 1982, 2010, 3385, 1298, 3330, 1898, 445, 1267, 2078, 345, 2254, 3126, 538, 900, 819, 3183, 1856, 2742, 3236, 1794, 1395, 3355, 469, 208, 53, 3450, 3196, 1632, 2187, 389, 3486, 3197, 2694, 3358, 150, 2599, 1354, 1049, 500, 2739, 2281, 456, 2871, 2031, 2664, 2584, 3206, 1949, 2205, 2227, 2706, 1372, 3345, 1015, 1388, 2723]

solved select: 134 in 1519.93 seconds
iteration: 0, n requested: 134, n selected: 134, selected: [498, 2693, 2356, 3488, 2442, 1382, 1024, 2347, 126, 1989, 3204, 868, 3370, 3468, 3441, 1094, 1937, 472, 1646, 3351, 509, 1342, 1285, 2791, 431, 2336, 1873, 443, 359, 1281, 2422, 1479, 2889, 162, 2299, 446, 3178, 385, 387, 1206, 3328, 3225, 2164, 1650, 2314, 2549, 1968, 3400, 480, 1238, 1414, 1359, 381, 91, 939, 3201, 3278, 465, 549, 844, 1778, 523, 438, 2901, 2737, 2348, 440, 502, 1940, 1033, 2237, 3189, 207, 2546, 380, 3308, 952, 1982, 2010, 3385, 1298, 3330, 1898, 445, 1267, 2078, 345, 2254, 3126, 538, 900, 819, 3183, 1856, 2742, 3236, 1794, 1395, 3355, 469, 208, 53, 3450, 3196, 1632, 2187, 389, 3486, 3197, 2694, 3358, 150, 2599, 1354, 1049, 500, 2739, 2281, 456, 2871, 2031, 2664, 2584, 3206, 1949, 2205, 2227, 2706, 1372, 3345, 1015, 1388, 2723, 421]

solved select: 135 in 1540.62 seconds
iteration: 0, n requested: 135, n selected: 135, selected: [498, 2693, 2356, 3488, 2442, 1382, 1024, 2347, 126, 1989, 3204, 868, 3370, 3468, 3441, 1094, 1937, 472, 1646, 3351, 509, 1342, 1285, 2791, 431, 2336, 1873, 443, 359, 1281, 2422, 1479, 2889, 162, 2299, 446, 3178, 385, 387, 1206, 3328, 3225, 2164, 1650, 2314, 2549, 1968, 3400, 480, 1238, 1414, 1359, 381, 91, 939, 3201, 3278, 465, 549, 844, 1778, 523, 438, 2901, 2737, 2348, 440, 502, 1940, 1033, 2237, 3189, 207, 2546, 380, 3308, 952, 1982, 2010, 3385, 1298, 3330, 1898, 445, 1267, 2078, 345, 2254, 3126, 538, 900, 819, 3183, 1856, 2742, 3236, 1794, 1395, 3355, 469, 208, 53, 3450, 3196, 1632, 2187, 389, 3486, 3197, 2694, 3358, 150, 2599, 1354, 1049, 500, 2739, 2281, 456, 2871, 2031, 2664, 2584, 3206, 1949, 2205, 2227, 2706, 1372, 3345, 1015, 1388, 2723, 421, 1901]

solved select: 136 in 1561.33 seconds
iteration: 0, n requested: 136, n selected: 136, selected: [498, 2693, 2356, 3488, 2442, 1382, 1024, 2347, 126, 1989, 3204, 868, 3370, 3468, 3441, 1094, 1937, 472, 1646, 3351, 509, 1342, 1285, 2791, 431, 2336, 1873, 443, 359, 1281, 2422, 1479, 2889, 162, 2299, 446, 3178, 385, 387, 1206, 3328, 3225, 2164, 1650, 2314, 2549, 1968, 3400, 480, 1238, 1414, 1359, 381, 91, 939, 3201, 3278, 465, 549, 844, 1778, 523, 438, 2901, 2737, 2348, 440, 502, 1940, 1033, 2237, 3189, 207, 2546, 380, 3308, 952, 1982, 2010, 3385, 1298, 3330, 1898, 445, 1267, 2078, 345, 2254, 3126, 538, 900, 819, 3183, 1856, 2742, 3236, 1794, 1395, 3355, 469, 208, 53, 3450, 3196, 1632, 2187, 389, 3486, 3197, 2694, 3358, 150, 2599, 1354, 1049, 500, 2739, 2281, 456, 2871, 2031, 2664, 2584, 3206, 1949, 2205, 2227, 2706, 1372, 3345, 1015, 1388, 2723, 421, 1901, 1878]

solved select: 137 in 1581.29 seconds
iteration: 0, n requested: 137, n selected: 137, selected: [498, 2693, 2356, 3488, 2442, 1382, 1024, 2347, 126, 1989, 3204, 868, 3370, 3468, 3441, 1094, 1937, 472, 1646, 3351, 509, 1342, 1285, 2791, 431, 2336, 1873, 443, 359, 1281, 2422, 1479, 2889, 162, 2299, 446, 3178, 385, 387, 1206, 3328, 3225, 2164, 1650, 2314, 2549, 1968, 3400, 480, 1238, 1414, 1359, 381, 91, 939, 3201, 3278, 465, 549, 844, 1778, 523, 438, 2901, 2737, 2348, 440, 502, 1940, 1033, 2237, 3189, 207, 2546, 380, 3308, 952, 1982, 2010, 3385, 1298, 3330, 1898, 445, 1267, 2078, 345, 2254, 3126, 538, 900, 819, 3183, 1856, 2742, 3236, 1794, 1395, 3355, 469, 208, 53, 3450, 3196, 1632, 2187, 389, 3486, 3197, 2694, 3358, 150, 2599, 1354, 1049, 500, 2739, 2281, 456, 2871, 2031, 2664, 2584, 3206, 1949, 2205, 2227, 2706, 1372, 3345, 1015, 1388, 2723, 421, 1901, 1878, 243]

solved select: 138 in 1601.95 seconds
iteration: 0, n requested: 138, n selected: 138, selected: [498, 2693, 2356, 3488, 2442, 1382, 1024, 2347, 126, 1989, 3204, 868, 3370, 3468, 3441, 1094, 1937, 472, 1646, 3351, 509, 1342, 1285, 2791, 431, 2336, 1873, 443, 359, 1281, 2422, 1479, 2889, 162, 2299, 446, 3178, 385, 387, 1206, 3328, 3225, 2164, 1650, 2314, 2549, 1968, 3400, 480, 1238, 1414, 1359, 381, 91, 939, 3201, 3278, 465, 549, 844, 1778, 523, 438, 2901, 2737, 2348, 440, 502, 1940, 1033, 2237, 3189, 207, 2546, 380, 3308, 952, 1982, 2010, 3385, 1298, 3330, 1898, 445, 1267, 2078, 345, 2254, 3126, 538, 900, 819, 3183, 1856, 2742, 3236, 1794, 1395, 3355, 469, 208, 53, 3450, 3196, 1632, 2187, 389, 3486, 3197, 2694, 3358, 150, 2599, 1354, 1049, 500, 2739, 2281, 456, 2871, 2031, 2664, 2584, 3206, 1949, 2205, 2227, 2706, 1372, 3345, 1015, 1388, 2723, 421, 1901, 1878, 243, 1394]

solved select: 139 in 1622.82 seconds
iteration: 0, n requested: 139, n selected: 139, selected: [498, 2693, 2356, 3488, 2442, 1382, 1024, 2347, 126, 1989, 3204, 868, 3370, 3468, 3441, 1094, 1937, 472, 1646, 3351, 509, 1342, 1285, 2791, 431, 2336, 1873, 443, 359, 1281, 2422, 1479, 2889, 162, 2299, 446, 3178, 385, 387, 1206, 3328, 3225, 2164, 1650, 2314, 2549, 1968, 3400, 480, 1238, 1414, 1359, 381, 91, 939, 3201, 3278, 465, 549, 844, 1778, 523, 438, 2901, 2737, 2348, 440, 502, 1940, 1033, 2237, 3189, 207, 2546, 380, 3308, 952, 1982, 2010, 3385, 1298, 3330, 1898, 445, 1267, 2078, 345, 2254, 3126, 538, 900, 819, 3183, 1856, 2742, 3236, 1794, 1395, 3355, 469, 208, 53, 3450, 3196, 1632, 2187, 389, 3486, 3197, 2694, 3358, 150, 2599, 1354, 1049, 500, 2739, 2281, 456, 2871, 2031, 2664, 2584, 3206, 1949, 2205, 2227, 2706, 1372, 3345, 1015, 1388, 2723, 421, 1901, 1878, 243, 1394, 481]

solved select: 140 in 1644.50 seconds
iteration: 0, n requested: 140, n selected: 140, selected: [498, 2693, 2356, 3488, 2442, 1382, 1024, 2347, 126, 1989, 3204, 868, 3370, 3468, 3441, 1094, 1937, 472, 1646, 3351, 509, 1342, 1285, 2791, 431, 2336, 1873, 443, 359, 1281, 2422, 1479, 2889, 162, 2299, 446, 3178, 385, 387, 1206, 3328, 3225, 2164, 1650, 2314, 2549, 1968, 3400, 480, 1238, 1414, 1359, 381, 91, 939, 3201, 3278, 465, 549, 844, 1778, 523, 438, 2901, 2737, 2348, 440, 502, 1940, 1033, 2237, 3189, 207, 2546, 380, 3308, 952, 1982, 2010, 3385, 1298, 3330, 1898, 445, 1267, 2078, 345, 2254, 3126, 538, 900, 819, 3183, 1856, 2742, 3236, 1794, 1395, 3355, 469, 208, 53, 3450, 3196, 1632, 2187, 389, 3486, 3197, 2694, 3358, 150, 2599, 1354, 1049, 500, 2739, 2281, 456, 2871, 2031, 2664, 2584, 3206, 1949, 2205, 2227, 2706, 1372, 3345, 1015, 1388, 2723, 421, 1901, 1878, 243, 1394, 481, 848]

solved select: 141 in 1665.77 seconds
iteration: 0, n requested: 141, n selected: 141, selected: [498, 2693, 2356, 3488, 2442, 1382, 1024, 2347, 126, 1989, 3204, 868, 3370, 3468, 3441, 1094, 1937, 472, 1646, 3351, 509, 1342, 1285, 2791, 431, 2336, 1873, 443, 359, 1281, 2422, 1479, 2889, 162, 2299, 446, 3178, 385, 387, 1206, 3328, 3225, 2164, 1650, 2314, 2549, 1968, 3400, 480, 1238, 1414, 1359, 381, 91, 939, 3201, 3278, 465, 549, 844, 1778, 523, 438, 2901, 2737, 2348, 440, 502, 1940, 1033, 2237, 3189, 207, 2546, 380, 3308, 952, 1982, 2010, 3385, 1298, 3330, 1898, 445, 1267, 2078, 345, 2254, 3126, 538, 900, 819, 3183, 1856, 2742, 3236, 1794, 1395, 3355, 469, 208, 53, 3450, 3196, 1632, 2187, 389, 3486, 3197, 2694, 3358, 150, 2599, 1354, 1049, 500, 2739, 2281, 456, 2871, 2031, 2664, 2584, 3206, 1949, 2205, 2227, 2706, 1372, 3345, 1015, 1388, 2723, 421, 1901, 1878, 243, 1394, 481, 848, 2301]

solved select: 142 in 1686.64 seconds
iteration: 0, n requested: 142, n selected: 142, selected: [498, 2693, 2356, 3488, 2442, 1382, 1024, 2347, 126, 1989, 3204, 868, 3370, 3468, 3441, 1094, 1937, 472, 1646, 3351, 509, 1342, 1285, 2791, 431, 2336, 1873, 443, 359, 1281, 2422, 1479, 2889, 162, 2299, 446, 3178, 385, 387, 1206, 3328, 3225, 2164, 1650, 2314, 2549, 1968, 3400, 480, 1238, 1414, 1359, 381, 91, 939, 3201, 3278, 465, 549, 844, 1778, 523, 438, 2901, 2737, 2348, 440, 502, 1940, 1033, 2237, 3189, 207, 2546, 380, 3308, 952, 1982, 2010, 3385, 1298, 3330, 1898, 445, 1267, 2078, 345, 2254, 3126, 538, 900, 819, 3183, 1856, 2742, 3236, 1794, 1395, 3355, 469, 208, 53, 3450, 3196, 1632, 2187, 389, 3486, 3197, 2694, 3358, 150, 2599, 1354, 1049, 500, 2739, 2281, 456, 2871, 2031, 2664, 2584, 3206, 1949, 2205, 2227, 2706, 1372, 3345, 1015, 1388, 2723, 421, 1901, 1878, 243, 1394, 481, 848, 2301, 533]

solved select: 143 in 1707.76 seconds
iteration: 0, n requested: 143, n selected: 143, selected: [498, 2693, 2356, 3488, 2442, 1382, 1024, 2347, 126, 1989, 3204, 868, 3370, 3468, 3441, 1094, 1937, 472, 1646, 3351, 509, 1342, 1285, 2791, 431, 2336, 1873, 443, 359, 1281, 2422, 1479, 2889, 162, 2299, 446, 3178, 385, 387, 1206, 3328, 3225, 2164, 1650, 2314, 2549, 1968, 3400, 480, 1238, 1414, 1359, 381, 91, 939, 3201, 3278, 465, 549, 844, 1778, 523, 438, 2901, 2737, 2348, 440, 502, 1940, 1033, 2237, 3189, 207, 2546, 380, 3308, 952, 1982, 2010, 3385, 1298, 3330, 1898, 445, 1267, 2078, 345, 2254, 3126, 538, 900, 819, 3183, 1856, 2742, 3236, 1794, 1395, 3355, 469, 208, 53, 3450, 3196, 1632, 2187, 389, 3486, 3197, 2694, 3358, 150, 2599, 1354, 1049, 500, 2739, 2281, 456, 2871, 2031, 2664, 2584, 3206, 1949, 2205, 2227, 2706, 1372, 3345, 1015, 1388, 2723, 421, 1901, 1878, 243, 1394, 481, 848, 2301, 533, 1257]

solved select: 144 in 1729.30 seconds
iteration: 0, n requested: 144, n selected: 144, selected: [498, 2693, 2356, 3488, 2442, 1382, 1024, 2347, 126, 1989, 3204, 868, 3370, 3468, 3441, 1094, 1937, 472, 1646, 3351, 509, 1342, 1285, 2791, 431, 2336, 1873, 443, 359, 1281, 2422, 1479, 2889, 162, 2299, 446, 3178, 385, 387, 1206, 3328, 3225, 2164, 1650, 2314, 2549, 1968, 3400, 480, 1238, 1414, 1359, 381, 91, 939, 3201, 3278, 465, 549, 844, 1778, 523, 438, 2901, 2737, 2348, 440, 502, 1940, 1033, 2237, 3189, 207, 2546, 380, 3308, 952, 1982, 2010, 3385, 1298, 3330, 1898, 445, 1267, 2078, 345, 2254, 3126, 538, 900, 819, 3183, 1856, 2742, 3236, 1794, 1395, 3355, 469, 208, 53, 3450, 3196, 1632, 2187, 389, 3486, 3197, 2694, 3358, 150, 2599, 1354, 1049, 500, 2739, 2281, 456, 2871, 2031, 2664, 2584, 3206, 1949, 2205, 2227, 2706, 1372, 3345, 1015, 1388, 2723, 421, 1901, 1878, 243, 1394, 481, 848, 2301, 533, 1257, 1300]

solved select: 145 in 1751.56 seconds
iteration: 0, n requested: 145, n selected: 145, selected: [498, 2693, 2356, 3488, 2442, 1382, 1024, 2347, 126, 1989, 3204, 868, 3370, 3468, 3441, 1094, 1937, 472, 1646, 3351, 509, 1342, 1285, 2791, 431, 2336, 1873, 443, 359, 1281, 2422, 1479, 2889, 162, 2299, 446, 3178, 385, 387, 1206, 3328, 3225, 2164, 1650, 2314, 2549, 1968, 3400, 480, 1238, 1414, 1359, 381, 91, 939, 3201, 3278, 465, 549, 844, 1778, 523, 438, 2901, 2737, 2348, 440, 502, 1940, 1033, 2237, 3189, 207, 2546, 380, 3308, 952, 1982, 2010, 3385, 1298, 3330, 1898, 445, 1267, 2078, 345, 2254, 3126, 538, 900, 819, 3183, 1856, 2742, 3236, 1794, 1395, 3355, 469, 208, 53, 3450, 3196, 1632, 2187, 389, 3486, 3197, 2694, 3358, 150, 2599, 1354, 1049, 500, 2739, 2281, 456, 2871, 2031, 2664, 2584, 3206, 1949, 2205, 2227, 2706, 1372, 3345, 1015, 1388, 2723, 421, 1901, 1878, 243, 1394, 481, 848, 2301, 533, 1257, 1300, 3393]

solved select: 146 in 1773.48 seconds
iteration: 0, n requested: 146, n selected: 146, selected: [498, 2693, 2356, 3488, 2442, 1382, 1024, 2347, 126, 1989, 3204, 868, 3370, 3468, 3441, 1094, 1937, 472, 1646, 3351, 509, 1342, 1285, 2791, 431, 2336, 1873, 443, 359, 1281, 2422, 1479, 2889, 162, 2299, 446, 3178, 385, 387, 1206, 3328, 3225, 2164, 1650, 2314, 2549, 1968, 3400, 480, 1238, 1414, 1359, 381, 91, 939, 3201, 3278, 465, 549, 844, 1778, 523, 438, 2901, 2737, 2348, 440, 502, 1940, 1033, 2237, 3189, 207, 2546, 380, 3308, 952, 1982, 2010, 3385, 1298, 3330, 1898, 445, 1267, 2078, 345, 2254, 3126, 538, 900, 819, 3183, 1856, 2742, 3236, 1794, 1395, 3355, 469, 208, 53, 3450, 3196, 1632, 2187, 389, 3486, 3197, 2694, 3358, 150, 2599, 1354, 1049, 500, 2739, 2281, 456, 2871, 2031, 2664, 2584, 3206, 1949, 2205, 2227, 2706, 1372, 3345, 1015, 1388, 2723, 421, 1901, 1878, 243, 1394, 481, 848, 2301, 533, 1257, 1300, 3393, 833]

solved select: 147 in 1794.69 seconds
iteration: 0, n requested: 147, n selected: 147, selected: [498, 2693, 2356, 3488, 2442, 1382, 1024, 2347, 126, 1989, 3204, 868, 3370, 3468, 3441, 1094, 1937, 472, 1646, 3351, 509, 1342, 1285, 2791, 431, 2336, 1873, 443, 359, 1281, 2422, 1479, 2889, 162, 2299, 446, 3178, 385, 387, 1206, 3328, 3225, 2164, 1650, 2314, 2549, 1968, 3400, 480, 1238, 1414, 1359, 381, 91, 939, 3201, 3278, 465, 549, 844, 1778, 523, 438, 2901, 2737, 2348, 440, 502, 1940, 1033, 2237, 3189, 207, 2546, 380, 3308, 952, 1982, 2010, 3385, 1298, 3330, 1898, 445, 1267, 2078, 345, 2254, 3126, 538, 900, 819, 3183, 1856, 2742, 3236, 1794, 1395, 3355, 469, 208, 53, 3450, 3196, 1632, 2187, 389, 3486, 3197, 2694, 3358, 150, 2599, 1354, 1049, 500, 2739, 2281, 456, 2871, 2031, 2664, 2584, 3206, 1949, 2205, 2227, 2706, 1372, 3345, 1015, 1388, 2723, 421, 1901, 1878, 243, 1394, 481, 848, 2301, 533, 1257, 1300, 3393, 833, 3365]

solved select: 148 in 1816.64 seconds
iteration: 0, n requested: 148, n selected: 148, selected: [498, 2693, 2356, 3488, 2442, 1382, 1024, 2347, 126, 1989, 3204, 868, 3370, 3468, 3441, 1094, 1937, 472, 1646, 3351, 509, 1342, 1285, 2791, 431, 2336, 1873, 443, 359, 1281, 2422, 1479, 2889, 162, 2299, 446, 3178, 385, 387, 1206, 3328, 3225, 2164, 1650, 2314, 2549, 1968, 3400, 480, 1238, 1414, 1359, 381, 91, 939, 3201, 3278, 465, 549, 844, 1778, 523, 438, 2901, 2737, 2348, 440, 502, 1940, 1033, 2237, 3189, 207, 2546, 380, 3308, 952, 1982, 2010, 3385, 1298, 3330, 1898, 445, 1267, 2078, 345, 2254, 3126, 538, 900, 819, 3183, 1856, 2742, 3236, 1794, 1395, 3355, 469, 208, 53, 3450, 3196, 1632, 2187, 389, 3486, 3197, 2694, 3358, 150, 2599, 1354, 1049, 500, 2739, 2281, 456, 2871, 2031, 2664, 2584, 3206, 1949, 2205, 2227, 2706, 1372, 3345, 1015, 1388, 2723, 421, 1901, 1878, 243, 1394, 481, 848, 2301, 533, 1257, 1300, 3393, 833, 3365, 1426]

solved select: 149 in 1838.83 seconds
iteration: 0, n requested: 149, n selected: 149, selected: [498, 2693, 2356, 3488, 2442, 1382, 1024, 2347, 126, 1989, 3204, 868, 3370, 3468, 3441, 1094, 1937, 472, 1646, 3351, 509, 1342, 1285, 2791, 431, 2336, 1873, 443, 359, 1281, 2422, 1479, 2889, 162, 2299, 446, 3178, 385, 387, 1206, 3328, 3225, 2164, 1650, 2314, 2549, 1968, 3400, 480, 1238, 1414, 1359, 381, 91, 939, 3201, 3278, 465, 549, 844, 1778, 523, 438, 2901, 2737, 2348, 440, 502, 1940, 1033, 2237, 3189, 207, 2546, 380, 3308, 952, 1982, 2010, 3385, 1298, 3330, 1898, 445, 1267, 2078, 345, 2254, 3126, 538, 900, 819, 3183, 1856, 2742, 3236, 1794, 1395, 3355, 469, 208, 53, 3450, 3196, 1632, 2187, 389, 3486, 3197, 2694, 3358, 150, 2599, 1354, 1049, 500, 2739, 2281, 456, 2871, 2031, 2664, 2584, 3206, 1949, 2205, 2227, 2706, 1372, 3345, 1015, 1388, 2723, 421, 1901, 1878, 243, 1394, 481, 848, 2301, 533, 1257, 1300, 3393, 833, 3365, 1426, 499]

solved select: 150 in 1862.09 seconds
iteration: 0, n requested: 150, n selected: 150, selected: [498, 2693, 2356, 3488, 2442, 1382, 1024, 2347, 126, 1989, 3204, 868, 3370, 3468, 3441, 1094, 1937, 472, 1646, 3351, 509, 1342, 1285, 2791, 431, 2336, 1873, 443, 359, 1281, 2422, 1479, 2889, 162, 2299, 446, 3178, 385, 387, 1206, 3328, 3225, 2164, 1650, 2314, 2549, 1968, 3400, 480, 1238, 1414, 1359, 381, 91, 939, 3201, 3278, 465, 549, 844, 1778, 523, 438, 2901, 2737, 2348, 440, 502, 1940, 1033, 2237, 3189, 207, 2546, 380, 3308, 952, 1982, 2010, 3385, 1298, 3330, 1898, 445, 1267, 2078, 345, 2254, 3126, 538, 900, 819, 3183, 1856, 2742, 3236, 1794, 1395, 3355, 469, 208, 53, 3450, 3196, 1632, 2187, 389, 3486, 3197, 2694, 3358, 150, 2599, 1354, 1049, 500, 2739, 2281, 456, 2871, 2031, 2664, 2584, 3206, 1949, 2205, 2227, 2706, 1372, 3345, 1015, 1388, 2723, 421, 1901, 1878, 243, 1394, 481, 848, 2301, 533, 1257, 1300, 3393, 833, 3365, 1426, 499, 520]

solved select: 151 in 1885.48 seconds
iteration: 0, n requested: 151, n selected: 151, selected: [498, 2693, 2356, 3488, 2442, 1382, 1024, 2347, 126, 1989, 3204, 868, 3370, 3468, 3441, 1094, 1937, 472, 1646, 3351, 509, 1342, 1285, 2791, 431, 2336, 1873, 443, 359, 1281, 2422, 1479, 2889, 162, 2299, 446, 3178, 385, 387, 1206, 3328, 3225, 2164, 1650, 2314, 2549, 1968, 3400, 480, 1238, 1414, 1359, 381, 91, 939, 3201, 3278, 465, 549, 844, 1778, 523, 438, 2901, 2737, 2348, 440, 502, 1940, 1033, 2237, 3189, 207, 2546, 380, 3308, 952, 1982, 2010, 3385, 1298, 3330, 1898, 445, 1267, 2078, 345, 2254, 3126, 538, 900, 819, 3183, 1856, 2742, 3236, 1794, 1395, 3355, 469, 208, 53, 3450, 3196, 1632, 2187, 389, 3486, 3197, 2694, 3358, 150, 2599, 1354, 1049, 500, 2739, 2281, 456, 2871, 2031, 2664, 2584, 3206, 1949, 2205, 2227, 2706, 1372, 3345, 1015, 1388, 2723, 421, 1901, 1878, 243, 1394, 481, 848, 2301, 533, 1257, 1300, 3393, 833, 3365, 1426, 499, 520, 205]

solved select: 152 in 1907.51 seconds
iteration: 0, n requested: 152, n selected: 152, selected: [498, 2693, 2356, 3488, 2442, 1382, 1024, 2347, 126, 1989, 3204, 868, 3370, 3468, 3441, 1094, 1937, 472, 1646, 3351, 509, 1342, 1285, 2791, 431, 2336, 1873, 443, 359, 1281, 2422, 1479, 2889, 162, 2299, 446, 3178, 385, 387, 1206, 3328, 3225, 2164, 1650, 2314, 2549, 1968, 3400, 480, 1238, 1414, 1359, 381, 91, 939, 3201, 3278, 465, 549, 844, 1778, 523, 438, 2901, 2737, 2348, 440, 502, 1940, 1033, 2237, 3189, 207, 2546, 380, 3308, 952, 1982, 2010, 3385, 1298, 3330, 1898, 445, 1267, 2078, 345, 2254, 3126, 538, 900, 819, 3183, 1856, 2742, 3236, 1794, 1395, 3355, 469, 208, 53, 3450, 3196, 1632, 2187, 389, 3486, 3197, 2694, 3358, 150, 2599, 1354, 1049, 500, 2739, 2281, 456, 2871, 2031, 2664, 2584, 3206, 1949, 2205, 2227, 2706, 1372, 3345, 1015, 1388, 2723, 421, 1901, 1878, 243, 1394, 481, 848, 2301, 533, 1257, 1300, 3393, 833, 3365, 1426, 499, 520, 205, 2238]

solved select: 153 in 1929.02 seconds
iteration: 0, n requested: 153, n selected: 153, selected: [498, 2693, 2356, 3488, 2442, 1382, 1024, 2347, 126, 1989, 3204, 868, 3370, 3468, 3441, 1094, 1937, 472, 1646, 3351, 509, 1342, 1285, 2791, 431, 2336, 1873, 443, 359, 1281, 2422, 1479, 2889, 162, 2299, 446, 3178, 385, 387, 1206, 3328, 3225, 2164, 1650, 2314, 2549, 1968, 3400, 480, 1238, 1414, 1359, 381, 91, 939, 3201, 3278, 465, 549, 844, 1778, 523, 438, 2901, 2737, 2348, 440, 502, 1940, 1033, 2237, 3189, 207, 2546, 380, 3308, 952, 1982, 2010, 3385, 1298, 3330, 1898, 445, 1267, 2078, 345, 2254, 3126, 538, 900, 819, 3183, 1856, 2742, 3236, 1794, 1395, 3355, 469, 208, 53, 3450, 3196, 1632, 2187, 389, 3486, 3197, 2694, 3358, 150, 2599, 1354, 1049, 500, 2739, 2281, 456, 2871, 2031, 2664, 2584, 3206, 1949, 2205, 2227, 2706, 1372, 3345, 1015, 1388, 2723, 421, 1901, 1878, 243, 1394, 481, 848, 2301, 533, 1257, 1300, 3393, 833, 3365, 1426, 499, 520, 205, 2238, 2167]

solved select: 154 in 1952.19 seconds
iteration: 0, n requested: 154, n selected: 154, selected: [498, 2693, 2356, 3488, 2442, 1382, 1024, 2347, 126, 1989, 3204, 868, 3370, 3468, 3441, 1094, 1937, 472, 1646, 3351, 509, 1342, 1285, 2791, 431, 2336, 1873, 443, 359, 1281, 2422, 1479, 2889, 162, 2299, 446, 3178, 385, 387, 1206, 3328, 3225, 2164, 1650, 2314, 2549, 1968, 3400, 480, 1238, 1414, 1359, 381, 91, 939, 3201, 3278, 465, 549, 844, 1778, 523, 438, 2901, 2737, 2348, 440, 502, 1940, 1033, 2237, 3189, 207, 2546, 380, 3308, 952, 1982, 2010, 3385, 1298, 3330, 1898, 445, 1267, 2078, 345, 2254, 3126, 538, 900, 819, 3183, 1856, 2742, 3236, 1794, 1395, 3355, 469, 208, 53, 3450, 3196, 1632, 2187, 389, 3486, 3197, 2694, 3358, 150, 2599, 1354, 1049, 500, 2739, 2281, 456, 2871, 2031, 2664, 2584, 3206, 1949, 2205, 2227, 2706, 1372, 3345, 1015, 1388, 2723, 421, 1901, 1878, 243, 1394, 481, 848, 2301, 533, 1257, 1300, 3393, 833, 3365, 1426, 499, 520, 205, 2238, 2167, 2015]

solved select: 155 in 1976.23 seconds
iteration: 0, n requested: 155, n selected: 155, selected: [498, 2693, 2356, 3488, 2442, 1382, 1024, 2347, 126, 1989, 3204, 868, 3370, 3468, 3441, 1094, 1937, 472, 1646, 3351, 509, 1342, 1285, 2791, 431, 2336, 1873, 443, 359, 1281, 2422, 1479, 2889, 162, 2299, 446, 3178, 385, 387, 1206, 3328, 3225, 2164, 1650, 2314, 2549, 1968, 3400, 480, 1238, 1414, 1359, 381, 91, 939, 3201, 3278, 465, 549, 844, 1778, 523, 438, 2901, 2737, 2348, 440, 502, 1940, 1033, 2237, 3189, 207, 2546, 380, 3308, 952, 1982, 2010, 3385, 1298, 3330, 1898, 445, 1267, 2078, 345, 2254, 3126, 538, 900, 819, 3183, 1856, 2742, 3236, 1794, 1395, 3355, 469, 208, 53, 3450, 3196, 1632, 2187, 389, 3486, 3197, 2694, 3358, 150, 2599, 1354, 1049, 500, 2739, 2281, 456, 2871, 2031, 2664, 2584, 3206, 1949, 2205, 2227, 2706, 1372, 3345, 1015, 1388, 2723, 421, 1901, 1878, 243, 1394, 481, 848, 2301, 533, 1257, 1300, 3393, 833, 3365, 1426, 499, 520, 205, 2238, 2167, 2015, 470]

solved select: 156 in 2044.12 seconds
iteration: 0, n requested: 156, n selected: 156, selected: [1094, 2693, 2356, 3488, 2442, 1382, 1024, 2347, 126, 1989, 3204, 868, 3370, 3468, 3441, 2327, 1937, 472, 1646, 1900, 509, 1342, 1285, 2791, 431, 2336, 1873, 443, 359, 1281, 2422, 1479, 2889, 162, 2299, 446, 3178, 312, 387, 1206, 3328, 3225, 2164, 1650, 2314, 2549, 1968, 3400, 480, 1238, 1414, 1359, 381, 91, 939, 3201, 3278, 465, 549, 844, 1778, 523, 438, 2901, 2737, 2348, 440, 502, 1940, 1033, 2237, 3189, 207, 2546, 380, 3308, 952, 1982, 2010, 3385, 1298, 3330, 1898, 445, 1267, 2078, 345, 2254, 3126, 538, 900, 819, 3183, 1856, 2742, 3236, 1794, 1395, 3355, 469, 208, 53, 3450, 3196, 1632, 2187, 389, 3486, 3197, 2694, 3358, 150, 2599, 1354, 1049, 500, 2739, 2281, 456, 2871, 2031, 2664, 2584, 3206, 1949, 2205, 2227, 2706, 1372, 3345, 1015, 1388, 2723, 421, 1901, 1878, 243, 1394, 481, 848, 2301, 533, 1257, 1300, 3393, 833, 3365, 1426, 499, 520, 205, 2238, 2167, 2015, 470, 1288]

solved select: 157 in 2109.65 seconds
iteration: 0, n requested: 157, n selected: 157, selected: [1094, 2693, 2356, 3488, 2442, 1382, 1024, 2347, 126, 1989, 3204, 868, 3370, 3468, 3441, 2327, 1937, 472, 1646, 1900, 509, 1342, 1285, 2791, 431, 2336, 1873, 443, 359, 1281, 2422, 1479, 2889, 162, 2299, 446, 3178, 312, 387, 1206, 3328, 3225, 2164, 1650, 2314, 2549, 1968, 3400, 480, 1238, 1414, 1359, 381, 91, 939, 3201, 3278, 465, 549, 844, 1778, 523, 438, 2901, 2737, 2348, 440, 502, 1940, 1033, 2237, 3189, 207, 2546, 380, 3308, 952, 1982, 2010, 3385, 1298, 3330, 1898, 445, 1267, 2078, 345, 2254, 3126, 538, 900, 819, 3183, 1856, 2742, 3236, 1794, 1395, 3355, 469, 208, 53, 3450, 3196, 1632, 2187, 389, 3486, 3197, 2694, 3358, 150, 2599, 1354, 1049, 500, 2739, 2281, 456, 2871, 2031, 2664, 2584, 3206, 1949, 2205, 2227, 2706, 1372, 3345, 1015, 1388, 2723, 421, 1901, 1878, 243, 1394, 481, 848, 2301, 533, 1257, 1300, 3393, 833, 3365, 1426, 499, 520, 205, 2238, 2167, 2015, 470, 1288, 1979]

solved select: 158 in 2174.70 seconds
iteration: 0, n requested: 158, n selected: 158, selected: [1094, 2693, 2356, 3488, 2442, 1382, 1024, 2347, 126, 1989, 3204, 868, 3370, 3468, 3441, 2327, 1937, 472, 1646, 1900, 509, 1342, 1285, 2791, 431, 2336, 1873, 443, 359, 1281, 2422, 1479, 2889, 162, 2299, 446, 3178, 312, 387, 1206, 3328, 3225, 2164, 1650, 2314, 2549, 1968, 3400, 480, 1238, 1414, 1359, 381, 91, 939, 3201, 3278, 465, 549, 844, 1778, 523, 438, 2901, 2737, 2348, 440, 502, 1940, 1033, 2237, 3189, 207, 2546, 380, 3308, 952, 1982, 2010, 3385, 1298, 3330, 1898, 445, 1267, 2078, 345, 2254, 3126, 538, 900, 819, 3183, 1856, 2742, 3236, 1794, 1395, 3355, 469, 208, 53, 3450, 3196, 1632, 2187, 389, 3486, 3197, 2694, 3358, 150, 2599, 1354, 1049, 500, 2739, 2281, 456, 2871, 2031, 2664, 2584, 3206, 1949, 2205, 2227, 2706, 1372, 3345, 1015, 1388, 2723, 421, 1901, 1878, 243, 1394, 481, 848, 2301, 533, 1257, 1300, 3393, 833, 3365, 1426, 499, 520, 205, 2238, 2167, 2015, 470, 1288, 1979, 3260]

solved select: 159 in 2243.95 seconds
iteration: 0, n requested: 159, n selected: 159, selected: [1094, 2693, 2356, 3488, 2442, 1382, 1024, 2347, 126, 1989, 3204, 868, 3370, 3468, 3441, 2327, 1937, 472, 1646, 1900, 509, 1342, 1285, 2791, 431, 2336, 1873, 443, 359, 1281, 2422, 1479, 2889, 162, 2299, 446, 3178, 312, 387, 1206, 3328, 3225, 2164, 1650, 2314, 2549, 1968, 3400, 480, 1238, 1414, 1359, 381, 91, 939, 3201, 3278, 465, 549, 844, 1778, 523, 438, 2901, 2737, 2348, 440, 502, 1940, 1033, 2237, 3189, 207, 2546, 380, 3308, 952, 1982, 2010, 3385, 1298, 3330, 1898, 445, 1267, 2078, 345, 2254, 3126, 538, 900, 819, 3183, 1856, 2742, 3236, 1794, 1395, 3355, 469, 208, 53, 3450, 3196, 1632, 2187, 389, 3486, 3197, 2694, 3358, 150, 2599, 1354, 1049, 500, 2739, 2281, 456, 2871, 2031, 2664, 2584, 3206, 1949, 2205, 2227, 2706, 1372, 3345, 1015, 1388, 2723, 421, 1901, 1878, 243, 1394, 481, 848, 2301, 533, 1257, 1300, 3393, 833, 3365, 1426, 499, 520, 205, 2238, 2167, 2015, 470, 1288, 1979, 3260, 2320]

solved select: 160 in 2309.30 seconds
iteration: 0, n requested: 160, n selected: 160, selected: [1094, 2693, 2356, 3488, 2442, 1382, 1024, 2347, 126, 1989, 3204, 868, 3370, 3468, 3441, 2327, 1937, 472, 1646, 1900, 509, 1342, 1285, 2791, 431, 2336, 1873, 443, 359, 1281, 2422, 1479, 2889, 162, 2299, 446, 3178, 312, 387, 1206, 3328, 3225, 2164, 1650, 2314, 2549, 1968, 3400, 480, 1238, 1414, 1359, 381, 91, 939, 3201, 3278, 465, 549, 844, 1778, 523, 438, 2901, 2737, 2348, 440, 502, 1940, 1033, 2237, 3189, 207, 2546, 380, 3308, 952, 1982, 2010, 3385, 1298, 3330, 1898, 445, 1267, 2078, 345, 2254, 3126, 538, 900, 819, 3183, 1856, 2742, 3236, 1794, 1395, 3355, 469, 208, 53, 3450, 3196, 1632, 2187, 389, 3486, 3197, 2694, 3358, 150, 2599, 1354, 1049, 500, 2739, 2281, 456, 2871, 2031, 2664, 2584, 3206, 1949, 2205, 2227, 2706, 1372, 3345, 1015, 1388, 2723, 421, 1901, 1878, 243, 1394, 481, 848, 2301, 533, 1257, 1300, 3393, 833, 3365, 1426, 499, 520, 205, 2238, 2167, 2015, 470, 1288, 1979, 3260, 2320, 1790]

solved select: 161 in 2378.57 seconds
iteration: 0, n requested: 161, n selected: 161, selected: [1094, 2693, 2356, 3488, 2442, 1382, 1024, 2347, 126, 1989, 3204, 868, 3370, 3468, 3441, 2327, 1937, 472, 1646, 1900, 509, 1342, 1285, 2791, 431, 2336, 1873, 443, 359, 1281, 2422, 1479, 2889, 162, 2299, 446, 3178, 312, 387, 1206, 3328, 3225, 2164, 1650, 2314, 2549, 1968, 3400, 480, 1238, 1414, 1359, 381, 91, 939, 3201, 3278, 465, 549, 844, 1778, 523, 438, 2901, 2737, 2348, 440, 502, 1940, 1033, 2237, 3189, 207, 2546, 380, 3308, 952, 1982, 2010, 3385, 1298, 3330, 1898, 445, 1267, 2078, 345, 2254, 3126, 538, 900, 819, 3183, 1856, 2742, 3236, 1794, 1395, 3355, 469, 208, 53, 3450, 3196, 1632, 2187, 389, 3486, 3197, 2694, 3358, 150, 2599, 1354, 1049, 500, 2739, 2281, 456, 2871, 2031, 2664, 2584, 3206, 1949, 2205, 2227, 2706, 1372, 3345, 1015, 1388, 2723, 421, 1901, 1878, 243, 1394, 481, 848, 2301, 533, 1257, 1300, 3393, 833, 3365, 1426, 499, 520, 205, 2238, 2167, 2015, 470, 1288, 1979, 3260, 2320, 1790, 1830]

solved select: 162 in 2445.61 seconds
iteration: 0, n requested: 162, n selected: 162, selected: [1094, 2693, 2356, 3488, 2442, 1382, 1024, 2347, 126, 1989, 3204, 868, 3370, 3468, 3441, 2327, 1937, 472, 1646, 1900, 509, 1342, 1285, 2791, 431, 2336, 1873, 443, 359, 1281, 2422, 1479, 2889, 162, 2299, 446, 3178, 312, 387, 1206, 3328, 3225, 2164, 1650, 2314, 2549, 1968, 3400, 480, 1238, 1414, 1359, 381, 91, 939, 3201, 3278, 465, 549, 844, 1778, 523, 438, 2901, 2737, 2348, 440, 502, 1940, 1033, 2237, 3189, 207, 2546, 380, 3308, 952, 1982, 2010, 3385, 1298, 3330, 1898, 445, 1267, 2078, 345, 2254, 3126, 538, 900, 819, 3183, 1856, 2742, 3236, 1794, 1395, 3355, 469, 208, 53, 3450, 3196, 1632, 2187, 389, 3486, 3197, 2694, 3358, 150, 2599, 1354, 1049, 500, 2739, 2281, 456, 2871, 2031, 2664, 2584, 3206, 1949, 2205, 2227, 2706, 1372, 3345, 1015, 1388, 2723, 421, 1901, 1878, 243, 1394, 481, 848, 2301, 533, 1257, 1300, 3393, 833, 3365, 1426, 499, 520, 205, 2238, 2167, 2015, 470, 1288, 1979, 3260, 2320, 1790, 1830, 1268]

solved select: 163 in 2514.44 seconds
iteration: 0, n requested: 163, n selected: 163, selected: [1094, 2693, 2356, 3488, 2442, 1382, 1024, 2347, 126, 1989, 3204, 868, 3370, 3468, 3441, 2327, 1937, 472, 1646, 1900, 509, 1342, 1285, 2791, 431, 2336, 1873, 443, 359, 1281, 2422, 1479, 2889, 162, 2299, 446, 3178, 312, 387, 1206, 3328, 3225, 2164, 1650, 2314, 2549, 1968, 3400, 480, 1238, 1414, 1359, 381, 91, 939, 3201, 3278, 465, 549, 844, 1778, 523, 438, 2901, 2737, 2348, 440, 502, 1940, 1033, 2237, 3189, 207, 2546, 380, 3308, 952, 1982, 2010, 3385, 1298, 3330, 1898, 445, 1267, 2078, 345, 2254, 3126, 538, 900, 819, 3183, 1856, 2742, 3236, 1794, 1395, 3355, 469, 208, 53, 3450, 3196, 1632, 2187, 389, 3486, 3197, 2694, 3358, 150, 2599, 1354, 1049, 500, 2739, 2281, 456, 2871, 2031, 2664, 2584, 3206, 1949, 2205, 2227, 2706, 1372, 3345, 1015, 1388, 2723, 421, 1901, 1878, 243, 1394, 481, 848, 2301, 533, 1257, 1300, 3393, 833, 3365, 1426, 499, 520, 205, 2238, 2167, 2015, 470, 1288, 1979, 3260, 2320, 1790, 1830, 1268, 1520]

solved select: 164 in 2584.34 seconds
iteration: 0, n requested: 164, n selected: 164, selected: [1094, 2693, 2356, 3488, 2442, 1382, 1024, 2347, 126, 1989, 3204, 868, 3370, 3468, 3441, 2327, 1937, 472, 1646, 1900, 509, 1342, 1285, 2791, 431, 2336, 1873, 443, 359, 1281, 2422, 1479, 2889, 162, 2299, 446, 3178, 312, 387, 1206, 3328, 3225, 2164, 1650, 2314, 2549, 1968, 3400, 480, 1238, 1414, 1359, 381, 91, 939, 3201, 3278, 465, 549, 844, 1778, 523, 438, 2901, 2737, 2348, 440, 502, 1940, 1033, 2237, 3189, 207, 2546, 380, 3308, 952, 1982, 2010, 3385, 1298, 3330, 1898, 445, 1267, 2078, 345, 2254, 3126, 538, 900, 819, 3183, 1856, 2742, 3236, 1794, 1395, 3355, 469, 208, 53, 3450, 3196, 1632, 2187, 389, 3486, 3197, 2694, 3358, 150, 2599, 1354, 1049, 500, 2739, 2281, 456, 2871, 2031, 2664, 2584, 3206, 1949, 2205, 2227, 2706, 1372, 3345, 1015, 1388, 2723, 421, 1901, 1878, 243, 1394, 481, 848, 2301, 533, 1257, 1300, 3393, 833, 3365, 1426, 499, 520, 205, 2238, 2167, 2015, 470, 1288, 1979, 3260, 2320, 1790, 1830, 1268, 1520, 2354]

solved select: 165 in 2654.91 seconds
iteration: 0, n requested: 165, n selected: 165, selected: [1094, 2693, 2356, 3488, 2442, 1382, 1024, 2347, 126, 1989, 3204, 868, 3370, 3468, 3441, 2327, 1937, 472, 1646, 1900, 509, 1342, 1285, 2791, 431, 2336, 1873, 443, 359, 1281, 2422, 1479, 2889, 162, 2299, 446, 3178, 312, 387, 1206, 3328, 3225, 2164, 1650, 2314, 2549, 1968, 3400, 480, 1238, 1414, 1359, 381, 91, 939, 3201, 3278, 465, 549, 844, 1778, 523, 438, 2901, 2737, 2348, 440, 502, 1940, 1033, 2237, 3189, 207, 2546, 380, 3308, 952, 1982, 2010, 3385, 1298, 3330, 1898, 445, 1267, 2078, 345, 2254, 3126, 538, 900, 819, 3183, 1856, 2742, 3236, 1794, 1395, 3355, 469, 208, 53, 3450, 3196, 1632, 2187, 389, 3486, 3197, 2694, 3358, 150, 2599, 1354, 1049, 500, 2739, 2281, 456, 2871, 2031, 2664, 2584, 3206, 1949, 2205, 2227, 2706, 1372, 3345, 1015, 1388, 2723, 421, 1901, 1878, 243, 1394, 481, 848, 2301, 533, 1257, 1300, 3393, 833, 3365, 1426, 499, 520, 205, 2238, 2167, 2015, 470, 1288, 1979, 3260, 2320, 1790, 1830, 1268, 1520, 2354, 468]

solved select: 166 in 2725.82 seconds
iteration: 0, n requested: 166, n selected: 166, selected: [1094, 2693, 2356, 3488, 2442, 1382, 1024, 2347, 126, 1989, 3204, 868, 3370, 3468, 3441, 2327, 1937, 472, 1646, 1900, 509, 1342, 1285, 2791, 431, 2336, 1873, 443, 359, 1281, 2422, 1479, 2889, 162, 2299, 446, 3178, 312, 387, 1206, 3328, 3225, 2164, 1650, 2314, 2549, 1968, 3400, 480, 1238, 1414, 1359, 381, 91, 939, 3201, 3278, 465, 549, 844, 1778, 523, 438, 2901, 2737, 2348, 440, 502, 1940, 1033, 2237, 3189, 207, 2546, 380, 3308, 952, 1982, 2010, 3385, 1298, 3330, 1898, 445, 1267, 2078, 345, 2254, 3126, 538, 900, 819, 3183, 1856, 2742, 3236, 1794, 1395, 3355, 469, 208, 53, 3450, 3196, 1632, 2187, 389, 3486, 3197, 2694, 3358, 150, 2599, 1354, 1049, 500, 2739, 2281, 456, 2871, 2031, 2664, 2584, 3206, 1949, 2205, 2227, 2706, 1372, 3345, 1015, 1388, 2723, 421, 1901, 1878, 243, 1394, 481, 848, 2301, 533, 1257, 1300, 3393, 833, 3365, 1426, 499, 520, 205, 2238, 2167, 2015, 470, 1288, 1979, 3260, 2320, 1790, 1830, 1268, 1520, 2354, 468, 528]

solved select: 167 in 2795.60 seconds
iteration: 0, n requested: 167, n selected: 167, selected: [1094, 2693, 2356, 3488, 2442, 1382, 1024, 2347, 126, 1989, 3204, 868, 3370, 3468, 3441, 2327, 1937, 472, 1646, 1900, 509, 1342, 1285, 2791, 431, 2336, 1873, 443, 359, 1281, 2422, 1479, 2889, 162, 2299, 446, 3178, 312, 387, 1206, 3328, 3225, 2164, 1650, 2314, 2549, 1968, 3400, 480, 1238, 1414, 1359, 381, 91, 939, 3201, 3278, 465, 549, 844, 1778, 523, 438, 2901, 2737, 2348, 440, 502, 1940, 1033, 2237, 3189, 207, 2546, 380, 3308, 952, 1982, 2010, 3385, 1298, 3330, 1898, 445, 1267, 2078, 345, 2254, 3126, 538, 900, 819, 3183, 1856, 2742, 3236, 1794, 1395, 3355, 469, 208, 53, 3450, 3196, 1632, 2187, 389, 3486, 3197, 2694, 3358, 150, 2599, 1354, 1049, 500, 2739, 2281, 456, 2871, 2031, 2664, 2584, 3206, 1949, 2205, 2227, 2706, 1372, 3345, 1015, 1388, 2723, 421, 1901, 1878, 243, 1394, 481, 848, 2301, 533, 1257, 1300, 3393, 833, 3365, 1426, 499, 520, 205, 2238, 2167, 2015, 470, 1288, 1979, 3260, 2320, 1790, 1830, 1268, 1520, 2354, 468, 528, 491]

solved select: 168 in 2864.53 seconds
iteration: 0, n requested: 168, n selected: 168, selected: [1094, 2693, 2356, 3488, 2442, 1382, 1024, 2347, 126, 1989, 3204, 868, 3370, 3468, 3441, 2327, 1937, 472, 1646, 1900, 509, 1342, 1285, 2791, 431, 2336, 1873, 443, 359, 1281, 2422, 1479, 2889, 162, 2299, 446, 3178, 312, 387, 1206, 3328, 3225, 2164, 1650, 2314, 2549, 1968, 3400, 480, 1238, 1414, 1359, 381, 91, 939, 3201, 3278, 465, 549, 844, 1778, 523, 438, 2901, 2737, 2348, 440, 502, 1940, 1033, 2237, 3189, 207, 2546, 380, 3308, 952, 1982, 2010, 3385, 1298, 3330, 1898, 445, 1267, 2078, 345, 2254, 3126, 538, 900, 819, 3183, 1856, 2742, 3236, 1794, 1395, 3355, 469, 208, 53, 3450, 3196, 1632, 2187, 389, 3486, 3197, 2694, 3358, 150, 2599, 1354, 1049, 500, 2739, 2281, 456, 2871, 2031, 2664, 2584, 3206, 1949, 2205, 2227, 2706, 1372, 3345, 1015, 1388, 2723, 421, 1901, 1878, 243, 1394, 481, 848, 2301, 533, 1257, 1300, 3393, 833, 3365, 1426, 499, 520, 205, 2238, 2167, 2015, 470, 1288, 1979, 3260, 2320, 1790, 1830, 1268, 1520, 2354, 468, 528, 491, 2353]

solved select: 169 in 2938.02 seconds
iteration: 0, n requested: 169, n selected: 169, selected: [1094, 2693, 2356, 3488, 2442, 1382, 1024, 2347, 126, 1989, 3204, 868, 3370, 3468, 3441, 2327, 1937, 472, 1646, 1900, 509, 1342, 1285, 2791, 431, 2336, 1873, 443, 359, 1281, 2422, 1479, 2889, 162, 2299, 446, 3178, 312, 387, 1206, 3328, 3225, 2164, 1650, 2314, 2549, 1968, 3400, 480, 1238, 1414, 1359, 381, 91, 939, 3201, 3278, 465, 549, 844, 1778, 523, 438, 2901, 2737, 2348, 440, 502, 1940, 1033, 2237, 3189, 207, 2546, 380, 3308, 952, 1982, 2010, 3385, 1298, 3330, 1898, 445, 1267, 2078, 345, 2254, 3126, 538, 900, 819, 3183, 1856, 2742, 3236, 1794, 1395, 3355, 469, 208, 53, 3450, 3196, 1632, 2187, 389, 3486, 3197, 2694, 3358, 150, 2599, 1354, 1049, 500, 2739, 2281, 456, 2871, 2031, 2664, 2584, 3206, 1949, 2205, 2227, 2706, 1372, 3345, 1015, 1388, 2723, 421, 1901, 1878, 243, 1394, 481, 848, 2301, 533, 1257, 1300, 3393, 833, 3365, 1426, 499, 520, 205, 2238, 2167, 2015, 470, 1288, 1979, 3260, 2320, 1790, 1830, 1268, 1520, 2354, 468, 528, 491, 2353, 571]

solved select: 170 in 3008.25 seconds
iteration: 0, n requested: 170, n selected: 170, selected: [1094, 2693, 2356, 3488, 2442, 1382, 1024, 2347, 126, 1989, 3204, 868, 3370, 3468, 3441, 2327, 1937, 472, 1646, 1900, 509, 1342, 1285, 2791, 431, 2336, 1873, 443, 359, 1281, 2422, 1479, 2889, 162, 2299, 446, 3178, 312, 387, 1206, 3328, 3225, 2164, 1650, 2314, 2549, 1968, 3400, 480, 1238, 1414, 1359, 381, 91, 939, 3201, 3278, 465, 549, 844, 1778, 523, 438, 2901, 2737, 2348, 440, 502, 1940, 1033, 2237, 3189, 207, 2546, 380, 3308, 952, 1982, 2010, 3385, 1298, 3330, 1898, 445, 1267, 2078, 345, 2254, 3126, 538, 900, 819, 3183, 1856, 2742, 3236, 1794, 1395, 3355, 469, 208, 53, 3450, 3196, 1632, 2187, 389, 3486, 3197, 2694, 3358, 150, 2599, 1354, 1049, 500, 2739, 2281, 456, 2871, 2031, 2664, 2584, 3206, 1949, 2205, 2227, 2706, 1372, 3345, 1015, 1388, 2723, 421, 1901, 1878, 243, 1394, 481, 848, 2301, 533, 1257, 1300, 3393, 833, 3365, 1426, 499, 520, 205, 2238, 2167, 2015, 470, 1288, 1979, 3260, 2320, 1790, 1830, 1268, 1520, 2354, 468, 528, 491, 2353, 571, 677]

solved select: 171 in 3079.54 seconds
iteration: 0, n requested: 171, n selected: 171, selected: [1094, 2693, 2356, 3488, 2442, 1382, 1024, 2347, 126, 1989, 3204, 868, 3370, 3468, 3441, 2327, 1937, 472, 1646, 1900, 509, 1342, 1285, 2791, 431, 2336, 1873, 443, 359, 1281, 2422, 1479, 2889, 162, 2299, 446, 3178, 312, 387, 1206, 3328, 3225, 2164, 1650, 2314, 2549, 1968, 3400, 480, 1238, 1414, 1359, 381, 91, 939, 3201, 3278, 465, 549, 844, 1778, 523, 438, 2901, 2737, 2348, 440, 502, 1940, 1033, 2237, 3189, 207, 2546, 380, 3308, 952, 1982, 2010, 3385, 1298, 3330, 1898, 445, 1267, 2078, 345, 2254, 3126, 538, 900, 819, 3183, 1856, 2742, 3236, 1794, 1395, 3355, 469, 208, 53, 3450, 3196, 1632, 2187, 389, 3486, 3197, 2694, 3358, 150, 2599, 1354, 1049, 500, 2739, 2281, 456, 2871, 2031, 2664, 2584, 3206, 1949, 2205, 2227, 2706, 1372, 3345, 1015, 1388, 2723, 421, 1901, 1878, 243, 1394, 481, 848, 2301, 533, 1257, 1300, 3393, 833, 3365, 1426, 499, 520, 205, 2238, 2167, 2015, 470, 1288, 1979, 3260, 2320, 1790, 1830, 1268, 1520, 2354, 468, 528, 491, 2353, 571, 677, 507]

solved select: 172 in 3150.27 seconds
iteration: 0, n requested: 172, n selected: 172, selected: [1094, 2693, 2356, 3488, 2442, 1382, 1024, 2347, 126, 1989, 3204, 868, 3370, 3468, 3441, 2327, 1937, 472, 1646, 1900, 509, 1342, 1285, 2791, 431, 2336, 1873, 443, 359, 1281, 2422, 1479, 2889, 162, 2299, 446, 3178, 312, 387, 1206, 3328, 3225, 2164, 1650, 2314, 2549, 1968, 3400, 480, 1238, 1414, 1359, 381, 91, 939, 3201, 3278, 465, 549, 844, 1778, 523, 438, 2901, 2737, 2348, 440, 502, 1940, 1033, 2237, 3189, 207, 2546, 380, 3308, 952, 1982, 2010, 3385, 1298, 3330, 1898, 445, 1267, 2078, 345, 2254, 3126, 538, 900, 819, 3183, 1856, 2742, 3236, 1794, 1395, 3355, 469, 208, 53, 3450, 3196, 1632, 2187, 389, 3486, 3197, 2694, 3358, 150, 2599, 1354, 1049, 500, 2739, 2281, 456, 2871, 2031, 2664, 2584, 3206, 1949, 2205, 2227, 2706, 1372, 3345, 1015, 1388, 2723, 421, 1901, 1878, 243, 1394, 481, 848, 2301, 533, 1257, 1300, 3393, 833, 3365, 1426, 499, 520, 205, 2238, 2167, 2015, 470, 1288, 1979, 3260, 2320, 1790, 1830, 1268, 1520, 2354, 468, 528, 491, 2353, 571, 677, 507, 2337]

solved select: 173 in 3221.45 seconds
iteration: 0, n requested: 173, n selected: 173, selected: [1094, 2693, 2356, 3488, 2442, 1382, 1024, 2347, 126, 1989, 3204, 868, 3370, 3468, 3441, 2327, 1937, 472, 1646, 1900, 509, 1342, 1285, 2791, 431, 2336, 1873, 443, 359, 1281, 2422, 1479, 2889, 162, 2299, 446, 3178, 312, 387, 1206, 3328, 3225, 2164, 1650, 2314, 2549, 1968, 3400, 480, 1238, 1414, 1359, 381, 91, 939, 3201, 3278, 465, 549, 844, 1778, 523, 438, 2901, 2737, 2348, 440, 502, 1940, 1033, 2237, 3189, 207, 2546, 380, 3308, 952, 1982, 2010, 3385, 1298, 3330, 1898, 445, 1267, 2078, 345, 2254, 3126, 538, 900, 819, 3183, 1856, 2742, 3236, 1794, 1395, 3355, 469, 208, 53, 3450, 3196, 1632, 2187, 389, 3486, 3197, 2694, 3358, 150, 2599, 1354, 1049, 500, 2739, 2281, 456, 2871, 2031, 2664, 2584, 3206, 1949, 2205, 2227, 2706, 1372, 3345, 1015, 1388, 2723, 421, 1901, 1878, 243, 1394, 481, 848, 2301, 533, 1257, 1300, 3393, 833, 3365, 1426, 499, 520, 205, 2238, 2167, 2015, 470, 1288, 1979, 3260, 2320, 1790, 1830, 1268, 1520, 2354, 468, 528, 491, 2353, 571, 677, 507, 2337, 1523]

solved select: 174 in 3293.57 seconds
iteration: 0, n requested: 174, n selected: 174, selected: [1094, 2693, 2356, 3488, 2442, 1382, 1024, 2347, 126, 1989, 3204, 868, 3370, 3468, 3441, 2327, 1937, 472, 1646, 1900, 509, 1342, 1285, 2791, 431, 2336, 1873, 443, 359, 1281, 2422, 1479, 2889, 162, 2299, 446, 3178, 312, 387, 1206, 3328, 3225, 2164, 1650, 2314, 2549, 1968, 3400, 480, 1238, 1414, 1359, 381, 91, 939, 3201, 3278, 465, 549, 844, 1778, 523, 438, 2901, 2737, 2348, 440, 502, 1940, 1033, 2237, 3189, 207, 2546, 380, 3308, 952, 1982, 2010, 3385, 1298, 3330, 1898, 445, 1267, 2078, 345, 2254, 3126, 538, 900, 819, 3183, 1856, 2742, 3236, 1794, 1395, 3355, 469, 208, 53, 3450, 3196, 1632, 2187, 389, 3486, 3197, 2694, 3358, 150, 2599, 1354, 1049, 500, 2739, 2281, 456, 2871, 2031, 2664, 2584, 3206, 1949, 2205, 2227, 2706, 1372, 3345, 1015, 1388, 2723, 421, 1901, 1878, 243, 1394, 481, 848, 2301, 533, 1257, 1300, 3393, 833, 3365, 1426, 499, 520, 205, 2238, 2167, 2015, 470, 1288, 1979, 3260, 2320, 1790, 1830, 1268, 1520, 2354, 468, 528, 491, 2353, 571, 677, 507, 2337, 1523, 934]

solved select: 175 in 3364.70 seconds
iteration: 0, n requested: 175, n selected: 175, selected: [1094, 2693, 2356, 3488, 2442, 1382, 1024, 2347, 126, 1989, 3204, 868, 3370, 3468, 3441, 2327, 1937, 472, 1646, 1900, 509, 1342, 1285, 2791, 431, 2336, 1873, 443, 359, 1281, 2422, 1479, 2889, 162, 2299, 446, 3178, 312, 387, 1206, 3328, 3225, 2164, 1650, 2314, 2549, 1968, 3400, 480, 1238, 1414, 1359, 381, 91, 939, 3201, 3278, 465, 549, 844, 1778, 523, 438, 2901, 2737, 2348, 440, 502, 1940, 1033, 2237, 3189, 207, 2546, 380, 3308, 952, 1982, 2010, 3385, 1298, 3330, 1898, 445, 1267, 2078, 345, 2254, 3126, 538, 900, 819, 3183, 1856, 2742, 3236, 1794, 1395, 3355, 469, 208, 53, 3450, 3196, 1632, 2187, 389, 3486, 3197, 2694, 3358, 150, 2599, 1354, 1049, 500, 2739, 2281, 456, 2871, 2031, 2664, 2584, 3206, 1949, 2205, 2227, 2706, 1372, 3345, 1015, 1388, 2723, 421, 1901, 1878, 243, 1394, 481, 848, 2301, 533, 1257, 1300, 3393, 833, 3365, 1426, 499, 520, 205, 2238, 2167, 2015, 470, 1288, 1979, 3260, 2320, 1790, 1830, 1268, 1520, 2354, 468, 528, 491, 2353, 571, 677, 507, 2337, 1523, 934, 2087]

solved select: 176 in 3438.71 seconds
iteration: 0, n requested: 176, n selected: 176, selected: [1094, 2693, 2356, 3488, 2442, 1382, 1024, 2347, 126, 1989, 3204, 868, 3370, 3468, 3441, 2327, 1937, 472, 1646, 1900, 509, 1342, 1285, 2791, 431, 2336, 1873, 443, 359, 1281, 2422, 1479, 2889, 162, 2299, 446, 3178, 312, 387, 1206, 3328, 3225, 2164, 1650, 2314, 2549, 1968, 3400, 480, 1238, 1414, 1359, 381, 91, 939, 3201, 3278, 465, 549, 844, 1778, 523, 438, 2901, 2737, 2348, 440, 502, 1940, 1033, 2237, 3189, 207, 2546, 380, 3308, 952, 1982, 2010, 3385, 1298, 3330, 1898, 445, 1267, 2078, 345, 2254, 3126, 538, 900, 819, 3183, 1856, 2742, 3236, 1794, 1395, 3355, 469, 208, 53, 3450, 3196, 1632, 2187, 389, 3486, 3197, 2694, 3358, 150, 2599, 1354, 1049, 500, 2739, 2281, 456, 2871, 2031, 2664, 2584, 3206, 1949, 2205, 2227, 2706, 1372, 3345, 1015, 1388, 2723, 421, 1901, 1878, 243, 1394, 481, 848, 2301, 533, 1257, 1300, 3393, 833, 3365, 1426, 499, 520, 205, 2238, 2167, 2015, 470, 1288, 1979, 3260, 2320, 1790, 1830, 1268, 1520, 2354, 468, 528, 491, 2353, 571, 677, 507, 2337, 1523, 934, 2087, 2479]

solved select: 177 in 3513.20 seconds
iteration: 0, n requested: 177, n selected: 177, selected: [1094, 2693, 2356, 3488, 2442, 1382, 1024, 2347, 126, 1989, 3204, 868, 3370, 3468, 3441, 2327, 1937, 472, 1646, 1900, 509, 1342, 1285, 2791, 431, 2336, 1873, 443, 359, 1281, 2422, 1479, 2889, 162, 2299, 446, 3178, 312, 387, 1206, 3328, 3225, 2164, 1650, 2314, 2549, 1968, 3400, 480, 1238, 1414, 1359, 381, 91, 939, 3201, 3278, 465, 549, 844, 1778, 523, 438, 2901, 2737, 2348, 440, 502, 1940, 1033, 2237, 3189, 207, 2546, 380, 3308, 952, 1982, 2010, 3385, 1298, 3330, 1898, 445, 1267, 2078, 345, 2254, 3126, 538, 900, 819, 3183, 1856, 2742, 3236, 1794, 1395, 3355, 469, 208, 53, 3450, 3196, 1632, 2187, 389, 3486, 3197, 2694, 3358, 150, 2599, 1354, 1049, 500, 2739, 2281, 456, 2871, 2031, 2664, 2584, 3206, 1949, 2205, 2227, 2706, 1372, 3345, 1015, 1388, 2723, 421, 1901, 1878, 243, 1394, 481, 848, 2301, 533, 1257, 1300, 3393, 833, 3365, 1426, 499, 520, 205, 2238, 2167, 2015, 470, 1288, 1979, 3260, 2320, 1790, 1830, 1268, 1520, 2354, 468, 528, 491, 2353, 571, 677, 507, 2337, 1523, 934, 2087, 2479, 2902]

solved select: 178 in 3586.77 seconds
iteration: 0, n requested: 178, n selected: 178, selected: [1094, 2693, 2356, 3488, 2442, 1382, 1024, 2347, 126, 1989, 3204, 868, 3370, 3468, 3441, 2327, 1937, 472, 1646, 1900, 509, 1342, 1285, 2791, 431, 2336, 1873, 443, 359, 1281, 2422, 1479, 2889, 162, 2299, 446, 3178, 312, 387, 1206, 3328, 3225, 2164, 1650, 2314, 2549, 1968, 3400, 480, 1238, 1414, 1359, 381, 91, 939, 3201, 3278, 465, 549, 844, 1778, 523, 438, 2901, 2737, 2348, 440, 502, 1940, 1033, 2237, 3189, 207, 2546, 380, 3308, 952, 1982, 2010, 3385, 1298, 3330, 1898, 445, 1267, 2078, 345, 2254, 3126, 538, 900, 819, 3183, 1856, 2742, 3236, 1794, 1395, 3355, 469, 208, 53, 3450, 3196, 1632, 2187, 389, 3486, 3197, 2694, 3358, 150, 2599, 1354, 1049, 500, 2739, 2281, 456, 2871, 2031, 2664, 2584, 3206, 1949, 2205, 2227, 2706, 1372, 3345, 1015, 1388, 2723, 421, 1901, 1878, 243, 1394, 481, 848, 2301, 533, 1257, 1300, 3393, 833, 3365, 1426, 499, 520, 205, 2238, 2167, 2015, 470, 1288, 1979, 3260, 2320, 1790, 1830, 1268, 1520, 2354, 468, 528, 491, 2353, 571, 677, 507, 2337, 1523, 934, 2087, 2479, 2902, 850]

solved select: 179 in 3658.99 seconds
iteration: 0, n requested: 179, n selected: 179, selected: [1094, 2693, 2356, 3488, 2442, 1382, 1024, 2347, 126, 1989, 3204, 868, 3370, 3468, 3441, 2327, 1937, 472, 1646, 1900, 509, 1342, 1285, 2791, 431, 2336, 1873, 443, 359, 1281, 2422, 1479, 2889, 162, 2299, 446, 3178, 312, 387, 1206, 3328, 3225, 2164, 1650, 2314, 2549, 1968, 3400, 480, 1238, 1414, 1359, 381, 91, 939, 3201, 3278, 465, 549, 844, 1778, 523, 438, 2901, 2737, 2348, 440, 502, 1940, 1033, 2237, 3189, 207, 2546, 380, 3308, 952, 1982, 2010, 3385, 1298, 3330, 1898, 445, 1267, 2078, 345, 2254, 3126, 538, 900, 819, 3183, 1856, 2742, 3236, 1794, 1395, 3355, 469, 208, 53, 3450, 3196, 1632, 2187, 389, 3486, 3197, 2694, 3358, 150, 2599, 1354, 1049, 500, 2739, 2281, 456, 2871, 2031, 2664, 2584, 3206, 1949, 2205, 2227, 2706, 1372, 3345, 1015, 1388, 2723, 421, 1901, 1878, 243, 1394, 481, 848, 2301, 533, 1257, 1300, 3393, 833, 3365, 1426, 499, 520, 205, 2238, 2167, 2015, 470, 1288, 1979, 3260, 2320, 1790, 1830, 1268, 1520, 2354, 468, 528, 491, 2353, 571, 677, 507, 2337, 1523, 934, 2087, 2479, 2902, 850, 2218]

solved select: 180 in 3731.90 seconds
iteration: 0, n requested: 180, n selected: 180, selected: [1094, 2693, 2356, 3488, 2442, 1382, 1024, 2347, 126, 1989, 3204, 868, 3370, 3468, 3441, 2327, 1937, 472, 1646, 1900, 509, 1342, 1285, 2791, 431, 2336, 1873, 443, 359, 1281, 2422, 1479, 2889, 162, 2299, 446, 3178, 312, 387, 1206, 3328, 3225, 2164, 1650, 2314, 2549, 1968, 3400, 480, 1238, 1414, 1359, 381, 91, 939, 3201, 3278, 465, 549, 844, 1778, 523, 438, 2901, 2737, 2348, 440, 502, 1940, 1033, 2237, 3189, 207, 2546, 380, 3308, 952, 1982, 2010, 3385, 1298, 3330, 1898, 445, 1267, 2078, 345, 2254, 3126, 538, 900, 819, 3183, 1856, 2742, 3236, 1794, 1395, 3355, 469, 208, 53, 3450, 3196, 1632, 2187, 389, 3486, 3197, 2694, 3358, 150, 2599, 1354, 1049, 500, 2739, 2281, 456, 2871, 2031, 2664, 2584, 3206, 1949, 2205, 2227, 2706, 1372, 3345, 1015, 1388, 2723, 421, 1901, 1878, 243, 1394, 481, 848, 2301, 533, 1257, 1300, 3393, 833, 3365, 1426, 499, 520, 205, 2238, 2167, 2015, 470, 1288, 1979, 3260, 2320, 1790, 1830, 1268, 1520, 2354, 468, 528, 491, 2353, 571, 677, 507, 2337, 1523, 934, 2087, 2479, 2902, 850, 2218, 3337]

solved select: 181 in 3808.08 seconds
iteration: 0, n requested: 181, n selected: 181, selected: [1094, 2693, 2356, 3488, 2442, 1382, 1024, 2347, 126, 1989, 3204, 868, 3370, 3468, 3441, 2327, 1937, 472, 1646, 1900, 509, 1342, 1285, 2791, 431, 2336, 1873, 443, 359, 1281, 2422, 1479, 2889, 162, 2299, 446, 3178, 312, 387, 1206, 3328, 3225, 2164, 1650, 2314, 2549, 1968, 3400, 480, 1238, 1414, 1359, 381, 91, 939, 3201, 3278, 465, 549, 844, 1778, 523, 438, 2901, 2737, 2348, 440, 502, 1940, 1033, 2237, 3189, 207, 2546, 380, 3308, 952, 1982, 2010, 3385, 1298, 3330, 1898, 445, 1267, 2078, 345, 2254, 3126, 538, 900, 819, 3183, 1856, 2742, 3236, 1794, 1395, 3355, 469, 208, 53, 3450, 3196, 1632, 2187, 389, 3486, 3197, 2694, 3358, 150, 2599, 1354, 1049, 500, 2739, 2281, 456, 2871, 2031, 2664, 2584, 3206, 1949, 2205, 2227, 2706, 1372, 3345, 1015, 1388, 2723, 421, 1901, 1878, 243, 1394, 481, 848, 2301, 533, 1257, 1300, 3393, 833, 3365, 1426, 499, 520, 205, 2238, 2167, 2015, 470, 1288, 1979, 3260, 2320, 1790, 1830, 1268, 1520, 2354, 468, 528, 491, 2353, 571, 677, 507, 2337, 1523, 934, 2087, 2479, 2902, 850, 2218, 3337, 2308]

solved select: 182 in 3906.62 seconds
iteration: 0, n requested: 182, n selected: 182, selected: [1094, 2693, 2356, 3488, 2442, 1382, 1024, 2347, 126, 1989, 3204, 868, 3370, 3468, 3441, 2327, 1937, 472, 316, 1900, 509, 1342, 1285, 2791, 431, 2336, 1873, 443, 359, 1281, 2422, 1479, 2889, 162, 2299, 446, 3178, 385, 387, 1206, 3328, 3225, 2164, 1650, 2314, 2549, 1968, 3400, 480, 1238, 1414, 1359, 381, 91, 939, 3201, 3278, 465, 549, 844, 1778, 523, 438, 2901, 2737, 2348, 440, 502, 1940, 1033, 2237, 3189, 207, 2546, 380, 3308, 952, 1982, 2010, 3385, 1298, 3330, 1898, 445, 1267, 2078, 345, 2254, 3126, 538, 900, 819, 3183, 1856, 2742, 3236, 1794, 1395, 3355, 469, 208, 53, 3450, 3196, 1632, 2187, 389, 3486, 3197, 2694, 3358, 150, 2599, 1354, 1049, 500, 2739, 2281, 456, 2871, 2031, 2664, 2584, 3206, 1949, 2205, 2227, 2706, 1372, 3345, 1015, 1388, 2723, 421, 1901, 1878, 243, 1394, 481, 848, 2301, 533, 1257, 1300, 3393, 833, 3365, 1426, 499, 520, 205, 2238, 2167, 2015, 470, 1288, 1979, 3260, 2320, 1790, 1830, 1268, 1520, 2354, 468, 528, 491, 2353, 571, 677, 507, 2337, 1523, 934, 2087, 2479, 2902, 850, 2218, 3337, 2308, 1504]

solved select: 183 in 4006.40 seconds
iteration: 0, n requested: 183, n selected: 183, selected: [1094, 2693, 2356, 3488, 2442, 1382, 1024, 2347, 126, 1989, 3204, 868, 3370, 3468, 3441, 2327, 1937, 472, 316, 1900, 509, 1342, 1285, 2791, 431, 2336, 1873, 443, 359, 1281, 2422, 1479, 2889, 162, 2299, 446, 3178, 385, 387, 1206, 3328, 3225, 2164, 1650, 2314, 2549, 1968, 3400, 480, 1238, 1414, 1359, 381, 91, 939, 3201, 3278, 465, 549, 844, 1778, 523, 438, 2901, 2737, 2348, 440, 502, 1940, 1033, 2237, 3189, 207, 2546, 380, 3308, 952, 1982, 2010, 3385, 1298, 3330, 1898, 445, 1267, 2078, 345, 2254, 3126, 538, 900, 819, 3183, 1856, 2742, 3236, 1794, 1395, 3355, 469, 208, 53, 3450, 3196, 1632, 2187, 389, 3486, 3197, 2694, 3358, 150, 2599, 1354, 1049, 500, 2739, 2281, 456, 2871, 2031, 2664, 2584, 3206, 1949, 2205, 2227, 2706, 1372, 3345, 1015, 1388, 2723, 421, 1901, 1878, 243, 1394, 481, 848, 2301, 533, 1257, 1300, 3393, 833, 3365, 1426, 499, 520, 205, 2238, 2167, 2015, 470, 1288, 1979, 3260, 2320, 1790, 1830, 1268, 1520, 2354, 468, 528, 491, 2353, 571, 677, 507, 2337, 1523, 934, 2087, 2479, 2902, 850, 2218, 3337, 2308, 1504, 3205]

solved select: 184 in 4108.79 seconds
iteration: 0, n requested: 184, n selected: 184, selected: [1094, 2693, 2356, 3488, 2442, 1382, 1024, 2347, 126, 1989, 3204, 868, 3370, 3468, 3441, 2327, 1937, 472, 316, 1900, 509, 1342, 1285, 2791, 431, 2336, 1873, 443, 359, 1281, 2422, 1479, 2889, 162, 2299, 446, 3178, 385, 387, 1206, 3328, 3225, 2164, 1650, 2314, 2549, 1968, 3400, 480, 1238, 1414, 1359, 381, 91, 939, 3201, 3278, 465, 549, 844, 1778, 523, 438, 2901, 2737, 2348, 440, 502, 1940, 1033, 2237, 3189, 207, 2546, 380, 3308, 952, 1982, 2010, 3385, 1298, 3330, 1898, 445, 1267, 2078, 345, 2254, 3126, 538, 900, 819, 3183, 1856, 2742, 3236, 1794, 1395, 3355, 469, 208, 53, 3450, 3196, 1632, 2187, 389, 3486, 3197, 2694, 3358, 150, 2599, 1354, 1049, 500, 2739, 2281, 456, 2871, 2031, 2664, 2584, 3206, 1949, 2205, 2227, 2706, 1372, 3345, 1015, 1388, 2723, 421, 1901, 1878, 243, 1394, 481, 848, 2301, 533, 1257, 1300, 3393, 833, 3365, 1426, 499, 520, 205, 2238, 2167, 2015, 470, 1288, 1979, 3260, 2320, 1790, 1830, 1268, 1520, 2354, 468, 528, 491, 2353, 571, 677, 507, 2337, 1523, 934, 2087, 2479, 2902, 850, 2218, 3337, 2308, 1504, 3205, 1276]

solved select: 185 in 4215.07 seconds
iteration: 0, n requested: 185, n selected: 185, selected: [1094, 2693, 2356, 3488, 2442, 1382, 1024, 2347, 126, 1989, 3204, 868, 3370, 3468, 3441, 2327, 1937, 472, 316, 1900, 509, 1342, 1285, 2791, 431, 2336, 1873, 443, 359, 1281, 2422, 1479, 2889, 162, 2299, 446, 3178, 385, 387, 1206, 3328, 3225, 2164, 1650, 2314, 2549, 1968, 3400, 480, 1238, 1414, 1359, 381, 91, 939, 3201, 3278, 465, 549, 844, 1778, 523, 438, 2901, 2737, 2348, 440, 502, 1940, 1033, 2237, 3189, 207, 2546, 380, 3308, 952, 1982, 2010, 3385, 1298, 3330, 1898, 445, 1267, 2078, 345, 2254, 3126, 538, 900, 819, 3183, 1856, 2742, 3236, 1794, 1395, 3355, 469, 208, 53, 3450, 3196, 1632, 2187, 389, 3486, 3197, 2694, 3358, 150, 2599, 1354, 1049, 500, 2739, 2281, 456, 2871, 2031, 2664, 2584, 3206, 1949, 2205, 2227, 2706, 1372, 3345, 1015, 1388, 2723, 421, 1901, 1878, 243, 1394, 481, 848, 2301, 533, 1257, 1300, 3393, 833, 3365, 1426, 499, 520, 205, 2238, 2167, 2015, 470, 1288, 1979, 3260, 2320, 1790, 1830, 1268, 1520, 2354, 468, 528, 491, 2353, 571, 677, 507, 2337, 1523, 934, 2087, 2479, 2902, 850, 2218, 3337, 2308, 1504, 3205, 1276, 1482]

solved select: 186 in 4318.92 seconds
iteration: 0, n requested: 186, n selected: 186, selected: [1094, 2693, 2356, 3488, 2442, 1382, 1024, 2347, 126, 1989, 3204, 868, 3370, 3468, 3441, 2327, 1937, 472, 316, 1900, 509, 1342, 1285, 2791, 431, 2336, 1873, 443, 359, 1281, 2422, 1479, 2889, 162, 2299, 446, 3178, 385, 387, 1206, 3328, 3225, 2164, 1650, 2314, 2549, 1968, 3400, 480, 1238, 1414, 1359, 381, 91, 939, 3201, 3278, 465, 549, 844, 1778, 523, 438, 2901, 2737, 2348, 440, 502, 1940, 1033, 2237, 3189, 207, 2546, 380, 3308, 952, 1982, 2010, 3385, 1298, 3330, 1898, 445, 1267, 2078, 345, 2254, 3126, 538, 900, 819, 3183, 1856, 2742, 3236, 1794, 1395, 3355, 469, 208, 53, 3450, 3196, 1632, 2187, 389, 3486, 3197, 2694, 3358, 150, 2599, 1354, 1049, 500, 2739, 2281, 456, 2871, 2031, 2664, 2584, 3206, 1949, 2205, 2227, 2706, 1372, 3345, 1015, 1388, 2723, 421, 1901, 1878, 243, 1394, 481, 848, 2301, 533, 1257, 1300, 3393, 833, 3365, 1426, 499, 520, 205, 2238, 2167, 2015, 470, 1288, 1979, 3260, 2320, 1790, 1830, 1268, 1520, 2354, 468, 528, 491, 2353, 571, 677, 507, 2337, 1523, 934, 2087, 2479, 2902, 850, 2218, 3337, 2308, 1504, 3205, 1276, 1482, 3397]

solved select: 187 in 4419.91 seconds
iteration: 0, n requested: 187, n selected: 187, selected: [1094, 2693, 2356, 3488, 2442, 1382, 1024, 2347, 126, 1989, 3204, 868, 3370, 3468, 3441, 2327, 1937, 472, 316, 1900, 509, 1342, 1285, 2791, 431, 2336, 1873, 443, 359, 1281, 2422, 1479, 2889, 162, 2299, 446, 3178, 385, 387, 1206, 3328, 3225, 2164, 1650, 2314, 2549, 1968, 3400, 480, 1238, 1414, 1359, 381, 91, 939, 3201, 3278, 465, 549, 844, 1778, 523, 438, 2901, 2737, 2348, 440, 502, 1940, 1033, 2237, 3189, 207, 2546, 380, 3308, 952, 1982, 2010, 3385, 1298, 3330, 1898, 445, 1267, 2078, 345, 2254, 3126, 538, 900, 819, 3183, 1856, 2742, 3236, 1794, 1395, 3355, 469, 208, 53, 3450, 3196, 1632, 2187, 389, 3486, 3197, 2694, 3358, 150, 2599, 1354, 1049, 500, 2739, 2281, 456, 2871, 2031, 2664, 2584, 3206, 1949, 2205, 2227, 2706, 1372, 3345, 1015, 1388, 2723, 421, 1901, 1878, 243, 1394, 481, 848, 2301, 533, 1257, 1300, 3393, 833, 3365, 1426, 499, 520, 205, 2238, 2167, 2015, 470, 1288, 1979, 3260, 2320, 1790, 1830, 1268, 1520, 2354, 468, 528, 491, 2353, 571, 677, 507, 2337, 1523, 934, 2087, 2479, 2902, 850, 2218, 3337, 2308, 1504, 3205, 1276, 1482, 3397, 2497]

solved select: 188 in 4521.50 seconds
iteration: 0, n requested: 188, n selected: 188, selected: [1094, 2693, 2356, 3488, 2442, 1382, 1024, 2347, 126, 1989, 3204, 868, 3370, 3468, 3441, 2327, 1937, 472, 316, 1900, 509, 1342, 1285, 2791, 431, 2336, 1873, 443, 359, 1281, 2422, 1479, 2889, 162, 2299, 446, 3178, 385, 387, 1206, 3328, 3225, 2164, 1650, 2314, 2549, 1968, 3400, 480, 1238, 1414, 1359, 381, 91, 939, 3201, 3278, 465, 549, 844, 1778, 523, 438, 2901, 2737, 2348, 440, 502, 1940, 1033, 2237, 3189, 207, 2546, 380, 3308, 952, 1982, 2010, 3385, 1298, 3330, 1898, 445, 1267, 2078, 345, 2254, 3126, 538, 900, 819, 3183, 1856, 2742, 3236, 1794, 1395, 3355, 469, 208, 53, 3450, 3196, 1632, 2187, 389, 3486, 3197, 2694, 3358, 150, 2599, 1354, 1049, 500, 2739, 2281, 456, 2871, 2031, 2664, 2584, 3206, 1949, 2205, 2227, 2706, 1372, 3345, 1015, 1388, 2723, 421, 1901, 1878, 243, 1394, 481, 848, 2301, 533, 1257, 1300, 3393, 833, 3365, 1426, 499, 520, 205, 2238, 2167, 2015, 470, 1288, 1979, 3260, 2320, 1790, 1830, 1268, 1520, 2354, 468, 528, 491, 2353, 571, 677, 507, 2337, 1523, 934, 2087, 2479, 2902, 850, 2218, 3337, 2308, 1504, 3205, 1276, 1482, 3397, 2497, 2043]

solved select: 189 in 4629.81 seconds
iteration: 0, n requested: 189, n selected: 189, selected: [1094, 2693, 2356, 3488, 2442, 1382, 1024, 2347, 126, 1989, 3204, 868, 3370, 3468, 3441, 2327, 1937, 472, 316, 1900, 509, 1342, 1285, 2791, 431, 2336, 1873, 443, 359, 1281, 2422, 1479, 2889, 162, 2299, 446, 3178, 385, 387, 1206, 3328, 3225, 2164, 1650, 2314, 2549, 1968, 3400, 480, 1238, 1414, 1359, 381, 91, 939, 3201, 3278, 465, 549, 844, 1778, 523, 438, 2901, 2737, 2348, 440, 502, 1940, 1033, 2237, 3189, 207, 2546, 380, 3308, 952, 1982, 2010, 3385, 1298, 3330, 1898, 445, 1267, 2078, 345, 2254, 3126, 538, 900, 819, 3183, 1856, 2742, 3236, 1794, 1395, 3355, 469, 208, 53, 3450, 3196, 1632, 2187, 389, 3486, 3197, 2694, 3358, 150, 2599, 1354, 1049, 500, 2739, 2281, 456, 2871, 2031, 2664, 2584, 3206, 1949, 2205, 2227, 2706, 1372, 3345, 1015, 1388, 2723, 421, 1901, 1878, 243, 1394, 481, 848, 2301, 533, 1257, 1300, 3393, 833, 3365, 1426, 499, 520, 205, 2238, 2167, 2015, 470, 1288, 1979, 3260, 2320, 1790, 1830, 1268, 1520, 2354, 468, 528, 491, 2353, 571, 677, 507, 2337, 1523, 934, 2087, 2479, 2902, 850, 2218, 3337, 2308, 1504, 3205, 1276, 1482, 3397, 2497, 2043, 378]

solved select: 190 in 4737.82 seconds
iteration: 0, n requested: 190, n selected: 190, selected: [1094, 2693, 2356, 3488, 2442, 1382, 1024, 2347, 126, 1989, 3204, 868, 3370, 3468, 3441, 2327, 1937, 472, 316, 1900, 509, 1342, 1285, 2791, 431, 2336, 1873, 443, 359, 1281, 2422, 1479, 2889, 162, 2299, 446, 3178, 385, 387, 1206, 3328, 3225, 2164, 1650, 2314, 2549, 1968, 3400, 480, 1238, 1414, 1359, 381, 91, 939, 3201, 3278, 465, 549, 844, 1778, 523, 438, 2901, 2737, 2348, 440, 502, 1940, 1033, 2237, 3189, 207, 2546, 380, 3308, 952, 1982, 2010, 3385, 1298, 3330, 1898, 445, 1267, 2078, 345, 2254, 3126, 538, 900, 819, 3183, 1856, 2742, 3236, 1794, 1395, 3355, 469, 208, 53, 3450, 3196, 1632, 2187, 389, 3486, 3197, 2694, 3358, 150, 2599, 1354, 1049, 500, 2739, 2281, 456, 2871, 2031, 2664, 2584, 3206, 1949, 2205, 2227, 2706, 1372, 3345, 1015, 1388, 2723, 421, 1901, 1878, 243, 1394, 481, 848, 2301, 533, 1257, 1300, 3393, 833, 3365, 1426, 499, 520, 205, 2238, 2167, 2015, 470, 1288, 1979, 3260, 2320, 1790, 1830, 1268, 1520, 2354, 468, 528, 491, 2353, 571, 677, 507, 2337, 1523, 934, 2087, 2479, 2902, 850, 2218, 3337, 2308, 1504, 3205, 1276, 1482, 3397, 2497, 2043, 378, 334]

solved select: 191 in 4841.95 seconds
iteration: 0, n requested: 191, n selected: 191, selected: [1094, 2693, 2356, 3488, 2442, 1382, 1024, 2347, 126, 1989, 3204, 868, 3370, 3468, 3441, 2327, 1937, 472, 316, 1900, 509, 1342, 1285, 2791, 431, 2336, 1873, 443, 359, 1281, 2422, 1479, 2889, 162, 2299, 446, 3178, 385, 387, 1206, 3328, 3225, 2164, 1650, 2314, 2549, 1968, 3400, 480, 1238, 1414, 1359, 381, 91, 939, 3201, 3278, 465, 549, 844, 1778, 523, 438, 2901, 2737, 2348, 440, 502, 1940, 1033, 2237, 3189, 207, 2546, 380, 3308, 952, 1982, 2010, 3385, 1298, 3330, 1898, 445, 1267, 2078, 345, 2254, 3126, 538, 900, 819, 3183, 1856, 2742, 3236, 1794, 1395, 3355, 469, 208, 53, 3450, 3196, 1632, 2187, 389, 3486, 3197, 2694, 3358, 150, 2599, 1354, 1049, 500, 2739, 2281, 456, 2871, 2031, 2664, 2584, 3206, 1949, 2205, 2227, 2706, 1372, 3345, 1015, 1388, 2723, 421, 1901, 1878, 243, 1394, 481, 848, 2301, 533, 1257, 1300, 3393, 833, 3365, 1426, 499, 520, 205, 2238, 2167, 2015, 470, 1288, 1979, 3260, 2320, 1790, 1830, 1268, 1520, 2354, 468, 528, 491, 2353, 571, 677, 507, 2337, 1523, 934, 2087, 2479, 2902, 850, 2218, 3337, 2308, 1504, 3205, 1276, 1482, 3397, 2497, 2043, 378, 334, 3227]

solved select: 192 in 4945.06 seconds
iteration: 0, n requested: 192, n selected: 192, selected: [1094, 2693, 2356, 3488, 2442, 1382, 1024, 2347, 126, 1989, 3204, 868, 3370, 3468, 3441, 2327, 1937, 472, 316, 1900, 509, 1342, 1285, 2791, 431, 2336, 1873, 443, 359, 1281, 2422, 1479, 2889, 162, 2299, 446, 3178, 385, 387, 1206, 3328, 3225, 2164, 1650, 2314, 2549, 1968, 3400, 480, 1238, 1414, 1359, 381, 91, 939, 3201, 3278, 465, 549, 844, 1778, 523, 438, 2901, 2737, 2348, 440, 502, 1940, 1033, 2237, 3189, 207, 2546, 380, 3308, 952, 1982, 2010, 3385, 1298, 3330, 1898, 445, 1267, 2078, 345, 2254, 3126, 538, 900, 819, 3183, 1856, 2742, 3236, 1794, 1395, 3355, 469, 208, 53, 3450, 3196, 1632, 2187, 389, 3486, 3197, 2694, 3358, 150, 2599, 1354, 1049, 500, 2739, 2281, 456, 2871, 2031, 2664, 2584, 3206, 1949, 2205, 2227, 2706, 1372, 3345, 1015, 1388, 2723, 421, 1901, 1878, 243, 1394, 481, 848, 2301, 533, 1257, 1300, 3393, 833, 3365, 1426, 499, 520, 205, 2238, 2167, 2015, 470, 1288, 1979, 3260, 2320, 1790, 1830, 1268, 1520, 2354, 468, 528, 491, 2353, 571, 677, 507, 2337, 1523, 934, 2087, 2479, 2902, 850, 2218, 3337, 2308, 1504, 3205, 1276, 1482, 3397, 2497, 2043, 378, 334, 3227, 3479]

solved select: 193 in 5051.29 seconds
iteration: 0, n requested: 193, n selected: 193, selected: [1094, 2693, 2356, 3488, 2442, 1382, 1024, 2347, 126, 1989, 3204, 868, 3370, 3468, 3441, 2327, 1937, 472, 316, 1900, 509, 1342, 1285, 2791, 431, 2336, 1873, 443, 359, 1281, 2422, 1479, 2889, 162, 2299, 446, 3178, 385, 387, 1206, 3328, 3225, 2164, 1650, 2314, 2549, 1968, 3400, 480, 1238, 1414, 1359, 381, 91, 939, 3201, 3278, 465, 549, 844, 1778, 523, 438, 2901, 2737, 2348, 440, 502, 1940, 1033, 2237, 3189, 207, 2546, 380, 3308, 952, 1982, 2010, 3385, 1298, 3330, 1898, 445, 1267, 2078, 345, 2254, 3126, 538, 900, 819, 3183, 1856, 2742, 3236, 1794, 1395, 3355, 469, 208, 53, 3450, 3196, 1632, 2187, 389, 3486, 3197, 2694, 3358, 150, 2599, 1354, 1049, 500, 2739, 2281, 456, 2871, 2031, 2664, 2584, 3206, 1949, 2205, 2227, 2706, 1372, 3345, 1015, 1388, 2723, 421, 1901, 1878, 243, 1394, 481, 848, 2301, 533, 1257, 1300, 3393, 833, 3365, 1426, 499, 520, 205, 2238, 2167, 2015, 470, 1288, 1979, 3260, 2320, 1790, 1830, 1268, 1520, 2354, 468, 528, 491, 2353, 571, 677, 507, 2337, 1523, 934, 2087, 2479, 2902, 850, 2218, 3337, 2308, 1504, 3205, 1276, 1482, 3397, 2497, 2043, 378, 334, 3227, 3479, 2869]

solved select: 194 in 5160.18 seconds
iteration: 0, n requested: 194, n selected: 194, selected: [1094, 2693, 2356, 3488, 2442, 1382, 1024, 2347, 126, 1989, 3204, 868, 3370, 3468, 3441, 2327, 1937, 472, 316, 1900, 509, 1342, 1285, 2791, 431, 2336, 1873, 443, 359, 1281, 2422, 1479, 2889, 162, 2299, 446, 3178, 385, 387, 1206, 3328, 3225, 2164, 1650, 2314, 2549, 1968, 3400, 480, 1238, 1414, 1359, 381, 91, 939, 3201, 3278, 465, 549, 844, 1778, 523, 438, 2901, 2737, 2348, 440, 502, 1940, 1033, 2237, 3189, 207, 2546, 380, 3308, 952, 1982, 2010, 3385, 1298, 3330, 1898, 445, 1267, 2078, 345, 2254, 3126, 538, 900, 819, 3183, 1856, 2742, 3236, 1794, 1395, 3355, 469, 208, 53, 3450, 3196, 1632, 2187, 389, 3486, 3197, 2694, 3358, 150, 2599, 1354, 1049, 500, 2739, 2281, 456, 2871, 2031, 2664, 2584, 3206, 1949, 2205, 2227, 2706, 1372, 3345, 1015, 1388, 2723, 421, 1901, 1878, 243, 1394, 481, 848, 2301, 533, 1257, 1300, 3393, 833, 3365, 1426, 499, 520, 205, 2238, 2167, 2015, 470, 1288, 1979, 3260, 2320, 1790, 1830, 1268, 1520, 2354, 468, 528, 491, 2353, 571, 677, 507, 2337, 1523, 934, 2087, 2479, 2902, 850, 2218, 3337, 2308, 1504, 3205, 1276, 1482, 3397, 2497, 2043, 378, 334, 3227, 3479, 2869, 409]

solved select: 195 in 5265.53 seconds
iteration: 0, n requested: 195, n selected: 195, selected: [1094, 2693, 2356, 3488, 2442, 1382, 1024, 2347, 126, 1989, 3204, 868, 3370, 3468, 3441, 2327, 1937, 472, 316, 1900, 509, 1342, 1285, 2791, 431, 2336, 1873, 443, 359, 1281, 2422, 1479, 2889, 162, 2299, 446, 3178, 385, 387, 1206, 3328, 3225, 2164, 1650, 2314, 2549, 1968, 3400, 480, 1238, 1414, 1359, 381, 91, 939, 3201, 3278, 465, 549, 844, 1778, 523, 438, 2901, 2737, 2348, 440, 502, 1940, 1033, 2237, 3189, 207, 2546, 380, 3308, 952, 1982, 2010, 3385, 1298, 3330, 1898, 445, 1267, 2078, 345, 2254, 3126, 538, 900, 819, 3183, 1856, 2742, 3236, 1794, 1395, 3355, 469, 208, 53, 3450, 3196, 1632, 2187, 389, 3486, 3197, 2694, 3358, 150, 2599, 1354, 1049, 500, 2739, 2281, 456, 2871, 2031, 2664, 2584, 3206, 1949, 2205, 2227, 2706, 1372, 3345, 1015, 1388, 2723, 421, 1901, 1878, 243, 1394, 481, 848, 2301, 533, 1257, 1300, 3393, 833, 3365, 1426, 499, 520, 205, 2238, 2167, 2015, 470, 1288, 1979, 3260, 2320, 1790, 1830, 1268, 1520, 2354, 468, 528, 491, 2353, 571, 677, 507, 2337, 1523, 934, 2087, 2479, 2902, 850, 2218, 3337, 2308, 1504, 3205, 1276, 1482, 3397, 2497, 2043, 378, 334, 3227, 3479, 2869, 409, 1810]

solved select: 196 in 5374.52 seconds
iteration: 0, n requested: 196, n selected: 196, selected: [1094, 2693, 2356, 3488, 2442, 1382, 1024, 2347, 126, 1989, 3204, 868, 3370, 3468, 3441, 2327, 1937, 472, 316, 1900, 509, 1342, 1285, 2791, 431, 2336, 1873, 443, 359, 1281, 2422, 1479, 2889, 162, 2299, 446, 3178, 385, 387, 1206, 3328, 3225, 2164, 1650, 2314, 2549, 1968, 3400, 480, 1238, 1414, 1359, 381, 91, 939, 3201, 3278, 465, 549, 844, 1778, 523, 438, 2901, 2737, 2348, 440, 502, 1940, 1033, 2237, 3189, 207, 2546, 380, 3308, 952, 1982, 2010, 3385, 1298, 3330, 1898, 445, 1267, 2078, 345, 2254, 3126, 538, 900, 819, 3183, 1856, 2742, 3236, 1794, 1395, 3355, 469, 208, 53, 3450, 3196, 1632, 2187, 389, 3486, 3197, 2694, 3358, 150, 2599, 1354, 1049, 500, 2739, 2281, 456, 2871, 2031, 2664, 2584, 3206, 1949, 2205, 2227, 2706, 1372, 3345, 1015, 1388, 2723, 421, 1901, 1878, 243, 1394, 481, 848, 2301, 533, 1257, 1300, 3393, 833, 3365, 1426, 499, 520, 205, 2238, 2167, 2015, 470, 1288, 1979, 3260, 2320, 1790, 1830, 1268, 1520, 2354, 468, 528, 491, 2353, 571, 677, 507, 2337, 1523, 934, 2087, 2479, 2902, 850, 2218, 3337, 2308, 1504, 3205, 1276, 1482, 3397, 2497, 2043, 378, 334, 3227, 3479, 2869, 409, 1810, 2005]

solved select: 197 in 5478.57 seconds
iteration: 0, n requested: 197, n selected: 197, selected: [1094, 2693, 2356, 3488, 2442, 1382, 1024, 2347, 126, 1989, 3204, 868, 3370, 3468, 3441, 2327, 1937, 472, 316, 1900, 509, 1342, 1285, 2791, 431, 2336, 1873, 443, 359, 1281, 2422, 1479, 2889, 162, 2299, 446, 3178, 385, 387, 1206, 3328, 3225, 2164, 1650, 2314, 2549, 1968, 3400, 480, 1238, 1414, 1359, 381, 91, 939, 3201, 3278, 465, 549, 844, 1778, 523, 438, 2901, 2737, 2348, 440, 502, 1940, 1033, 2237, 3189, 207, 2546, 380, 3308, 952, 1982, 2010, 3385, 1298, 3330, 1898, 445, 1267, 2078, 345, 2254, 3126, 538, 900, 819, 3183, 1856, 2742, 3236, 1794, 1395, 3355, 469, 208, 53, 3450, 3196, 1632, 2187, 389, 3486, 3197, 2694, 3358, 150, 2599, 1354, 1049, 500, 2739, 2281, 456, 2871, 2031, 2664, 2584, 3206, 1949, 2205, 2227, 2706, 1372, 3345, 1015, 1388, 2723, 421, 1901, 1878, 243, 1394, 481, 848, 2301, 533, 1257, 1300, 3393, 833, 3365, 1426, 499, 520, 205, 2238, 2167, 2015, 470, 1288, 1979, 3260, 2320, 1790, 1830, 1268, 1520, 2354, 468, 528, 491, 2353, 571, 677, 507, 2337, 1523, 934, 2087, 2479, 2902, 850, 2218, 3337, 2308, 1504, 3205, 1276, 1482, 3397, 2497, 2043, 378, 334, 3227, 3479, 2869, 409, 1810, 2005, 282]

solved select: 198 in 5588.02 seconds
iteration: 0, n requested: 198, n selected: 198, selected: [1094, 2693, 2356, 3488, 2442, 1382, 1024, 2347, 126, 1989, 3204, 868, 3370, 3468, 3441, 2327, 1937, 472, 316, 1900, 509, 1342, 1285, 2791, 431, 2336, 1873, 443, 359, 1281, 2422, 1479, 2889, 162, 2299, 446, 3178, 385, 387, 1206, 3328, 3225, 2164, 1650, 2314, 2549, 1968, 3400, 480, 1238, 1414, 1359, 381, 91, 939, 3201, 3278, 465, 549, 844, 1778, 523, 438, 2901, 2737, 2348, 440, 502, 1940, 1033, 2237, 3189, 207, 2546, 380, 3308, 952, 1982, 2010, 3385, 1298, 3330, 1898, 445, 1267, 2078, 345, 2254, 3126, 538, 900, 819, 3183, 1856, 2742, 3236, 1794, 1395, 3355, 469, 208, 53, 3450, 3196, 1632, 2187, 389, 3486, 3197, 2694, 3358, 150, 2599, 1354, 1049, 500, 2739, 2281, 456, 2871, 2031, 2664, 2584, 3206, 1949, 2205, 2227, 2706, 1372, 3345, 1015, 1388, 2723, 421, 1901, 1878, 243, 1394, 481, 848, 2301, 533, 1257, 1300, 3393, 833, 3365, 1426, 499, 520, 205, 2238, 2167, 2015, 470, 1288, 1979, 3260, 2320, 1790, 1830, 1268, 1520, 2354, 468, 528, 491, 2353, 571, 677, 507, 2337, 1523, 934, 2087, 2479, 2902, 850, 2218, 3337, 2308, 1504, 3205, 1276, 1482, 3397, 2497, 2043, 378, 334, 3227, 3479, 2869, 409, 1810, 2005, 282, 2162]

solved select: 199 in 5697.99 seconds
iteration: 0, n requested: 199, n selected: 199, selected: [1094, 2693, 2356, 3488, 2442, 1382, 1024, 2347, 126, 1989, 3204, 868, 3370, 3468, 3441, 2327, 1937, 472, 316, 1900, 509, 1342, 1285, 2791, 431, 2336, 1873, 443, 359, 1281, 2422, 1479, 2889, 162, 2299, 446, 3178, 385, 387, 1206, 3328, 3225, 2164, 1650, 2314, 2549, 1968, 3400, 480, 1238, 1414, 1359, 381, 91, 939, 3201, 3278, 465, 549, 844, 1778, 523, 438, 2901, 2737, 2348, 440, 502, 1940, 1033, 2237, 3189, 207, 2546, 380, 3308, 952, 1982, 2010, 3385, 1298, 3330, 1898, 445, 1267, 2078, 345, 2254, 3126, 538, 900, 819, 3183, 1856, 2742, 3236, 1794, 1395, 3355, 469, 208, 53, 3450, 3196, 1632, 2187, 389, 3486, 3197, 2694, 3358, 150, 2599, 1354, 1049, 500, 2739, 2281, 456, 2871, 2031, 2664, 2584, 3206, 1949, 2205, 2227, 2706, 1372, 3345, 1015, 1388, 2723, 421, 1901, 1878, 243, 1394, 481, 848, 2301, 533, 1257, 1300, 3393, 833, 3365, 1426, 499, 520, 205, 2238, 2167, 2015, 470, 1288, 1979, 3260, 2320, 1790, 1830, 1268, 1520, 2354, 468, 528, 491, 2353, 571, 677, 507, 2337, 1523, 934, 2087, 2479, 2902, 850, 2218, 3337, 2308, 1504, 3205, 1276, 1482, 3397, 2497, 2043, 378, 334, 3227, 3479, 2869, 409, 1810, 2005, 282, 2162, 1941]

solved select: 200 in 5808.81 seconds
iteration: 0, n requested: 200, n selected: 200, selected: [1094, 2693, 2356, 3488, 2442, 1382, 1024, 2347, 126, 1989, 3204, 868, 3370, 3468, 3441, 2327, 1937, 472, 316, 1900, 509, 1342, 1285, 2791, 431, 2336, 1873, 443, 359, 1281, 2422, 1479, 2889, 162, 2299, 446, 3178, 385, 387, 1206, 3328, 3225, 2164, 1650, 2314, 2549, 1968, 3400, 480, 1238, 1414, 1359, 381, 91, 939, 3201, 3278, 465, 549, 844, 1778, 523, 438, 2901, 2737, 2348, 440, 502, 1940, 1033, 2237, 3189, 207, 2546, 380, 3308, 952, 1982, 2010, 3385, 1298, 3330, 1898, 445, 1267, 2078, 345, 2254, 3126, 538, 900, 819, 3183, 1856, 2742, 3236, 1794, 1395, 3355, 469, 208, 53, 3450, 3196, 1632, 2187, 389, 3486, 3197, 2694, 3358, 150, 2599, 1354, 1049, 500, 2739, 2281, 456, 2871, 2031, 2664, 2584, 3206, 1949, 2205, 2227, 2706, 1372, 3345, 1015, 1388, 2723, 421, 1901, 1878, 243, 1394, 481, 848, 2301, 533, 1257, 1300, 3393, 833, 3365, 1426, 499, 520, 205, 2238, 2167, 2015, 470, 1288, 1979, 3260, 2320, 1790, 1830, 1268, 1520, 2354, 468, 528, 491, 2353, 571, 677, 507, 2337, 1523, 934, 2087, 2479, 2902, 850, 2218, 3337, 2308, 1504, 3205, 1276, 1482, 3397, 2497, 2043, 378, 334, 3227, 3479, 2869, 409, 1810, 2005, 282, 2162, 1941, 3181]

solved select: 201 in 5918.51 seconds
iteration: 0, n requested: 201, n selected: 201, selected: [1094, 2693, 2356, 3488, 2442, 1382, 1024, 2347, 126, 1989, 3204, 868, 3370, 3468, 3441, 2327, 1937, 472, 316, 1900, 509, 1342, 1285, 2791, 431, 2336, 1873, 443, 359, 1281, 2422, 1479, 2889, 162, 2299, 446, 3178, 385, 387, 1206, 3328, 3225, 2164, 1650, 2314, 2549, 1968, 3400, 480, 1238, 1414, 1359, 381, 91, 939, 3201, 3278, 465, 549, 844, 1778, 523, 438, 2901, 2737, 2348, 440, 502, 1940, 1033, 2237, 3189, 207, 2546, 380, 3308, 952, 1982, 2010, 3385, 1298, 3330, 1898, 445, 1267, 2078, 345, 2254, 3126, 538, 900, 819, 3183, 1856, 2742, 3236, 1794, 1395, 3355, 469, 208, 53, 3450, 3196, 1632, 2187, 389, 3486, 3197, 2694, 3358, 150, 2599, 1354, 1049, 500, 2739, 2281, 456, 2871, 2031, 2664, 2584, 3206, 1949, 2205, 2227, 2706, 1372, 3345, 1015, 1388, 2723, 421, 1901, 1878, 243, 1394, 481, 848, 2301, 533, 1257, 1300, 3393, 833, 3365, 1426, 499, 520, 205, 2238, 2167, 2015, 470, 1288, 1979, 3260, 2320, 1790, 1830, 1268, 1520, 2354, 468, 528, 491, 2353, 571, 677, 507, 2337, 1523, 934, 2087, 2479, 2902, 850, 2218, 3337, 2308, 1504, 3205, 1276, 1482, 3397, 2497, 2043, 378, 334, 3227, 3479, 2869, 409, 1810, 2005, 282, 2162, 1941, 3181, 839]

solved select: 202 in 6026.70 seconds
iteration: 0, n requested: 202, n selected: 202, selected: [1094, 2693, 2356, 3488, 2442, 1382, 1024, 2347, 126, 1989, 3204, 868, 3370, 3468, 3441, 2327, 1937, 472, 316, 1900, 509, 1342, 1285, 2791, 431, 2336, 1873, 443, 359, 1281, 2422, 1479, 2889, 162, 2299, 446, 3178, 385, 387, 1206, 3328, 3225, 2164, 1650, 2314, 2549, 1968, 3400, 480, 1238, 1414, 1359, 381, 91, 939, 3201, 3278, 465, 549, 844, 1778, 523, 438, 2901, 2737, 2348, 440, 502, 1940, 1033, 2237, 3189, 207, 2546, 380, 3308, 952, 1982, 2010, 3385, 1298, 3330, 1898, 445, 1267, 2078, 345, 2254, 3126, 538, 900, 819, 3183, 1856, 2742, 3236, 1794, 1395, 3355, 469, 208, 53, 3450, 3196, 1632, 2187, 389, 3486, 3197, 2694, 3358, 150, 2599, 1354, 1049, 500, 2739, 2281, 456, 2871, 2031, 2664, 2584, 3206, 1949, 2205, 2227, 2706, 1372, 3345, 1015, 1388, 2723, 421, 1901, 1878, 243, 1394, 481, 848, 2301, 533, 1257, 1300, 3393, 833, 3365, 1426, 499, 520, 205, 2238, 2167, 2015, 470, 1288, 1979, 3260, 2320, 1790, 1830, 1268, 1520, 2354, 468, 528, 491, 2353, 571, 677, 507, 2337, 1523, 934, 2087, 2479, 2902, 850, 2218, 3337, 2308, 1504, 3205, 1276, 1482, 3397, 2497, 2043, 378, 334, 3227, 3479, 2869, 409, 1810, 2005, 282, 2162, 1941, 3181, 839, 591]

solved select: 203 in 6142.04 seconds
iteration: 0, n requested: 203, n selected: 203, selected: [1094, 2693, 2356, 3488, 2442, 1382, 1024, 2347, 126, 1989, 3204, 868, 3370, 3468, 3441, 2327, 1937, 472, 316, 1900, 509, 1342, 1285, 2791, 431, 2336, 1873, 443, 359, 1281, 2422, 1479, 2889, 162, 2299, 446, 3178, 385, 387, 1206, 3328, 3225, 2164, 1650, 2314, 2549, 1968, 3400, 480, 1238, 1414, 1359, 381, 91, 939, 3201, 3278, 465, 549, 844, 1778, 523, 438, 2901, 2737, 2348, 440, 502, 1940, 1033, 2237, 3189, 207, 2546, 380, 3308, 952, 1982, 2010, 3385, 1298, 3330, 1898, 445, 1267, 2078, 345, 2254, 3126, 538, 900, 819, 3183, 1856, 2742, 3236, 1794, 1395, 3355, 469, 208, 53, 3450, 3196, 1632, 2187, 389, 3486, 3197, 2694, 3358, 150, 2599, 1354, 1049, 500, 2739, 2281, 456, 2871, 2031, 2664, 2584, 3206, 1949, 2205, 2227, 2706, 1372, 3345, 1015, 1388, 2723, 421, 1901, 1878, 243, 1394, 481, 848, 2301, 533, 1257, 1300, 3393, 833, 3365, 1426, 499, 520, 205, 2238, 2167, 2015, 470, 1288, 1979, 3260, 2320, 1790, 1830, 1268, 1520, 2354, 468, 528, 491, 2353, 571, 677, 507, 2337, 1523, 934, 2087, 2479, 2902, 850, 2218, 3337, 2308, 1504, 3205, 1276, 1482, 3397, 2497, 2043, 378, 334, 3227, 3479, 2869, 409, 1810, 2005, 282, 2162, 1941, 3181, 839, 591, 906]

solved select: 204 in 6250.64 seconds
iteration: 0, n requested: 204, n selected: 204, selected: [1094, 2693, 2356, 3488, 2442, 1382, 1024, 2347, 126, 1989, 3204, 868, 3370, 3468, 3441, 2327, 1937, 472, 316, 1900, 509, 1342, 1285, 2791, 431, 2336, 1873, 443, 359, 1281, 2422, 1479, 2889, 162, 2299, 446, 3178, 385, 387, 1206, 3328, 3225, 2164, 1650, 2314, 2549, 1968, 3400, 480, 1238, 1414, 1359, 381, 91, 939, 3201, 3278, 465, 549, 844, 1778, 523, 438, 2901, 2737, 2348, 440, 502, 1940, 1033, 2237, 3189, 207, 2546, 380, 3308, 952, 1982, 2010, 3385, 1298, 3330, 1898, 445, 1267, 2078, 345, 2254, 3126, 538, 900, 819, 3183, 1856, 2742, 3236, 1794, 1395, 3355, 469, 208, 53, 3450, 3196, 1632, 2187, 389, 3486, 3197, 2694, 3358, 150, 2599, 1354, 1049, 500, 2739, 2281, 456, 2871, 2031, 2664, 2584, 3206, 1949, 2205, 2227, 2706, 1372, 3345, 1015, 1388, 2723, 421, 1901, 1878, 243, 1394, 481, 848, 2301, 533, 1257, 1300, 3393, 833, 3365, 1426, 499, 520, 205, 2238, 2167, 2015, 470, 1288, 1979, 3260, 2320, 1790, 1830, 1268, 1520, 2354, 468, 528, 491, 2353, 571, 677, 507, 2337, 1523, 934, 2087, 2479, 2902, 850, 2218, 3337, 2308, 1504, 3205, 1276, 1482, 3397, 2497, 2043, 378, 334, 3227, 3479, 2869, 409, 1810, 2005, 282, 2162, 1941, 3181, 839, 591, 906, 3399]

solved select: 205 in 6361.54 seconds
iteration: 0, n requested: 205, n selected: 205, selected: [1094, 2693, 2356, 3488, 2442, 1382, 1024, 2347, 126, 1989, 3204, 868, 3370, 3468, 3441, 2327, 1937, 472, 316, 1900, 509, 1342, 1285, 2791, 431, 2336, 1873, 443, 359, 1281, 2422, 1479, 2889, 162, 2299, 446, 3178, 385, 387, 1206, 3328, 3225, 2164, 1650, 2314, 2549, 1968, 3400, 480, 1238, 1414, 1359, 381, 91, 939, 3201, 3278, 465, 549, 844, 1778, 523, 438, 2901, 2737, 2348, 440, 502, 1940, 1033, 2237, 3189, 207, 2546, 380, 3308, 952, 1982, 2010, 3385, 1298, 3330, 1898, 445, 1267, 2078, 345, 2254, 3126, 538, 900, 819, 3183, 1856, 2742, 3236, 1794, 1395, 3355, 469, 208, 53, 3450, 3196, 1632, 2187, 389, 3486, 3197, 2694, 3358, 150, 2599, 1354, 1049, 500, 2739, 2281, 456, 2871, 2031, 2664, 2584, 3206, 1949, 2205, 2227, 2706, 1372, 3345, 1015, 1388, 2723, 421, 1901, 1878, 243, 1394, 481, 848, 2301, 533, 1257, 1300, 3393, 833, 3365, 1426, 499, 520, 205, 2238, 2167, 2015, 470, 1288, 1979, 3260, 2320, 1790, 1830, 1268, 1520, 2354, 468, 528, 491, 2353, 571, 677, 507, 2337, 1523, 934, 2087, 2479, 2902, 850, 2218, 3337, 2308, 1504, 3205, 1276, 1482, 3397, 2497, 2043, 378, 334, 3227, 3479, 2869, 409, 1810, 2005, 282, 2162, 1941, 3181, 839, 591, 906, 3399, 452]

solved select: 206 in 6475.61 seconds
iteration: 0, n requested: 206, n selected: 206, selected: [1094, 2693, 2356, 3488, 2442, 1382, 1024, 2347, 126, 1989, 3204, 868, 3370, 3468, 3441, 2327, 1937, 472, 316, 1900, 509, 1342, 1285, 2791, 431, 2336, 1873, 443, 359, 1281, 2422, 1479, 2889, 162, 2299, 446, 3178, 385, 387, 1206, 3328, 3225, 2164, 1650, 2314, 2549, 1968, 3400, 480, 1238, 1414, 1359, 381, 91, 939, 3201, 3278, 465, 549, 844, 1778, 523, 438, 2901, 2737, 2348, 440, 502, 1940, 1033, 2237, 3189, 207, 2546, 380, 3308, 952, 1982, 2010, 3385, 1298, 3330, 1898, 445, 1267, 2078, 345, 2254, 3126, 538, 900, 819, 3183, 1856, 2742, 3236, 1794, 1395, 3355, 469, 208, 53, 3450, 3196, 1632, 2187, 389, 3486, 3197, 2694, 3358, 150, 2599, 1354, 1049, 500, 2739, 2281, 456, 2871, 2031, 2664, 2584, 3206, 1949, 2205, 2227, 2706, 1372, 3345, 1015, 1388, 2723, 421, 1901, 1878, 243, 1394, 481, 848, 2301, 533, 1257, 1300, 3393, 833, 3365, 1426, 499, 520, 205, 2238, 2167, 2015, 470, 1288, 1979, 3260, 2320, 1790, 1830, 1268, 1520, 2354, 468, 528, 491, 2353, 571, 677, 507, 2337, 1523, 934, 2087, 2479, 2902, 850, 2218, 3337, 2308, 1504, 3205, 1276, 1482, 3397, 2497, 2043, 378, 334, 3227, 3479, 2869, 409, 1810, 2005, 282, 2162, 1941, 3181, 839, 591, 906, 3399, 452, 863]

solved select: 207 in 6585.13 seconds
iteration: 0, n requested: 207, n selected: 207, selected: [1094, 2693, 2356, 3488, 2442, 1382, 1024, 2347, 126, 1989, 3204, 868, 3370, 3468, 3441, 2327, 1937, 472, 316, 1900, 509, 1342, 1285, 2791, 431, 2336, 1873, 443, 359, 1281, 2422, 1479, 2889, 162, 2299, 446, 3178, 385, 387, 1206, 3328, 3225, 2164, 1650, 2314, 2549, 1968, 3400, 480, 1238, 1414, 1359, 381, 91, 939, 3201, 3278, 465, 549, 844, 1778, 523, 438, 2901, 2737, 2348, 440, 502, 1940, 1033, 2237, 3189, 207, 2546, 380, 3308, 952, 1982, 2010, 3385, 1298, 3330, 1898, 445, 1267, 2078, 345, 2254, 3126, 538, 900, 819, 3183, 1856, 2742, 3236, 1794, 1395, 3355, 469, 208, 53, 3450, 3196, 1632, 2187, 389, 3486, 3197, 2694, 3358, 150, 2599, 1354, 1049, 500, 2739, 2281, 456, 2871, 2031, 2664, 2584, 3206, 1949, 2205, 2227, 2706, 1372, 3345, 1015, 1388, 2723, 421, 1901, 1878, 243, 1394, 481, 848, 2301, 533, 1257, 1300, 3393, 833, 3365, 1426, 499, 520, 205, 2238, 2167, 2015, 470, 1288, 1979, 3260, 2320, 1790, 1830, 1268, 1520, 2354, 468, 528, 491, 2353, 571, 677, 507, 2337, 1523, 934, 2087, 2479, 2902, 850, 2218, 3337, 2308, 1504, 3205, 1276, 1482, 3397, 2497, 2043, 378, 334, 3227, 3479, 2869, 409, 1810, 2005, 282, 2162, 1941, 3181, 839, 591, 906, 3399, 452, 863, 2531]

solved select: 208 in 6698.99 seconds
iteration: 0, n requested: 208, n selected: 208, selected: [1094, 2693, 2356, 3488, 2442, 1382, 1024, 2347, 126, 1989, 3204, 868, 3370, 3468, 3441, 2327, 1937, 472, 316, 1900, 509, 1342, 1285, 2791, 431, 2336, 1873, 443, 359, 1281, 2422, 1479, 2889, 162, 2299, 446, 3178, 385, 387, 1206, 3328, 3225, 2164, 1650, 2314, 2549, 1968, 3400, 480, 1238, 1414, 1359, 381, 91, 939, 3201, 3278, 465, 549, 844, 1778, 523, 438, 2901, 2737, 2348, 440, 502, 1940, 1033, 2237, 3189, 207, 2546, 380, 3308, 952, 1982, 2010, 3385, 1298, 3330, 1898, 445, 1267, 2078, 345, 2254, 3126, 538, 900, 819, 3183, 1856, 2742, 3236, 1794, 1395, 3355, 469, 208, 53, 3450, 3196, 1632, 2187, 389, 3486, 3197, 2694, 3358, 150, 2599, 1354, 1049, 500, 2739, 2281, 456, 2871, 2031, 2664, 2584, 3206, 1949, 2205, 2227, 2706, 1372, 3345, 1015, 1388, 2723, 421, 1901, 1878, 243, 1394, 481, 848, 2301, 533, 1257, 1300, 3393, 833, 3365, 1426, 499, 520, 205, 2238, 2167, 2015, 470, 1288, 1979, 3260, 2320, 1790, 1830, 1268, 1520, 2354, 468, 528, 491, 2353, 571, 677, 507, 2337, 1523, 934, 2087, 2479, 2902, 850, 2218, 3337, 2308, 1504, 3205, 1276, 1482, 3397, 2497, 2043, 378, 334, 3227, 3479, 2869, 409, 1810, 2005, 282, 2162, 1941, 3181, 839, 591, 906, 3399, 452, 863, 2531, 3352]

solved select: 209 in 6816.59 seconds
iteration: 0, n requested: 209, n selected: 209, selected: [1094, 2693, 2356, 3488, 2442, 1382, 1024, 2347, 126, 1989, 3204, 868, 3370, 3468, 3441, 2327, 1937, 472, 312, 1900, 509, 1342, 1285, 2791, 431, 2336, 1873, 443, 359, 1281, 2422, 1479, 2889, 162, 2299, 446, 3178, 385, 387, 1206, 3328, 3225, 2164, 1650, 2314, 2549, 1968, 3400, 316, 1238, 1414, 1359, 381, 91, 939, 3201, 3278, 465, 549, 844, 1778, 523, 438, 2901, 2737, 2348, 440, 502, 1940, 1033, 2237, 3189, 207, 2546, 380, 3308, 952, 1982, 2010, 3385, 1298, 3330, 1898, 445, 1267, 2078, 345, 2254, 3126, 538, 900, 819, 3183, 1856, 2742, 3236, 1794, 1395, 3355, 469, 208, 53, 3450, 3196, 1632, 2187, 389, 3486, 3197, 2694, 3358, 150, 2599, 1354, 1049, 500, 2739, 2281, 456, 2871, 2031, 2664, 2584, 3206, 1949, 2205, 2227, 2706, 1372, 3345, 1015, 1388, 2723, 421, 1901, 1878, 243, 1394, 481, 848, 2301, 533, 1257, 1300, 3393, 833, 3365, 1426, 499, 520, 205, 2238, 2167, 2015, 470, 1288, 1979, 3260, 2320, 1790, 1830, 1268, 1520, 2354, 468, 528, 491, 2353, 571, 677, 507, 2337, 1523, 934, 2087, 2479, 2902, 850, 2218, 3337, 2308, 1504, 3205, 1276, 1482, 3397, 2497, 2043, 378, 334, 3227, 3479, 2869, 409, 1810, 2005, 282, 2162, 1941, 3181, 839, 591, 906, 3399, 452, 863, 2531, 3352, 479]

solved select: 210 in 6936.35 seconds
iteration: 0, n requested: 210, n selected: 210, selected: [1094, 2693, 2356, 3488, 2442, 1382, 1024, 2347, 126, 1989, 3204, 868, 3370, 3468, 3441, 2327, 1937, 472, 312, 1900, 509, 1342, 1285, 2791, 431, 2336, 1873, 443, 359, 1281, 2422, 1479, 2889, 162, 2299, 446, 3178, 385, 387, 1206, 3328, 3225, 2164, 1650, 2314, 2549, 1968, 3400, 316, 1238, 1414, 1359, 381, 91, 939, 3201, 3278, 465, 549, 844, 1778, 523, 438, 2901, 2737, 2348, 440, 502, 1940, 1033, 2237, 3189, 207, 2546, 380, 3308, 952, 1982, 2010, 3385, 1298, 3330, 1898, 445, 1267, 2078, 345, 2254, 3126, 538, 900, 819, 3183, 1856, 2742, 3236, 1794, 1395, 3355, 469, 208, 53, 3450, 3196, 1632, 2187, 389, 3486, 3197, 2694, 3358, 150, 2599, 1354, 1049, 500, 2739, 2281, 456, 2871, 2031, 2664, 2584, 3206, 1949, 2205, 2227, 2706, 1372, 3345, 1015, 1388, 2723, 421, 1901, 1878, 243, 1394, 481, 848, 2301, 533, 1257, 1300, 3393, 833, 3365, 1426, 499, 520, 205, 2238, 2167, 2015, 470, 1288, 1979, 3260, 2320, 1790, 1830, 1268, 1520, 2354, 468, 528, 491, 2353, 571, 677, 507, 2337, 1523, 934, 2087, 2479, 2902, 850, 2218, 3337, 2308, 1504, 3205, 1276, 1482, 3397, 2497, 2043, 378, 334, 3227, 3479, 2869, 409, 1810, 2005, 282, 2162, 1941, 3181, 839, 591, 906, 3399, 452, 863, 2531, 3352, 479, 2379]

solved select: 211 in 7052.53 seconds
iteration: 0, n requested: 211, n selected: 211, selected: [1094, 2693, 2356, 3488, 2442, 1382, 1024, 2347, 126, 1989, 3204, 868, 3370, 3468, 3441, 2327, 1937, 472, 312, 1900, 509, 1342, 1285, 2791, 431, 2336, 1873, 443, 359, 1281, 2422, 1479, 2889, 162, 2299, 446, 3178, 385, 387, 1206, 3328, 3225, 2164, 1650, 2314, 2549, 1968, 3400, 316, 1238, 1414, 1359, 381, 91, 939, 3201, 3278, 465, 549, 844, 1778, 523, 438, 2901, 2737, 2348, 440, 502, 1940, 1033, 2237, 3189, 207, 2546, 380, 3308, 952, 1982, 2010, 3385, 1298, 3330, 1898, 445, 1267, 2078, 345, 2254, 3126, 538, 900, 819, 3183, 1856, 2742, 3236, 1794, 1395, 3355, 469, 208, 53, 3450, 3196, 1632, 2187, 389, 3486, 3197, 2694, 3358, 150, 2599, 1354, 1049, 500, 2739, 2281, 456, 2871, 2031, 2664, 2584, 3206, 1949, 2205, 2227, 2706, 1372, 3345, 1015, 1388, 2723, 421, 1901, 1878, 243, 1394, 481, 848, 2301, 533, 1257, 1300, 3393, 833, 3365, 1426, 499, 520, 205, 2238, 2167, 2015, 470, 1288, 1979, 3260, 2320, 1790, 1830, 1268, 1520, 2354, 468, 528, 491, 2353, 571, 677, 507, 2337, 1523, 934, 2087, 2479, 2902, 850, 2218, 3337, 2308, 1504, 3205, 1276, 1482, 3397, 2497, 2043, 378, 334, 3227, 3479, 2869, 409, 1810, 2005, 282, 2162, 1941, 3181, 839, 591, 906, 3399, 452, 863, 2531, 3352, 479, 2379, 3193]

solved select: 212 in 7165.38 seconds
iteration: 0, n requested: 212, n selected: 212, selected: [1094, 2693, 2356, 3488, 2442, 1382, 1024, 2347, 126, 1989, 3204, 868, 3370, 3468, 3441, 2327, 1937, 472, 312, 1900, 509, 1342, 1285, 2791, 431, 2336, 1873, 443, 359, 1281, 2422, 1479, 2889, 162, 2299, 446, 3178, 385, 387, 1206, 3328, 3225, 2164, 1650, 2314, 2549, 1968, 3400, 316, 1238, 1414, 1359, 381, 91, 939, 3201, 3278, 465, 549, 844, 1778, 523, 438, 2901, 2737, 2348, 440, 502, 1940, 1033, 2237, 3189, 207, 2546, 380, 3308, 952, 1982, 2010, 3385, 1298, 3330, 1898, 445, 1267, 2078, 345, 2254, 3126, 538, 900, 819, 3183, 1856, 2742, 3236, 1794, 1395, 3355, 469, 208, 53, 3450, 3196, 1632, 2187, 389, 3486, 3197, 2694, 3358, 150, 2599, 1354, 1049, 500, 2739, 2281, 456, 2871, 2031, 2664, 2584, 3206, 1949, 2205, 2227, 2706, 1372, 3345, 1015, 1388, 2723, 421, 1901, 1878, 243, 1394, 481, 848, 2301, 533, 1257, 1300, 3393, 833, 3365, 1426, 499, 520, 205, 2238, 2167, 2015, 470, 1288, 1979, 3260, 2320, 1790, 1830, 1268, 1520, 2354, 468, 528, 491, 2353, 571, 677, 507, 2337, 1523, 934, 2087, 2479, 2902, 850, 2218, 3337, 2308, 1504, 3205, 1276, 1482, 3397, 2497, 2043, 378, 334, 3227, 3479, 2869, 409, 1810, 2005, 282, 2162, 1941, 3181, 839, 591, 906, 3399, 452, 863, 2531, 3352, 479, 2379, 3193, 1882]

solved select: 213 in 7283.97 seconds
iteration: 0, n requested: 213, n selected: 213, selected: [1094, 2693, 2356, 3488, 2442, 1382, 1024, 2347, 126, 1989, 3204, 868, 3370, 3468, 3441, 2327, 1937, 472, 312, 1900, 509, 1342, 1285, 2791, 431, 2336, 1873, 443, 359, 1281, 2422, 1479, 2889, 162, 2299, 446, 3178, 385, 387, 1206, 3328, 3225, 2164, 1650, 2314, 2549, 1968, 3400, 316, 1238, 1414, 1359, 381, 91, 939, 3201, 3278, 465, 549, 844, 1778, 523, 438, 2901, 2737, 2348, 440, 502, 1940, 1033, 2237, 3189, 207, 2546, 380, 3308, 952, 1982, 2010, 3385, 1298, 3330, 1898, 445, 1267, 2078, 345, 2254, 3126, 538, 900, 819, 3183, 1856, 2742, 3236, 1794, 1395, 3355, 469, 208, 53, 3450, 3196, 1632, 2187, 389, 3486, 3197, 2694, 3358, 150, 2599, 1354, 1049, 500, 2739, 2281, 456, 2871, 2031, 2664, 2584, 3206, 1949, 2205, 2227, 2706, 1372, 3345, 1015, 1388, 2723, 421, 1901, 1878, 243, 1394, 481, 848, 2301, 533, 1257, 1300, 3393, 833, 3365, 1426, 499, 520, 205, 2238, 2167, 2015, 470, 1288, 1979, 3260, 2320, 1790, 1830, 1268, 1520, 2354, 468, 528, 491, 2353, 571, 677, 507, 2337, 1523, 934, 2087, 2479, 2902, 850, 2218, 3337, 2308, 1504, 3205, 1276, 1482, 3397, 2497, 2043, 378, 334, 3227, 3479, 2869, 409, 1810, 2005, 282, 2162, 1941, 3181, 839, 591, 906, 3399, 452, 863, 2531, 3352, 479, 2379, 3193, 1882, 3124]

solved select: 214 in 7396.75 seconds
iteration: 0, n requested: 214, n selected: 214, selected: [1094, 2693, 2356, 3488, 2442, 1382, 1024, 2347, 126, 1989, 3204, 868, 3370, 3468, 3441, 2327, 1937, 472, 312, 1900, 509, 1342, 1285, 2791, 431, 2336, 1873, 443, 359, 1281, 2422, 1479, 2889, 162, 2299, 446, 3178, 385, 387, 1206, 3328, 3225, 2164, 1650, 2314, 2549, 1968, 3400, 316, 1238, 1414, 1359, 381, 91, 939, 3201, 3278, 465, 549, 844, 1778, 523, 438, 2901, 2737, 2348, 440, 502, 1940, 1033, 2237, 3189, 207, 2546, 380, 3308, 952, 1982, 2010, 3385, 1298, 3330, 1898, 445, 1267, 2078, 345, 2254, 3126, 538, 900, 819, 3183, 1856, 2742, 3236, 1794, 1395, 3355, 469, 208, 53, 3450, 3196, 1632, 2187, 389, 3486, 3197, 2694, 3358, 150, 2599, 1354, 1049, 500, 2739, 2281, 456, 2871, 2031, 2664, 2584, 3206, 1949, 2205, 2227, 2706, 1372, 3345, 1015, 1388, 2723, 421, 1901, 1878, 243, 1394, 481, 848, 2301, 533, 1257, 1300, 3393, 833, 3365, 1426, 499, 520, 205, 2238, 2167, 2015, 470, 1288, 1979, 3260, 2320, 1790, 1830, 1268, 1520, 2354, 468, 528, 491, 2353, 571, 677, 507, 2337, 1523, 934, 2087, 2479, 2902, 850, 2218, 3337, 2308, 1504, 3205, 1276, 1482, 3397, 2497, 2043, 378, 334, 3227, 3479, 2869, 409, 1810, 2005, 282, 2162, 1941, 3181, 839, 591, 906, 3399, 452, 863, 2531, 3352, 479, 2379, 3193, 1882, 3124, 1428]

solved select: 215 in 7515.29 seconds
iteration: 0, n requested: 215, n selected: 215, selected: [1094, 2693, 2356, 3488, 2442, 1382, 1024, 2347, 126, 1989, 3204, 868, 3370, 3468, 3441, 2327, 1937, 472, 312, 1900, 509, 1342, 1285, 2791, 431, 2336, 1873, 443, 359, 1281, 2422, 1479, 2889, 162, 2299, 446, 3178, 385, 387, 1206, 3328, 3225, 2164, 1650, 2314, 2549, 1968, 3400, 316, 1238, 1414, 1359, 381, 91, 939, 3201, 3278, 465, 549, 844, 1778, 523, 438, 2901, 2737, 2348, 440, 502, 1940, 1033, 2237, 3189, 207, 2546, 380, 3308, 952, 1982, 2010, 3385, 1298, 3330, 1898, 445, 1267, 2078, 345, 2254, 3126, 538, 900, 819, 3183, 1856, 2742, 3236, 1794, 1395, 3355, 469, 208, 53, 3450, 3196, 1632, 2187, 389, 3486, 3197, 2694, 3358, 150, 2599, 1354, 1049, 500, 2739, 2281, 456, 2871, 2031, 2664, 2584, 3206, 1949, 2205, 2227, 2706, 1372, 3345, 1015, 1388, 2723, 421, 1901, 1878, 243, 1394, 481, 848, 2301, 533, 1257, 1300, 3393, 833, 3365, 1426, 499, 520, 205, 2238, 2167, 2015, 470, 1288, 1979, 3260, 2320, 1790, 1830, 1268, 1520, 2354, 468, 528, 491, 2353, 571, 677, 507, 2337, 1523, 934, 2087, 2479, 2902, 850, 2218, 3337, 2308, 1504, 3205, 1276, 1482, 3397, 2497, 2043, 378, 334, 3227, 3479, 2869, 409, 1810, 2005, 282, 2162, 1941, 3181, 839, 591, 906, 3399, 452, 863, 2531, 3352, 479, 2379, 3193, 1882, 3124, 1428, 444]

solved select: 216 in 7631.94 seconds
iteration: 0, n requested: 216, n selected: 216, selected: [1094, 2693, 2356, 3488, 2442, 1382, 1024, 2347, 126, 1989, 3204, 868, 3370, 3468, 3441, 2327, 1937, 472, 312, 1900, 509, 1342, 1285, 2791, 431, 2336, 1873, 443, 359, 1281, 2422, 1479, 2889, 162, 2299, 446, 3178, 385, 387, 1206, 3328, 3225, 2164, 1650, 2314, 2549, 1968, 3400, 316, 1238, 1414, 1359, 381, 91, 939, 3201, 3278, 465, 549, 844, 1778, 523, 438, 2901, 2737, 2348, 440, 502, 1940, 1033, 2237, 3189, 207, 2546, 380, 3308, 952, 1982, 2010, 3385, 1298, 3330, 1898, 445, 1267, 2078, 345, 2254, 3126, 538, 900, 819, 3183, 1856, 2742, 3236, 1794, 1395, 3355, 469, 208, 53, 3450, 3196, 1632, 2187, 389, 3486, 3197, 2694, 3358, 150, 2599, 1354, 1049, 500, 2739, 2281, 456, 2871, 2031, 2664, 2584, 3206, 1949, 2205, 2227, 2706, 1372, 3345, 1015, 1388, 2723, 421, 1901, 1878, 243, 1394, 481, 848, 2301, 533, 1257, 1300, 3393, 833, 3365, 1426, 499, 520, 205, 2238, 2167, 2015, 470, 1288, 1979, 3260, 2320, 1790, 1830, 1268, 1520, 2354, 468, 528, 491, 2353, 571, 677, 507, 2337, 1523, 934, 2087, 2479, 2902, 850, 2218, 3337, 2308, 1504, 3205, 1276, 1482, 3397, 2497, 2043, 378, 334, 3227, 3479, 2869, 409, 1810, 2005, 282, 2162, 1941, 3181, 839, 591, 906, 3399, 452, 863, 2531, 3352, 479, 2379, 3193, 1882, 3124, 1428, 444, 1952]

solved select: 217 in 7748.33 seconds
iteration: 0, n requested: 217, n selected: 217, selected: [1094, 2693, 2356, 3488, 2442, 1382, 1024, 2347, 126, 1989, 3204, 868, 3370, 3468, 3441, 2327, 1937, 472, 1646, 1900, 509, 1342, 1285, 2791, 431, 2336, 1873, 443, 359, 1281, 2422, 1479, 2889, 162, 2299, 446, 3178, 385, 387, 1206, 3328, 3225, 2164, 1650, 2314, 2549, 1968, 3400, 316, 1238, 1414, 1359, 381, 91, 939, 3201, 3278, 465, 549, 844, 1778, 523, 438, 312, 2737, 2348, 440, 502, 1940, 1033, 2237, 3189, 207, 2546, 380, 3308, 952, 1982, 2010, 3385, 1298, 3330, 1898, 445, 1267, 2078, 345, 2254, 3126, 538, 900, 819, 3183, 1856, 2742, 3236, 1794, 1395, 3355, 469, 208, 53, 3450, 3196, 1632, 2187, 389, 3486, 3197, 2694, 3358, 150, 2599, 1354, 1049, 500, 2739, 2281, 456, 2871, 2031, 2664, 2584, 3206, 1949, 2205, 2227, 2706, 1372, 3345, 1015, 1388, 2723, 421, 1901, 1878, 243, 1394, 481, 848, 2301, 533, 1257, 1300, 3393, 833, 3365, 1426, 499, 520, 205, 2238, 2167, 2015, 470, 1288, 1979, 3260, 2320, 1790, 1830, 1268, 1520, 2354, 468, 528, 491, 2353, 571, 677, 507, 2337, 1523, 934, 2087, 2479, 2902, 850, 2218, 3337, 2308, 1504, 3205, 1276, 1482, 3397, 2497, 2043, 378, 334, 3227, 3479, 2869, 409, 1810, 2005, 282, 2162, 1941, 3181, 839, 591, 906, 3399, 452, 863, 2531, 3352, 479, 2379, 3193, 1882, 3124, 1428, 444, 1952, 2897]

solved select: 218 in 7866.11 seconds
iteration: 0, n requested: 218, n selected: 218, selected: [1094, 2693, 2356, 3488, 2442, 1382, 1024, 2347, 126, 1989, 3204, 868, 3370, 3468, 3441, 2327, 1937, 472, 1646, 1900, 509, 1342, 1285, 2791, 431, 2336, 1873, 443, 359, 1281, 2422, 1479, 2889, 162, 2299, 446, 3178, 385, 387, 1206, 3328, 3225, 2164, 1650, 2314, 2549, 1968, 3400, 316, 1238, 1414, 1359, 381, 91, 939, 3201, 3278, 465, 549, 844, 1778, 523, 438, 312, 2737, 2348, 440, 502, 1940, 1033, 2237, 3189, 207, 2546, 380, 3308, 952, 1982, 2010, 3385, 1298, 3330, 1898, 445, 1267, 2078, 345, 2254, 3126, 538, 900, 819, 3183, 1856, 2742, 3236, 1794, 1395, 3355, 469, 208, 53, 3450, 3196, 1632, 2187, 389, 3486, 3197, 2694, 3358, 150, 2599, 1354, 1049, 500, 2739, 2281, 456, 2871, 2031, 2664, 2584, 3206, 1949, 2205, 2227, 2706, 1372, 3345, 1015, 1388, 2723, 421, 1901, 1878, 243, 1394, 481, 848, 2301, 533, 1257, 1300, 3393, 833, 3365, 1426, 499, 520, 205, 2238, 2167, 2015, 470, 1288, 1979, 3260, 2320, 1790, 1830, 1268, 1520, 2354, 468, 528, 491, 2353, 571, 677, 507, 2337, 1523, 934, 2087, 2479, 2902, 850, 2218, 3337, 2308, 1504, 3205, 1276, 1482, 3397, 2497, 2043, 378, 334, 3227, 3479, 2869, 409, 1810, 2005, 282, 2162, 1941, 3181, 839, 591, 906, 3399, 452, 863, 2531, 3352, 479, 2379, 3193, 1882, 3124, 1428, 444, 1952, 2897, 2712]

solved select: 219 in 7985.19 seconds
iteration: 0, n requested: 219, n selected: 219, selected: [1094, 2693, 2356, 3488, 2442, 1382, 1024, 2347, 126, 1989, 3204, 868, 3370, 3468, 3441, 2327, 1937, 472, 1646, 1900, 509, 1342, 1285, 2791, 431, 2336, 1873, 443, 359, 1281, 2422, 1479, 2889, 162, 2299, 446, 3178, 385, 387, 1206, 3328, 3225, 2164, 1650, 2314, 2549, 1968, 3400, 316, 1238, 1414, 1359, 381, 91, 939, 3201, 3278, 465, 549, 844, 1778, 523, 438, 312, 2737, 2348, 440, 502, 1940, 1033, 2237, 3189, 207, 2546, 380, 3308, 952, 1982, 2010, 3385, 1298, 3330, 1898, 445, 1267, 2078, 345, 2254, 3126, 538, 900, 819, 3183, 1856, 2742, 3236, 1794, 1395, 3355, 469, 208, 53, 3450, 3196, 1632, 2187, 389, 3486, 3197, 2694, 3358, 150, 2599, 1354, 1049, 500, 2739, 2281, 456, 2871, 2031, 2664, 2584, 3206, 1949, 2205, 2227, 2706, 1372, 3345, 1015, 1388, 2723, 421, 1901, 1878, 243, 1394, 481, 848, 2301, 533, 1257, 1300, 3393, 833, 3365, 1426, 499, 520, 205, 2238, 2167, 2015, 470, 1288, 1979, 3260, 2320, 1790, 1830, 1268, 1520, 2354, 468, 528, 491, 2353, 571, 677, 507, 2337, 1523, 934, 2087, 2479, 2902, 850, 2218, 3337, 2308, 1504, 3205, 1276, 1482, 3397, 2497, 2043, 378, 334, 3227, 3479, 2869, 409, 1810, 2005, 282, 2162, 1941, 3181, 839, 591, 906, 3399, 452, 863, 2531, 3352, 479, 2379, 3193, 1882, 3124, 1428, 444, 1952, 2897, 2712, 3383]

solved select: 220 in 8107.96 seconds
iteration: 0, n requested: 220, n selected: 220, selected: [1094, 2693, 2356, 3488, 2442, 1382, 1024, 2347, 126, 1989, 3204, 868, 3370, 3468, 3441, 2327, 1937, 472, 1646, 1900, 509, 1342, 1285, 2791, 431, 2336, 1873, 443, 359, 1281, 2422, 1479, 2889, 162, 2299, 446, 3178, 385, 387, 1206, 3328, 3225, 2164, 1650, 2314, 2549, 1968, 3400, 316, 1238, 1414, 1359, 381, 91, 939, 3201, 3278, 465, 549, 844, 1778, 523, 438, 312, 2737, 2348, 440, 502, 1940, 1033, 2237, 3189, 207, 2546, 380, 3308, 952, 1982, 2010, 3385, 1298, 3330, 1898, 445, 1267, 2078, 345, 2254, 3126, 538, 900, 819, 3183, 1856, 2742, 3236, 1794, 1395, 3355, 469, 208, 53, 3450, 3196, 1632, 2187, 389, 3486, 3197, 2694, 3358, 150, 2599, 1354, 1049, 500, 2739, 2281, 456, 2871, 2031, 2664, 2584, 3206, 1949, 2205, 2227, 2706, 1372, 3345, 1015, 1388, 2723, 421, 1901, 1878, 243, 1394, 481, 848, 2301, 533, 1257, 1300, 3393, 833, 3365, 1426, 499, 520, 205, 2238, 2167, 2015, 470, 1288, 1979, 3260, 2320, 1790, 1830, 1268, 1520, 2354, 468, 528, 491, 2353, 571, 677, 507, 2337, 1523, 934, 2087, 2479, 2902, 850, 2218, 3337, 2308, 1504, 3205, 1276, 1482, 3397, 2497, 2043, 378, 334, 3227, 3479, 2869, 409, 1810, 2005, 282, 2162, 1941, 3181, 839, 591, 906, 3399, 452, 863, 2531, 3352, 479, 2379, 3193, 1882, 3124, 1428, 444, 1952, 2897, 2712, 3383, 3160]

solved select: 221 in 8227.67 seconds
iteration: 0, n requested: 221, n selected: 221, selected: [1094, 2693, 2356, 3488, 2442, 1382, 1024, 2347, 126, 1989, 3204, 868, 3370, 3468, 3441, 2327, 1937, 472, 1646, 1900, 509, 1342, 1285, 2791, 431, 2336, 1873, 443, 359, 1281, 2422, 1479, 2889, 162, 2299, 446, 3178, 385, 387, 1206, 3328, 3225, 2164, 1650, 2314, 2549, 1968, 3400, 316, 1238, 1414, 1359, 381, 91, 939, 3201, 3278, 465, 549, 844, 1778, 523, 438, 312, 2737, 2348, 440, 502, 1940, 1033, 2237, 3189, 207, 2546, 380, 3308, 952, 1982, 2010, 3385, 1298, 3330, 1898, 445, 1267, 2078, 345, 2254, 3126, 538, 900, 819, 3183, 1856, 2742, 3236, 1794, 1395, 3355, 469, 208, 53, 3450, 3196, 1632, 2187, 389, 3486, 3197, 2694, 3358, 150, 2599, 1354, 1049, 500, 2739, 2281, 456, 2871, 2031, 2664, 2584, 3206, 1949, 2205, 2227, 2706, 1372, 3345, 1015, 1388, 2723, 421, 1901, 1878, 243, 1394, 481, 848, 2301, 533, 1257, 1300, 3393, 833, 3365, 1426, 499, 520, 205, 2238, 2167, 2015, 470, 1288, 1979, 3260, 2320, 1790, 1830, 1268, 1520, 2354, 468, 528, 491, 2353, 571, 677, 507, 2337, 1523, 934, 2087, 2479, 2902, 850, 2218, 3337, 2308, 1504, 3205, 1276, 1482, 3397, 2497, 2043, 378, 334, 3227, 3479, 2869, 409, 1810, 2005, 282, 2162, 1941, 3181, 839, 591, 906, 3399, 452, 863, 2531, 3352, 479, 2379, 3193, 1882, 3124, 1428, 444, 1952, 2897, 2712, 3383, 3160, 2763]

solved select: 222 in 8347.91 seconds
iteration: 0, n requested: 222, n selected: 222, selected: [1094, 2693, 2356, 3488, 2442, 1382, 1024, 2347, 126, 1989, 3204, 868, 3370, 3468, 3441, 2327, 1937, 472, 1646, 1900, 509, 1342, 1285, 2791, 431, 2336, 1873, 443, 359, 1281, 2422, 1479, 2889, 162, 2299, 446, 3178, 385, 387, 1206, 3328, 3225, 2164, 1650, 2314, 2549, 1968, 3400, 316, 1238, 1414, 1359, 381, 91, 939, 3201, 3278, 465, 549, 844, 1778, 523, 438, 312, 2737, 2348, 440, 502, 1940, 1033, 2237, 3189, 207, 2546, 380, 3308, 952, 1982, 2010, 3385, 1298, 3330, 1898, 445, 1267, 2078, 345, 2254, 3126, 538, 900, 819, 3183, 1856, 2742, 3236, 1794, 1395, 3355, 469, 208, 53, 3450, 3196, 1632, 2187, 389, 3486, 3197, 2694, 3358, 150, 2599, 1354, 1049, 500, 2739, 2281, 456, 2871, 2031, 2664, 2584, 3206, 1949, 2205, 2227, 2706, 1372, 3345, 1015, 1388, 2723, 421, 1901, 1878, 243, 1394, 481, 848, 2301, 533, 1257, 1300, 3393, 833, 3365, 1426, 499, 520, 205, 2238, 2167, 2015, 470, 1288, 1979, 3260, 2320, 1790, 1830, 1268, 1520, 2354, 468, 528, 491, 2353, 571, 677, 507, 2337, 1523, 934, 2087, 2479, 2902, 850, 2218, 3337, 2308, 1504, 3205, 1276, 1482, 3397, 2497, 2043, 378, 334, 3227, 3479, 2869, 409, 1810, 2005, 282, 2162, 1941, 3181, 839, 591, 906, 3399, 452, 863, 2531, 3352, 479, 2379, 3193, 1882, 3124, 1428, 444, 1952, 2897, 2712, 3383, 3160, 2763, 1488]

solved select: 223 in 8470.83 seconds
iteration: 0, n requested: 223, n selected: 223, selected: [1094, 2693, 2356, 3488, 2442, 1382, 1024, 2347, 126, 1989, 3204, 868, 3370, 3468, 3441, 2327, 1937, 472, 1646, 1900, 509, 1342, 1285, 2791, 431, 2336, 1873, 443, 359, 1281, 2422, 1479, 2889, 162, 2299, 446, 3178, 385, 387, 1206, 3328, 3225, 2164, 1650, 2314, 2549, 1968, 3400, 316, 1238, 1414, 1359, 381, 91, 939, 3201, 3278, 465, 549, 844, 1778, 523, 438, 312, 2737, 2348, 440, 502, 1940, 1033, 2237, 3189, 207, 2546, 380, 3308, 952, 1982, 2010, 3385, 1298, 3330, 1898, 445, 1267, 2078, 345, 2254, 3126, 538, 900, 819, 3183, 1856, 2742, 3236, 1794, 1395, 3355, 469, 208, 53, 3450, 3196, 1632, 2187, 389, 3486, 3197, 2694, 3358, 150, 2599, 1354, 1049, 500, 2739, 2281, 456, 2871, 2031, 2664, 2584, 3206, 1949, 2205, 2227, 2706, 1372, 3345, 1015, 1388, 2723, 421, 1901, 1878, 243, 1394, 481, 848, 2301, 533, 1257, 1300, 3393, 833, 3365, 1426, 499, 520, 205, 2238, 2167, 2015, 470, 1288, 1979, 3260, 2320, 1790, 1830, 1268, 1520, 2354, 468, 528, 491, 2353, 571, 677, 507, 2337, 1523, 934, 2087, 2479, 2902, 850, 2218, 3337, 2308, 1504, 3205, 1276, 1482, 3397, 2497, 2043, 378, 334, 3227, 3479, 2869, 409, 1810, 2005, 282, 2162, 1941, 3181, 839, 591, 906, 3399, 452, 863, 2531, 3352, 479, 2379, 3193, 1882, 3124, 1428, 444, 1952, 2897, 2712, 3383, 3160, 2763, 1488, 606]

solved select: 224 in 8598.61 seconds
iteration: 0, n requested: 224, n selected: 224, selected: [1094, 2693, 2356, 3488, 2442, 1382, 1024, 2347, 126, 1989, 3204, 868, 3370, 3468, 3441, 2327, 1937, 472, 1646, 1900, 509, 1342, 1285, 2791, 431, 2336, 1873, 443, 359, 1281, 2422, 1479, 2889, 162, 2299, 446, 3178, 385, 387, 1206, 3328, 3225, 2164, 1650, 2314, 2549, 1968, 3400, 316, 1238, 1414, 1359, 381, 91, 939, 3201, 3278, 465, 549, 844, 1778, 523, 438, 312, 2737, 2348, 440, 502, 1940, 1033, 2237, 3189, 207, 2546, 380, 3308, 952, 1982, 2010, 3385, 1298, 3330, 1898, 445, 1267, 2078, 345, 2254, 3126, 538, 900, 819, 3183, 1856, 2742, 3236, 1794, 1395, 3355, 469, 208, 53, 3450, 3196, 1632, 2187, 389, 3486, 3197, 2694, 3358, 150, 2599, 1354, 1049, 500, 2739, 2281, 456, 2871, 2031, 2664, 2584, 3206, 1949, 2205, 2227, 2706, 1372, 3345, 1015, 1388, 2723, 421, 1901, 1878, 243, 1394, 481, 848, 2301, 533, 1257, 1300, 3393, 833, 3365, 1426, 499, 520, 205, 2238, 2167, 2015, 470, 1288, 1979, 3260, 2320, 1790, 1830, 1268, 1520, 2354, 468, 528, 491, 2353, 571, 677, 507, 2337, 1523, 934, 2087, 2479, 2902, 850, 2218, 3337, 2308, 1504, 3205, 1276, 1482, 3397, 2497, 2043, 378, 334, 3227, 3479, 2869, 409, 1810, 2005, 282, 2162, 1941, 3181, 839, 591, 906, 3399, 452, 863, 2531, 3352, 479, 2379, 3193, 1882, 3124, 1428, 444, 1952, 2897, 2712, 3383, 3160, 2763, 1488, 606, 2732]

solved select: 225 in 8724.78 seconds
iteration: 0, n requested: 225, n selected: 225, selected: [1094, 2693, 2356, 3488, 2442, 1382, 1024, 2347, 126, 1989, 3204, 868, 3370, 3468, 3441, 2327, 1937, 472, 1646, 1900, 509, 1342, 1285, 2791, 431, 2336, 1873, 443, 359, 1281, 2422, 1479, 2889, 162, 2299, 446, 3178, 385, 387, 1206, 3328, 3225, 2164, 1650, 2314, 2549, 1968, 3400, 316, 1238, 1414, 1359, 381, 91, 939, 3201, 3278, 465, 549, 844, 1778, 523, 438, 312, 2737, 2348, 440, 502, 1940, 1033, 2237, 3189, 207, 2546, 380, 3308, 952, 1982, 2010, 3385, 1298, 3330, 1898, 445, 1267, 2078, 345, 2254, 3126, 538, 900, 819, 3183, 1856, 2742, 3236, 1794, 1395, 3355, 469, 208, 53, 3450, 3196, 1632, 2187, 389, 3486, 3197, 2694, 3358, 150, 2599, 1354, 1049, 500, 2739, 2281, 456, 2871, 2031, 2664, 2584, 3206, 1949, 2205, 2227, 2706, 1372, 3345, 1015, 1388, 2723, 421, 1901, 1878, 243, 1394, 481, 848, 2301, 533, 1257, 1300, 3393, 833, 3365, 1426, 499, 520, 205, 2238, 2167, 2015, 470, 1288, 1979, 3260, 2320, 1790, 1830, 1268, 1520, 2354, 468, 528, 491, 2353, 571, 677, 507, 2337, 1523, 934, 2087, 2479, 2902, 850, 2218, 3337, 2308, 1504, 3205, 1276, 1482, 3397, 2497, 2043, 378, 334, 3227, 3479, 2869, 409, 1810, 2005, 282, 2162, 1941, 3181, 839, 591, 906, 3399, 452, 863, 2531, 3352, 479, 2379, 3193, 1882, 3124, 1428, 444, 1952, 2897, 2712, 3383, 3160, 2763, 1488, 606, 2732, 1899]

solved select: 226 in 8849.27 seconds
iteration: 0, n requested: 226, n selected: 226, selected: [1094, 2693, 2356, 3488, 2442, 1382, 1024, 2347, 126, 1989, 3204, 868, 3370, 3468, 3441, 2327, 1937, 472, 1646, 1900, 509, 1342, 1285, 2791, 431, 2336, 1873, 443, 359, 1281, 2422, 1479, 2889, 162, 2299, 446, 3178, 385, 387, 1206, 3328, 3225, 2164, 1650, 2314, 2549, 1968, 3400, 316, 1238, 1414, 1359, 381, 91, 939, 3201, 3278, 465, 549, 844, 1778, 523, 438, 312, 2737, 2348, 440, 502, 1940, 1033, 2237, 3189, 207, 2546, 380, 3308, 952, 1982, 2010, 3385, 1298, 3330, 1898, 445, 1267, 2078, 345, 2254, 3126, 538, 900, 819, 3183, 1856, 2742, 3236, 1794, 1395, 3355, 469, 208, 53, 3450, 3196, 1632, 2187, 389, 3486, 3197, 2694, 3358, 150, 2599, 1354, 1049, 500, 2739, 2281, 456, 2871, 2031, 2664, 2584, 3206, 1949, 2205, 2227, 2706, 1372, 3345, 1015, 1388, 2723, 421, 1901, 1878, 243, 1394, 481, 848, 2301, 533, 1257, 1300, 3393, 833, 3365, 1426, 499, 520, 205, 2238, 2167, 2015, 470, 1288, 1979, 3260, 2320, 1790, 1830, 1268, 1520, 2354, 468, 528, 491, 2353, 571, 677, 507, 2337, 1523, 934, 2087, 2479, 2902, 850, 2218, 3337, 2308, 1504, 3205, 1276, 1482, 3397, 2497, 2043, 378, 334, 3227, 3479, 2869, 409, 1810, 2005, 282, 2162, 1941, 3181, 839, 591, 906, 3399, 452, 863, 2531, 3352, 479, 2379, 3193, 1882, 3124, 1428, 444, 1952, 2897, 2712, 3383, 3160, 2763, 1488, 606, 2732, 1899, 2325]

solved select: 227 in 8971.40 seconds
iteration: 0, n requested: 227, n selected: 227, selected: [1094, 2693, 2356, 3488, 2442, 1382, 1024, 2347, 126, 1989, 3204, 868, 3370, 3468, 3441, 2327, 1937, 472, 1646, 1900, 509, 1342, 1285, 2791, 431, 2336, 1873, 443, 359, 1281, 2422, 1479, 2889, 162, 2299, 446, 3178, 385, 387, 1206, 3328, 3225, 2164, 1650, 2314, 2549, 1968, 3400, 316, 1238, 1414, 1359, 381, 91, 939, 3201, 3278, 465, 549, 844, 1778, 523, 438, 312, 2737, 2348, 440, 502, 1940, 1033, 2237, 3189, 207, 2546, 380, 3308, 952, 1982, 2010, 3385, 1298, 3330, 1898, 445, 1267, 2078, 345, 2254, 3126, 538, 900, 819, 3183, 1856, 2742, 3236, 1794, 1395, 3355, 469, 208, 53, 3450, 3196, 1632, 2187, 389, 3486, 3197, 2694, 3358, 150, 2599, 1354, 1049, 500, 2739, 2281, 456, 2871, 2031, 2664, 2584, 3206, 1949, 2205, 2227, 2706, 1372, 3345, 1015, 1388, 2723, 421, 1901, 1878, 243, 1394, 481, 848, 2301, 533, 1257, 1300, 3393, 833, 3365, 1426, 499, 520, 205, 2238, 2167, 2015, 470, 1288, 1979, 3260, 2320, 1790, 1830, 1268, 1520, 2354, 468, 528, 491, 2353, 571, 677, 507, 2337, 1523, 934, 2087, 2479, 2902, 850, 2218, 3337, 2308, 1504, 3205, 1276, 1482, 3397, 2497, 2043, 378, 334, 3227, 3479, 2869, 409, 1810, 2005, 282, 2162, 1941, 3181, 839, 591, 906, 3399, 452, 863, 2531, 3352, 479, 2379, 3193, 1882, 3124, 1428, 444, 1952, 2897, 2712, 3383, 3160, 2763, 1488, 606, 2732, 1899, 2325, 514]

solved select: 228 in 9097.51 seconds
iteration: 0, n requested: 228, n selected: 228, selected: [1094, 2693, 2356, 3488, 2442, 1382, 1024, 2347, 126, 1989, 3204, 868, 3370, 3468, 3441, 2327, 1937, 472, 1646, 1900, 509, 1342, 1285, 2791, 431, 2336, 1873, 443, 359, 1281, 2422, 1479, 2889, 162, 2299, 446, 3178, 385, 387, 1206, 3328, 3225, 2164, 1650, 2314, 2549, 1968, 3400, 316, 1238, 1414, 1359, 381, 91, 939, 3201, 3278, 465, 549, 844, 1778, 523, 438, 312, 2737, 2348, 440, 502, 1940, 1033, 2237, 3189, 207, 2546, 380, 3308, 952, 1982, 2010, 3385, 1298, 3330, 1898, 445, 1267, 2078, 345, 2254, 3126, 538, 900, 819, 3183, 1856, 2742, 3236, 1794, 1395, 3355, 469, 208, 53, 3450, 3196, 1632, 2187, 389, 3486, 3197, 2694, 3358, 150, 2599, 1354, 1049, 500, 2739, 2281, 456, 2871, 2031, 2664, 2584, 3206, 1949, 2205, 2227, 2706, 1372, 3345, 1015, 1388, 2723, 421, 1901, 1878, 243, 1394, 481, 848, 2301, 533, 1257, 1300, 3393, 833, 3365, 1426, 499, 520, 205, 2238, 2167, 2015, 470, 1288, 1979, 3260, 2320, 1790, 1830, 1268, 1520, 2354, 468, 528, 491, 2353, 571, 677, 507, 2337, 1523, 934, 2087, 2479, 2902, 850, 2218, 3337, 2308, 1504, 3205, 1276, 1482, 3397, 2497, 2043, 378, 334, 3227, 3479, 2869, 409, 1810, 2005, 282, 2162, 1941, 3181, 839, 591, 906, 3399, 452, 863, 2531, 3352, 479, 2379, 3193, 1882, 3124, 1428, 444, 1952, 2897, 2712, 3383, 3160, 2763, 1488, 606, 2732, 1899, 2325, 514, 106]

solved select: 229 in 9229.38 seconds
iteration: 0, n requested: 229, n selected: 229, selected: [1094, 2693, 2356, 3488, 2442, 1382, 1024, 2347, 126, 1989, 3204, 868, 3370, 3468, 3441, 2327, 1937, 472, 1646, 1900, 509, 1342, 1285, 2791, 431, 2336, 1873, 443, 359, 1281, 2422, 1479, 2889, 162, 2299, 446, 3178, 385, 387, 1206, 3328, 3225, 2164, 1650, 2314, 2549, 1968, 3400, 316, 1238, 1414, 1359, 381, 91, 939, 3201, 3278, 465, 549, 844, 1778, 523, 438, 312, 2737, 2348, 440, 502, 1940, 1033, 2237, 3189, 207, 2546, 380, 3308, 952, 1982, 2010, 3385, 1298, 3330, 1898, 445, 1267, 2078, 345, 2254, 3126, 538, 900, 819, 3183, 1856, 2742, 3236, 1794, 1395, 3355, 469, 208, 53, 3450, 3196, 1632, 2187, 389, 3486, 3197, 2694, 3358, 150, 2599, 1354, 1049, 500, 2739, 2281, 456, 2871, 2031, 2664, 2584, 3206, 1949, 2205, 2227, 2706, 1372, 3345, 1015, 1388, 2723, 421, 1901, 1878, 243, 1394, 481, 848, 2301, 533, 1257, 1300, 3393, 833, 3365, 1426, 499, 520, 205, 2238, 2167, 2015, 470, 1288, 1979, 3260, 2320, 1790, 1830, 1268, 1520, 2354, 468, 528, 491, 2353, 571, 677, 507, 2337, 1523, 934, 2087, 2479, 2902, 850, 2218, 3337, 2308, 1504, 3205, 1276, 1482, 3397, 2497, 2043, 378, 334, 3227, 3479, 2869, 409, 1810, 2005, 282, 2162, 1941, 3181, 839, 591, 906, 3399, 452, 863, 2531, 3352, 479, 2379, 3193, 1882, 3124, 1428, 444, 1952, 2897, 2712, 3383, 3160, 2763, 1488, 606, 2732, 1899, 2325, 514, 106, 1228]

solved select: 230 in 9351.93 seconds
iteration: 0, n requested: 230, n selected: 230, selected: [1094, 2693, 2356, 3488, 2442, 1382, 1024, 2347, 126, 1989, 3204, 868, 3370, 3468, 3441, 2327, 1937, 472, 1646, 1900, 509, 1342, 1285, 2791, 431, 2336, 1873, 443, 359, 1281, 2422, 1479, 2889, 162, 2299, 446, 3178, 385, 387, 1206, 3328, 3225, 2164, 1650, 2314, 2549, 1968, 3400, 316, 1238, 1414, 1359, 381, 91, 939, 3201, 3278, 465, 549, 844, 1778, 523, 438, 312, 2737, 2348, 440, 502, 1940, 1033, 2237, 3189, 207, 2546, 380, 3308, 952, 1982, 2010, 3385, 1298, 3330, 1898, 445, 1267, 2078, 345, 2254, 3126, 538, 900, 819, 3183, 1856, 2742, 3236, 1794, 1395, 3355, 469, 208, 53, 3450, 3196, 1632, 2187, 389, 3486, 3197, 2694, 3358, 150, 2599, 1354, 1049, 500, 2739, 2281, 456, 2871, 2031, 2664, 2584, 3206, 1949, 2205, 2227, 2706, 1372, 3345, 1015, 1388, 2723, 421, 1901, 1878, 243, 1394, 481, 848, 2301, 533, 1257, 1300, 3393, 833, 3365, 1426, 499, 520, 205, 2238, 2167, 2015, 470, 1288, 1979, 3260, 2320, 1790, 1830, 1268, 1520, 2354, 468, 528, 491, 2353, 571, 677, 507, 2337, 1523, 934, 2087, 2479, 2902, 850, 2218, 3337, 2308, 1504, 3205, 1276, 1482, 3397, 2497, 2043, 378, 334, 3227, 3479, 2869, 409, 1810, 2005, 282, 2162, 1941, 3181, 839, 591, 906, 3399, 452, 863, 2531, 3352, 479, 2379, 3193, 1882, 3124, 1428, 444, 1952, 2897, 2712, 3383, 3160, 2763, 1488, 606, 2732, 1899, 2325, 514, 106, 1228, 508]

solved select: 231 in 9482.91 seconds
iteration: 0, n requested: 231, n selected: 231, selected: [1094, 2693, 2356, 3488, 2442, 1382, 1024, 2347, 126, 1989, 3204, 868, 3370, 3468, 3441, 2327, 1937, 472, 1646, 1900, 509, 1342, 1285, 2791, 431, 2336, 1873, 443, 359, 1281, 2422, 1479, 2889, 162, 2299, 446, 3178, 385, 387, 1206, 3328, 3225, 2164, 1650, 2314, 2549, 1968, 3400, 316, 1238, 1414, 1359, 381, 91, 939, 3201, 3278, 465, 549, 844, 1778, 523, 438, 312, 2737, 2348, 440, 502, 1940, 1033, 2237, 3189, 207, 2546, 380, 3308, 952, 1982, 2010, 3385, 1298, 3330, 1898, 445, 1267, 2078, 345, 2254, 3126, 538, 900, 819, 3183, 1856, 2742, 3236, 1794, 1395, 3355, 469, 208, 53, 3450, 3196, 1632, 2187, 389, 3486, 3197, 2694, 3358, 150, 2599, 1354, 1049, 500, 2739, 2281, 456, 2871, 2031, 2664, 2584, 3206, 1949, 2205, 2227, 2706, 1372, 3345, 1015, 1388, 2723, 421, 1901, 1878, 243, 1394, 481, 848, 2301, 533, 1257, 1300, 3393, 833, 3365, 1426, 499, 520, 205, 2238, 2167, 2015, 470, 1288, 1979, 3260, 2320, 1790, 1830, 1268, 1520, 2354, 468, 528, 491, 2353, 571, 677, 507, 2337, 1523, 934, 2087, 2479, 2902, 850, 2218, 3337, 2308, 1504, 3205, 1276, 1482, 3397, 2497, 2043, 378, 334, 3227, 3479, 2869, 409, 1810, 2005, 282, 2162, 1941, 3181, 839, 591, 906, 3399, 452, 863, 2531, 3352, 479, 2379, 3193, 1882, 3124, 1428, 444, 1952, 2897, 2712, 3383, 3160, 2763, 1488, 606, 2732, 1899, 2325, 514, 106, 1228, 508, 1074]

solved select: 232 in 9612.60 seconds
iteration: 0, n requested: 232, n selected: 232, selected: [1094, 2693, 2356, 3488, 2442, 1382, 1024, 2347, 126, 1989, 3204, 868, 3370, 3468, 3441, 2327, 1937, 472, 1646, 1900, 509, 1342, 1285, 2791, 431, 2336, 1873, 443, 359, 1281, 2422, 1479, 2889, 162, 2299, 446, 3178, 385, 387, 1206, 3328, 3225, 2164, 1650, 2314, 2549, 1968, 3400, 316, 1238, 1414, 1359, 381, 91, 939, 3201, 3278, 465, 549, 844, 1778, 523, 438, 312, 2737, 2348, 440, 502, 1940, 1033, 2237, 3189, 207, 2546, 380, 3308, 952, 1982, 2010, 3385, 1298, 3330, 1898, 445, 1267, 2078, 345, 2254, 3126, 538, 900, 819, 3183, 1856, 2742, 3236, 1794, 1395, 3355, 469, 208, 53, 3450, 3196, 1632, 2187, 389, 3486, 3197, 2694, 3358, 150, 2599, 1354, 1049, 500, 2739, 2281, 456, 2871, 2031, 2664, 2584, 3206, 1949, 2205, 2227, 2706, 1372, 3345, 1015, 1388, 2723, 421, 1901, 1878, 243, 1394, 481, 848, 2301, 533, 1257, 1300, 3393, 833, 3365, 1426, 499, 520, 205, 2238, 2167, 2015, 470, 1288, 1979, 3260, 2320, 1790, 1830, 1268, 1520, 2354, 468, 528, 491, 2353, 571, 677, 507, 2337, 1523, 934, 2087, 2479, 2902, 850, 2218, 3337, 2308, 1504, 3205, 1276, 1482, 3397, 2497, 2043, 378, 334, 3227, 3479, 2869, 409, 1810, 2005, 282, 2162, 1941, 3181, 839, 591, 906, 3399, 452, 863, 2531, 3352, 479, 2379, 3193, 1882, 3124, 1428, 444, 1952, 2897, 2712, 3383, 3160, 2763, 1488, 606, 2732, 1899, 2325, 514, 106, 1228, 508, 1074, 190]

solved select: 233 in 9707.40 seconds
iteration: 0, n requested: 233, n selected: 233, selected: [1094, 2693, 2356, 3488, 2442, 1382, 1024, 2347, 126, 1989, 3204, 868, 3370, 3468, 3441, 2327, 1937, 472, 1646, 1900, 509, 1342, 1285, 2791, 431, 2336, 1873, 443, 359, 1281, 2422, 1479, 2889, 162, 2299, 446, 3178, 385, 387, 1206, 3328, 3225, 2164, 1650, 2314, 2549, 1968, 3400, 480, 1238, 1414, 1359, 381, 91, 939, 3201, 3278, 465, 549, 844, 1778, 523, 438, 312, 2737, 2348, 440, 502, 1940, 1033, 2237, 3189, 207, 2546, 380, 3308, 952, 1982, 2010, 3385, 1298, 3330, 1898, 445, 1267, 2078, 345, 2254, 3126, 538, 900, 819, 3183, 1856, 2742, 3236, 1794, 1395, 3355, 469, 208, 53, 3450, 3196, 1632, 2187, 389, 3486, 3197, 2694, 3358, 150, 2599, 1354, 1049, 500, 2739, 2281, 456, 2871, 2031, 2664, 2584, 3206, 1949, 2205, 2227, 2706, 1372, 3345, 1015, 1388, 2723, 421, 1901, 1878, 243, 1394, 481, 848, 2301, 533, 1257, 1300, 3393, 833, 3365, 1426, 499, 520, 205, 2238, 2167, 2015, 470, 1288, 1979, 3260, 2320, 1790, 1830, 1268, 1520, 2354, 468, 528, 491, 2353, 571, 677, 507, 2337, 1523, 934, 2087, 2479, 2902, 850, 2218, 3337, 2308, 1504, 3205, 1276, 1482, 3397, 2497, 2043, 378, 334, 3227, 3479, 2869, 409, 1810, 2005, 282, 2162, 1941, 3181, 839, 591, 906, 3399, 452, 863, 2531, 3352, 479, 2379, 3193, 1882, 3124, 1428, 444, 1952, 2897, 2712, 3383, 3160, 2763, 1488, 606, 2732, 1899, 2325, 514, 106, 1228, 508, 1074, 190, 179]

solved select: 234 in 9803.13 seconds
iteration: 0, n requested: 234, n selected: 234, selected: [1094, 2693, 2356, 3488, 2442, 1382, 1024, 2347, 126, 1989, 3204, 868, 3370, 3468, 3441, 2327, 1937, 472, 1646, 1900, 509, 1342, 1285, 2791, 431, 2336, 1873, 443, 359, 1281, 2422, 1479, 2889, 162, 2299, 446, 3178, 385, 387, 1206, 3328, 3225, 2164, 1650, 2314, 2549, 1968, 3400, 480, 1238, 1414, 1359, 381, 91, 939, 3201, 3278, 465, 549, 844, 1778, 523, 438, 312, 2737, 2348, 440, 502, 1940, 1033, 2237, 3189, 207, 2546, 380, 3308, 952, 1982, 2010, 3385, 1298, 3330, 1898, 445, 1267, 2078, 345, 2254, 3126, 538, 900, 819, 3183, 1856, 2742, 3236, 1794, 1395, 3355, 469, 208, 53, 3450, 3196, 1632, 2187, 389, 3486, 3197, 2694, 3358, 150, 2599, 1354, 1049, 500, 2739, 2281, 456, 2871, 2031, 2664, 2584, 3206, 1949, 2205, 2227, 2706, 1372, 3345, 1015, 1388, 2723, 421, 1901, 1878, 243, 1394, 481, 848, 2301, 533, 1257, 1300, 3393, 833, 3365, 1426, 499, 520, 205, 2238, 2167, 2015, 470, 1288, 1979, 3260, 2320, 1790, 1830, 1268, 1520, 2354, 468, 528, 491, 2353, 571, 677, 507, 2337, 1523, 934, 2087, 2479, 2902, 850, 2218, 3337, 2308, 1504, 3205, 1276, 1482, 3397, 2497, 2043, 378, 334, 3227, 3479, 2869, 409, 1810, 2005, 282, 2162, 1941, 3181, 839, 591, 906, 3399, 452, 863, 2531, 3352, 479, 2379, 3193, 1882, 3124, 1428, 444, 1952, 2897, 2712, 3383, 3160, 2763, 1488, 606, 2732, 1899, 2325, 514, 106, 1228, 508, 1074, 190, 179, 1289]

solved select: 235 in 9902.45 seconds
iteration: 0, n requested: 235, n selected: 235, selected: [1094, 2693, 2356, 3488, 2442, 1382, 1024, 2347, 126, 1989, 3204, 868, 3370, 3468, 3441, 2327, 1937, 472, 1646, 1900, 509, 1342, 1285, 2791, 431, 2336, 1873, 443, 359, 1281, 2422, 1479, 2889, 162, 2299, 446, 3178, 385, 387, 1206, 3328, 3225, 2164, 1650, 2314, 2549, 1968, 3400, 480, 1238, 1414, 1359, 381, 91, 939, 3201, 3278, 465, 549, 844, 1778, 523, 438, 312, 2737, 2348, 440, 502, 1940, 1033, 2237, 3189, 207, 2546, 380, 3308, 952, 1982, 2010, 3385, 1298, 3330, 1898, 445, 1267, 2078, 345, 2254, 3126, 538, 900, 819, 3183, 1856, 2742, 3236, 1794, 1395, 3355, 469, 208, 53, 3450, 3196, 1632, 2187, 389, 3486, 3197, 2694, 3358, 150, 2599, 1354, 1049, 500, 2739, 2281, 456, 2871, 2031, 2664, 2584, 3206, 1949, 2205, 2227, 2706, 1372, 3345, 1015, 1388, 2723, 421, 1901, 1878, 243, 1394, 481, 848, 2301, 533, 1257, 1300, 3393, 833, 3365, 1426, 499, 520, 205, 2238, 2167, 2015, 470, 1288, 1979, 3260, 2320, 1790, 1830, 1268, 1520, 2354, 468, 528, 491, 2353, 571, 677, 507, 2337, 1523, 934, 2087, 2479, 2902, 850, 2218, 3337, 2308, 1504, 3205, 1276, 1482, 3397, 2497, 2043, 378, 334, 3227, 3479, 2869, 409, 1810, 2005, 282, 2162, 1941, 3181, 839, 591, 906, 3399, 452, 863, 2531, 3352, 479, 2379, 3193, 1882, 3124, 1428, 444, 1952, 2897, 2712, 3383, 3160, 2763, 1488, 606, 2732, 1899, 2325, 514, 106, 1228, 508, 1074, 190, 179, 1289, 1420]

solved select: 236 in 9998.59 seconds
iteration: 0, n requested: 236, n selected: 236, selected: [1094, 2693, 2356, 3488, 2442, 1382, 1024, 2347, 126, 1989, 3204, 868, 3370, 3468, 3441, 2327, 1937, 472, 1646, 1900, 509, 1342, 1285, 2791, 431, 2336, 1873, 443, 359, 1281, 2422, 1479, 2889, 162, 2299, 446, 3178, 385, 387, 1206, 3328, 3225, 2164, 1650, 2314, 2549, 1968, 3400, 480, 1238, 1414, 1359, 381, 91, 939, 3201, 3278, 465, 549, 844, 1778, 523, 438, 312, 2737, 2348, 440, 502, 1940, 1033, 2237, 3189, 207, 2546, 380, 3308, 952, 1982, 2010, 3385, 1298, 3330, 1898, 445, 1267, 2078, 345, 2254, 3126, 538, 900, 819, 3183, 1856, 2742, 3236, 1794, 1395, 3355, 469, 208, 53, 3450, 3196, 1632, 2187, 389, 3486, 3197, 2694, 3358, 150, 2599, 1354, 1049, 500, 2739, 2281, 456, 2871, 2031, 2664, 2584, 3206, 1949, 2205, 2227, 2706, 1372, 3345, 1015, 1388, 2723, 421, 1901, 1878, 243, 1394, 481, 848, 2301, 533, 1257, 1300, 3393, 833, 3365, 1426, 499, 520, 205, 2238, 2167, 2015, 470, 1288, 1979, 3260, 2320, 1790, 1830, 1268, 1520, 2354, 468, 528, 491, 2353, 571, 677, 507, 2337, 1523, 934, 2087, 2479, 2902, 850, 2218, 3337, 2308, 1504, 3205, 1276, 1482, 3397, 2497, 2043, 378, 334, 3227, 3479, 2869, 409, 1810, 2005, 282, 2162, 1941, 3181, 839, 591, 906, 3399, 452, 863, 2531, 3352, 479, 2379, 3193, 1882, 3124, 1428, 444, 1952, 2897, 2712, 3383, 3160, 2763, 1488, 606, 2732, 1899, 2325, 514, 106, 1228, 508, 1074, 190, 179, 1289, 1420, 2285]

solved select: 237 in 10094.10 seconds
iteration: 0, n requested: 237, n selected: 237, selected: [1094, 2693, 2356, 3488, 2442, 1382, 1024, 2347, 126, 1989, 3204, 868, 3370, 3468, 3441, 2327, 1937, 472, 1646, 1900, 509, 1342, 1285, 2791, 431, 2336, 1873, 443, 359, 1281, 2422, 1479, 2889, 162, 2299, 446, 3178, 385, 387, 1206, 3328, 3225, 2164, 1650, 2314, 2549, 1968, 3400, 480, 1238, 1414, 1359, 381, 91, 939, 3201, 3278, 465, 549, 844, 1778, 523, 438, 312, 2737, 2348, 440, 502, 1940, 1033, 2237, 3189, 207, 2546, 380, 3308, 952, 1982, 2010, 3385, 1298, 3330, 1898, 445, 1267, 2078, 345, 2254, 3126, 538, 900, 819, 3183, 1856, 2742, 3236, 1794, 1395, 3355, 469, 208, 53, 3450, 3196, 1632, 2187, 389, 3486, 3197, 2694, 3358, 150, 2599, 1354, 1049, 500, 2739, 2281, 456, 2871, 2031, 2664, 2584, 3206, 1949, 2205, 2227, 2706, 1372, 3345, 1015, 1388, 2723, 421, 1901, 1878, 243, 1394, 481, 848, 2301, 533, 1257, 1300, 3393, 833, 3365, 1426, 499, 520, 205, 2238, 2167, 2015, 470, 1288, 1979, 3260, 2320, 1790, 1830, 1268, 1520, 2354, 468, 528, 491, 2353, 571, 677, 507, 2337, 1523, 934, 2087, 2479, 2902, 850, 2218, 3337, 2308, 1504, 3205, 1276, 1482, 3397, 2497, 2043, 378, 334, 3227, 3479, 2869, 409, 1810, 2005, 282, 2162, 1941, 3181, 839, 591, 906, 3399, 452, 863, 2531, 3352, 479, 2379, 3193, 1882, 3124, 1428, 444, 1952, 2897, 2712, 3383, 3160, 2763, 1488, 606, 2732, 1899, 2325, 514, 106, 1228, 508, 1074, 190, 179, 1289, 1420, 2285, 2682]

solved select: 238 in 10196.90 seconds
iteration: 0, n requested: 238, n selected: 238, selected: [1094, 2693, 2356, 3488, 2442, 1382, 1024, 2347, 126, 1989, 3204, 868, 3370, 3468, 3441, 2327, 1937, 472, 1646, 1900, 509, 1342, 1285, 2791, 431, 2336, 1873, 443, 359, 1281, 2422, 1479, 2889, 162, 2299, 446, 3178, 385, 387, 1206, 3328, 3225, 2164, 1650, 2314, 2549, 1968, 3400, 480, 1238, 1414, 1359, 381, 91, 939, 3201, 3278, 465, 549, 844, 1778, 523, 438, 312, 2737, 2348, 440, 502, 1940, 1033, 2237, 3189, 207, 2546, 380, 3308, 952, 1982, 2010, 3385, 1298, 3330, 1898, 445, 1267, 2078, 345, 2254, 3126, 538, 900, 819, 3183, 1856, 2742, 3236, 1794, 1395, 3355, 469, 208, 53, 3450, 3196, 1632, 2187, 389, 3486, 3197, 2694, 3358, 150, 2599, 1354, 1049, 500, 2739, 2281, 456, 2871, 2031, 2664, 2584, 3206, 1949, 2205, 2227, 2706, 1372, 3345, 1015, 1388, 2723, 421, 1901, 1878, 243, 1394, 481, 848, 2301, 533, 1257, 1300, 3393, 833, 3365, 1426, 499, 520, 205, 2238, 2167, 2015, 470, 1288, 1979, 3260, 2320, 1790, 1830, 1268, 1520, 2354, 468, 528, 491, 2353, 571, 677, 507, 2337, 1523, 934, 2087, 2479, 2902, 850, 2218, 3337, 2308, 1504, 3205, 1276, 1482, 3397, 2497, 2043, 378, 334, 3227, 3479, 2869, 409, 1810, 2005, 282, 2162, 1941, 3181, 839, 591, 906, 3399, 452, 863, 2531, 3352, 479, 2379, 3193, 1882, 3124, 1428, 444, 1952, 2897, 2712, 3383, 3160, 2763, 1488, 606, 2732, 1899, 2325, 514, 106, 1228, 508, 1074, 190, 179, 1289, 1420, 2285, 2682, 3215]

solved select: 239 in 10299.85 seconds
iteration: 0, n requested: 239, n selected: 239, selected: [1094, 2693, 2356, 3488, 2442, 1382, 1024, 2347, 126, 1989, 3204, 868, 3370, 3468, 3441, 2327, 1937, 472, 1646, 1900, 509, 1342, 1285, 2791, 431, 2336, 1873, 443, 359, 1281, 2422, 1479, 2889, 162, 2299, 446, 3178, 385, 387, 1206, 3328, 3225, 2164, 1650, 2314, 2549, 1968, 3400, 480, 1238, 1414, 1359, 381, 91, 939, 3201, 3278, 465, 549, 844, 1778, 523, 438, 312, 2737, 2348, 440, 502, 1940, 1033, 2237, 3189, 207, 2546, 380, 3308, 952, 1982, 2010, 3385, 1298, 3330, 1898, 445, 1267, 2078, 345, 2254, 3126, 538, 900, 819, 3183, 1856, 2742, 3236, 1794, 1395, 3355, 469, 208, 53, 3450, 3196, 1632, 2187, 389, 3486, 3197, 2694, 3358, 150, 2599, 1354, 1049, 500, 2739, 2281, 456, 2871, 2031, 2664, 2584, 3206, 1949, 2205, 2227, 2706, 1372, 3345, 1015, 1388, 2723, 421, 1901, 1878, 243, 1394, 481, 848, 2301, 533, 1257, 1300, 3393, 833, 3365, 1426, 499, 520, 205, 2238, 2167, 2015, 470, 1288, 1979, 3260, 2320, 1790, 1830, 1268, 1520, 2354, 468, 528, 491, 2353, 571, 677, 507, 2337, 1523, 934, 2087, 2479, 2902, 850, 2218, 3337, 2308, 1504, 3205, 1276, 1482, 3397, 2497, 2043, 378, 334, 3227, 3479, 2869, 409, 1810, 2005, 282, 2162, 1941, 3181, 839, 591, 906, 3399, 452, 863, 2531, 3352, 479, 2379, 3193, 1882, 3124, 1428, 444, 1952, 2897, 2712, 3383, 3160, 2763, 1488, 606, 2732, 1899, 2325, 514, 106, 1228, 508, 1074, 190, 179, 1289, 1420, 2285, 2682, 3215, 488]

solved select: 240 in 10397.57 seconds
iteration: 0, n requested: 240, n selected: 240, selected: [1094, 2693, 2356, 3488, 2442, 1382, 1024, 2347, 126, 1989, 3204, 868, 3370, 3468, 3441, 2327, 1937, 472, 1646, 1900, 509, 1342, 1285, 2791, 431, 2336, 1873, 443, 359, 1281, 2422, 1479, 2889, 162, 2299, 446, 3178, 385, 387, 1206, 3328, 3225, 2164, 1650, 2314, 2549, 1968, 3400, 480, 1238, 1414, 1359, 381, 91, 939, 3201, 3278, 465, 549, 844, 1778, 523, 438, 312, 2737, 2348, 440, 502, 1940, 1033, 2237, 3189, 207, 2546, 380, 3308, 952, 1982, 2010, 3385, 1298, 3330, 1898, 445, 1267, 2078, 345, 2254, 3126, 538, 900, 819, 3183, 1856, 2742, 3236, 1794, 1395, 3355, 469, 208, 53, 3450, 3196, 1632, 2187, 389, 3486, 3197, 2694, 3358, 150, 2599, 1354, 1049, 500, 2739, 2281, 456, 2871, 2031, 2664, 2584, 3206, 1949, 2205, 2227, 2706, 1372, 3345, 1015, 1388, 2723, 421, 1901, 1878, 243, 1394, 481, 848, 2301, 533, 1257, 1300, 3393, 833, 3365, 1426, 499, 520, 205, 2238, 2167, 2015, 470, 1288, 1979, 3260, 2320, 1790, 1830, 1268, 1520, 2354, 468, 528, 491, 2353, 571, 677, 507, 2337, 1523, 934, 2087, 2479, 2902, 850, 2218, 3337, 2308, 1504, 3205, 1276, 1482, 3397, 2497, 2043, 378, 334, 3227, 3479, 2869, 409, 1810, 2005, 282, 2162, 1941, 3181, 839, 591, 906, 3399, 452, 863, 2531, 3352, 479, 2379, 3193, 1882, 3124, 1428, 444, 1952, 2897, 2712, 3383, 3160, 2763, 1488, 606, 2732, 1899, 2325, 514, 106, 1228, 508, 1074, 190, 179, 1289, 1420, 2285, 2682, 3215, 488, 1823]

solved select: 241 in 10496.49 seconds
iteration: 0, n requested: 241, n selected: 241, selected: [1094, 2693, 2356, 3488, 2442, 1382, 1024, 2347, 126, 1989, 3204, 868, 3370, 3468, 3441, 2327, 1937, 472, 1646, 1900, 509, 1342, 1285, 2791, 431, 2336, 1873, 443, 359, 1281, 2422, 1479, 2889, 162, 2299, 446, 3178, 385, 387, 1206, 3328, 3225, 2164, 1650, 2314, 2549, 1968, 3400, 480, 1238, 1414, 1359, 381, 91, 939, 3201, 3278, 465, 549, 844, 1778, 523, 438, 312, 2737, 2348, 440, 502, 1940, 1033, 2237, 3189, 207, 2546, 380, 3308, 952, 1982, 2010, 3385, 1298, 3330, 1898, 445, 1267, 2078, 345, 2254, 3126, 538, 900, 819, 3183, 1856, 2742, 3236, 1794, 1395, 3355, 469, 208, 53, 3450, 3196, 1632, 2187, 389, 3486, 3197, 2694, 3358, 150, 2599, 1354, 1049, 500, 2739, 2281, 456, 2871, 2031, 2664, 2584, 3206, 1949, 2205, 2227, 2706, 1372, 3345, 1015, 1388, 2723, 421, 1901, 1878, 243, 1394, 481, 848, 2301, 533, 1257, 1300, 3393, 833, 3365, 1426, 499, 520, 205, 2238, 2167, 2015, 470, 1288, 1979, 3260, 2320, 1790, 1830, 1268, 1520, 2354, 468, 528, 491, 2353, 571, 677, 507, 2337, 1523, 934, 2087, 2479, 2902, 850, 2218, 3337, 2308, 1504, 3205, 1276, 1482, 3397, 2497, 2043, 378, 334, 3227, 3479, 2869, 409, 1810, 2005, 282, 2162, 1941, 3181, 839, 591, 906, 3399, 452, 863, 2531, 3352, 479, 2379, 3193, 1882, 3124, 1428, 444, 1952, 2897, 2712, 3383, 3160, 2763, 1488, 606, 2732, 1899, 2325, 514, 106, 1228, 508, 1074, 190, 179, 1289, 1420, 2285, 2682, 3215, 488, 1823, 1980]

solved select: 242 in 10593.87 seconds
iteration: 0, n requested: 242, n selected: 242, selected: [1094, 2693, 2356, 3488, 2442, 1382, 1024, 2347, 126, 1989, 3204, 868, 3370, 3468, 3441, 2327, 1937, 472, 1646, 1900, 509, 1342, 1285, 2791, 431, 2336, 1873, 443, 359, 1281, 2422, 1479, 2889, 162, 2299, 446, 3178, 385, 387, 1206, 3328, 3225, 2164, 1650, 2314, 2549, 1968, 3400, 480, 1238, 1414, 1359, 381, 91, 939, 3201, 3278, 465, 549, 844, 1778, 523, 438, 312, 2737, 2348, 440, 502, 1940, 1033, 2237, 3189, 207, 2546, 380, 3308, 952, 1982, 2010, 3385, 1298, 3330, 1898, 445, 1267, 2078, 345, 2254, 3126, 538, 900, 819, 3183, 1856, 2742, 3236, 1794, 1395, 3355, 469, 208, 53, 3450, 3196, 1632, 2187, 389, 3486, 3197, 2694, 3358, 150, 2599, 1354, 1049, 500, 2739, 2281, 456, 2871, 2031, 2664, 2584, 3206, 1949, 2205, 2227, 2706, 1372, 3345, 1015, 1388, 2723, 421, 1901, 1878, 243, 1394, 481, 848, 2301, 533, 1257, 1300, 3393, 833, 3365, 1426, 499, 520, 205, 2238, 2167, 2015, 470, 1288, 1979, 3260, 2320, 1790, 1830, 1268, 1520, 2354, 468, 528, 491, 2353, 571, 677, 507, 2337, 1523, 934, 2087, 2479, 2902, 850, 2218, 3337, 2308, 1504, 3205, 1276, 1482, 3397, 2497, 2043, 378, 334, 3227, 3479, 2869, 409, 1810, 2005, 282, 2162, 1941, 3181, 839, 591, 906, 3399, 452, 863, 2531, 3352, 479, 2379, 3193, 1882, 3124, 1428, 444, 1952, 2897, 2712, 3383, 3160, 2763, 1488, 606, 2732, 1899, 2325, 514, 106, 1228, 508, 1074, 190, 179, 1289, 1420, 2285, 2682, 3215, 488, 1823, 1980, 2247]

solved select: 243 in 10697.14 seconds
iteration: 0, n requested: 243, n selected: 243, selected: [1094, 2693, 2356, 3488, 2442, 1382, 1024, 2347, 126, 1989, 3204, 868, 3370, 3468, 3441, 2327, 1937, 472, 1646, 1900, 509, 1342, 1285, 2791, 431, 2336, 1873, 443, 359, 1281, 2422, 1479, 2889, 162, 2299, 446, 3178, 385, 387, 1206, 3328, 3225, 2164, 1650, 2314, 2549, 1968, 3400, 480, 1238, 1414, 1359, 381, 91, 939, 3201, 3278, 465, 549, 844, 1778, 523, 438, 312, 2737, 2348, 440, 502, 1940, 1033, 2237, 3189, 207, 2546, 380, 3308, 952, 1982, 2010, 3385, 1298, 3330, 1898, 445, 1267, 2078, 345, 2254, 3126, 538, 900, 819, 3183, 1856, 2742, 3236, 1794, 1395, 3355, 469, 208, 53, 3450, 3196, 1632, 2187, 389, 3486, 3197, 2694, 3358, 150, 2599, 1354, 1049, 500, 2739, 2281, 456, 2871, 2031, 2664, 2584, 3206, 1949, 2205, 2227, 2706, 1372, 3345, 1015, 1388, 2723, 421, 1901, 1878, 243, 1394, 481, 848, 2301, 533, 1257, 1300, 3393, 833, 3365, 1426, 499, 520, 205, 2238, 2167, 2015, 470, 1288, 1979, 3260, 2320, 1790, 1830, 1268, 1520, 2354, 468, 528, 491, 2353, 571, 677, 507, 2337, 1523, 934, 2087, 2479, 2902, 850, 2218, 3337, 2308, 1504, 3205, 1276, 1482, 3397, 2497, 2043, 378, 334, 3227, 3479, 2869, 409, 1810, 2005, 282, 2162, 1941, 3181, 839, 591, 906, 3399, 452, 863, 2531, 3352, 479, 2379, 3193, 1882, 3124, 1428, 444, 1952, 2897, 2712, 3383, 3160, 2763, 1488, 606, 2732, 1899, 2325, 514, 106, 1228, 508, 1074, 190, 179, 1289, 1420, 2285, 2682, 3215, 488, 1823, 1980, 2247, 883]

solved select: 244 in 10798.96 seconds
iteration: 0, n requested: 244, n selected: 244, selected: [1094, 2693, 2356, 3488, 2442, 1382, 1024, 2347, 126, 1989, 3204, 868, 3370, 3468, 3441, 2327, 1937, 472, 1646, 1900, 509, 1342, 1285, 2791, 431, 2336, 1873, 443, 359, 1281, 2422, 1479, 2889, 162, 2299, 446, 3178, 385, 387, 1206, 3328, 3225, 2164, 1650, 2314, 2549, 1968, 3400, 480, 1238, 1414, 1359, 381, 91, 939, 3201, 3278, 465, 549, 844, 1778, 523, 438, 312, 2737, 2348, 440, 502, 1940, 1033, 2237, 3189, 207, 2546, 380, 3308, 952, 1982, 2010, 3385, 1298, 3330, 1898, 445, 1267, 2078, 345, 2254, 3126, 538, 900, 819, 3183, 1856, 2742, 3236, 1794, 1395, 3355, 469, 208, 53, 3450, 3196, 1632, 2187, 389, 3486, 3197, 2694, 3358, 150, 2599, 1354, 1049, 500, 2739, 2281, 456, 2871, 2031, 2664, 2584, 3206, 1949, 2205, 2227, 2706, 1372, 3345, 1015, 1388, 2723, 421, 1901, 1878, 243, 1394, 481, 848, 2301, 533, 1257, 1300, 3393, 833, 3365, 1426, 499, 520, 205, 2238, 2167, 2015, 470, 1288, 1979, 3260, 2320, 1790, 1830, 1268, 1520, 2354, 468, 528, 491, 2353, 571, 677, 507, 2337, 1523, 934, 2087, 2479, 2902, 850, 2218, 3337, 2308, 1504, 3205, 1276, 1482, 3397, 2497, 2043, 378, 334, 3227, 3479, 2869, 409, 1810, 2005, 282, 2162, 1941, 3181, 839, 591, 906, 3399, 452, 863, 2531, 3352, 479, 2379, 3193, 1882, 3124, 1428, 444, 1952, 2897, 2712, 3383, 3160, 2763, 1488, 606, 2732, 1899, 2325, 514, 106, 1228, 508, 1074, 190, 179, 1289, 1420, 2285, 2682, 3215, 488, 1823, 1980, 2247, 883, 490]

solved select: 245 in 10897.17 seconds
iteration: 0, n requested: 245, n selected: 245, selected: [1094, 2693, 2356, 3488, 2442, 1382, 1024, 2347, 126, 1989, 3204, 868, 3370, 3468, 3441, 2327, 1937, 472, 1646, 1900, 509, 1342, 1285, 2791, 431, 2336, 1873, 443, 359, 1281, 2422, 1479, 2889, 162, 2299, 446, 3178, 385, 387, 1206, 3328, 3225, 2164, 1650, 2314, 2549, 1968, 3400, 480, 1238, 1414, 1359, 381, 91, 939, 3201, 3278, 465, 549, 844, 1778, 523, 438, 312, 2737, 2348, 440, 502, 1940, 1033, 2237, 3189, 207, 2546, 380, 3308, 952, 1982, 2010, 3385, 1298, 3330, 1898, 445, 1267, 2078, 345, 2254, 3126, 538, 900, 819, 3183, 1856, 2742, 3236, 1794, 1395, 3355, 469, 208, 53, 3450, 3196, 1632, 2187, 389, 3486, 3197, 2694, 3358, 150, 2599, 1354, 1049, 500, 2739, 2281, 456, 2871, 2031, 2664, 2584, 3206, 1949, 2205, 2227, 2706, 1372, 3345, 1015, 1388, 2723, 421, 1901, 1878, 243, 1394, 481, 848, 2301, 533, 1257, 1300, 3393, 833, 3365, 1426, 499, 520, 205, 2238, 2167, 2015, 470, 1288, 1979, 3260, 2320, 1790, 1830, 1268, 1520, 2354, 468, 528, 491, 2353, 571, 677, 507, 2337, 1523, 934, 2087, 2479, 2902, 850, 2218, 3337, 2308, 1504, 3205, 1276, 1482, 3397, 2497, 2043, 378, 334, 3227, 3479, 2869, 409, 1810, 2005, 282, 2162, 1941, 3181, 839, 591, 906, 3399, 452, 863, 2531, 3352, 479, 2379, 3193, 1882, 3124, 1428, 444, 1952, 2897, 2712, 3383, 3160, 2763, 1488, 606, 2732, 1899, 2325, 514, 106, 1228, 508, 1074, 190, 179, 1289, 1420, 2285, 2682, 3215, 488, 1823, 1980, 2247, 883, 490, 2269]

solved select: 246 in 10998.35 seconds
iteration: 0, n requested: 246, n selected: 246, selected: [1094, 2693, 2356, 3488, 2442, 1382, 1024, 2347, 126, 1989, 3204, 868, 3370, 3468, 3441, 2327, 1937, 472, 1646, 312, 509, 1342, 1285, 2791, 431, 2336, 1873, 443, 359, 1281, 2422, 1900, 2889, 162, 2299, 446, 3178, 385, 387, 1206, 3328, 3225, 2164, 1650, 2314, 2549, 1968, 3400, 480, 1238, 1414, 1359, 381, 91, 939, 3201, 3278, 465, 549, 844, 1778, 523, 438, 2901, 2737, 2348, 440, 502, 1940, 1033, 2237, 3189, 207, 2546, 380, 3308, 952, 1982, 2010, 3385, 1298, 3330, 1898, 445, 1267, 2078, 345, 2254, 3126, 538, 900, 819, 3183, 1856, 2742, 3236, 1794, 1395, 3355, 469, 208, 53, 3450, 3196, 1632, 2187, 389, 3486, 3197, 2694, 3358, 150, 2599, 1354, 1049, 500, 2739, 2281, 456, 2871, 2031, 2664, 2584, 3206, 1949, 2205, 2227, 2706, 1372, 3345, 1015, 1388, 2723, 421, 1901, 1878, 243, 1394, 481, 848, 2301, 533, 1257, 1300, 3393, 833, 3365, 1426, 499, 520, 205, 2238, 2167, 2015, 470, 1288, 1979, 3260, 2320, 1790, 1830, 1268, 1520, 2354, 468, 528, 491, 2353, 571, 677, 507, 2337, 1523, 934, 2087, 2479, 2902, 850, 2218, 3337, 2308, 1504, 3205, 1276, 1482, 3397, 2497, 2043, 378, 334, 3227, 3479, 2869, 409, 1810, 2005, 282, 2162, 1941, 3181, 839, 591, 906, 3399, 452, 863, 2531, 3352, 479, 2379, 3193, 1882, 3124, 1428, 444, 1952, 2897, 2712, 3383, 3160, 2763, 1488, 606, 2732, 1899, 2325, 514, 106, 1228, 508, 1074, 190, 179, 1289, 1420, 2285, 2682, 3215, 488, 1823, 1980, 2247, 883, 490, 2269, 1795]

solved select: 247 in 11099.28 seconds
iteration: 0, n requested: 247, n selected: 247, selected: [1094, 2693, 2356, 3488, 2442, 1382, 1024, 2347, 126, 1989, 3204, 868, 3370, 3468, 3441, 2327, 1937, 472, 1646, 312, 509, 1342, 1285, 2791, 431, 2336, 1873, 443, 359, 1281, 2422, 1900, 2889, 162, 2299, 446, 3178, 385, 387, 1206, 3328, 3225, 2164, 1650, 2314, 2549, 1968, 3400, 480, 1238, 1414, 1359, 381, 91, 939, 3201, 3278, 465, 549, 844, 1778, 523, 438, 2901, 2737, 2348, 440, 502, 1940, 1033, 2237, 3189, 207, 2546, 380, 3308, 952, 1982, 2010, 3385, 1298, 3330, 1898, 445, 1267, 2078, 345, 2254, 3126, 538, 900, 819, 3183, 1856, 2742, 3236, 1794, 1395, 3355, 469, 208, 53, 3450, 3196, 1632, 2187, 389, 3486, 3197, 2694, 3358, 150, 2599, 1354, 1049, 500, 2739, 2281, 456, 2871, 2031, 2664, 2584, 3206, 1949, 2205, 2227, 2706, 1372, 3345, 1015, 1388, 2723, 421, 1901, 1878, 243, 1394, 481, 848, 2301, 533, 1257, 1300, 3393, 833, 3365, 1426, 499, 520, 205, 2238, 2167, 2015, 470, 1288, 1979, 3260, 2320, 1790, 1830, 1268, 1520, 2354, 468, 528, 491, 2353, 571, 677, 507, 2337, 1523, 934, 2087, 2479, 2902, 850, 2218, 3337, 2308, 1504, 3205, 1276, 1482, 3397, 2497, 2043, 378, 334, 3227, 3479, 2869, 409, 1810, 2005, 282, 2162, 1941, 3181, 839, 591, 906, 3399, 452, 863, 2531, 3352, 479, 2379, 3193, 1882, 3124, 1428, 444, 1952, 2897, 2712, 3383, 3160, 2763, 1488, 606, 2732, 1899, 2325, 514, 106, 1228, 508, 1074, 190, 179, 1289, 1420, 2285, 2682, 3215, 488, 1823, 1980, 2247, 883, 490, 2269, 1795, 1793]

solved select: 248 in 11205.26 seconds
iteration: 0, n requested: 248, n selected: 248, selected: [1094, 2693, 2356, 3488, 2442, 1382, 1024, 2347, 126, 1989, 3204, 868, 3370, 3468, 3441, 2327, 1937, 472, 1646, 312, 509, 1342, 1285, 2791, 431, 2336, 1873, 443, 359, 1281, 2422, 1900, 2889, 162, 2299, 446, 3178, 385, 387, 1206, 3328, 3225, 2164, 1650, 2314, 2549, 1968, 3400, 480, 1238, 1414, 1359, 381, 91, 939, 3201, 3278, 465, 549, 844, 1778, 523, 438, 2901, 2737, 2348, 440, 502, 1940, 1033, 2237, 3189, 207, 2546, 380, 3308, 952, 1982, 2010, 3385, 1298, 3330, 1898, 445, 1267, 2078, 345, 2254, 3126, 538, 900, 819, 3183, 1856, 2742, 3236, 1794, 1395, 3355, 469, 208, 53, 3450, 3196, 1632, 2187, 389, 3486, 3197, 2694, 3358, 150, 2599, 1354, 1049, 500, 2739, 2281, 456, 2871, 2031, 2664, 2584, 3206, 1949, 2205, 2227, 2706, 1372, 3345, 1015, 1388, 2723, 421, 1901, 1878, 243, 1394, 481, 848, 2301, 533, 1257, 1300, 3393, 833, 3365, 1426, 499, 520, 205, 2238, 2167, 2015, 470, 1288, 1979, 3260, 2320, 1790, 1830, 1268, 1520, 2354, 468, 528, 491, 2353, 571, 677, 507, 2337, 1523, 934, 2087, 2479, 2902, 850, 2218, 3337, 2308, 1504, 3205, 1276, 1482, 3397, 2497, 2043, 378, 334, 3227, 3479, 2869, 409, 1810, 2005, 282, 2162, 1941, 3181, 839, 591, 906, 3399, 452, 863, 2531, 3352, 479, 2379, 3193, 1882, 3124, 1428, 444, 1952, 2897, 2712, 3383, 3160, 2763, 1488, 606, 2732, 1899, 2325, 514, 106, 1228, 508, 1074, 190, 179, 1289, 1420, 2285, 2682, 3215, 488, 1823, 1980, 2247, 883, 490, 2269, 1795, 1793, 1307]

solved select: 249 in 11310.68 seconds
iteration: 0, n requested: 249, n selected: 249, selected: [1094, 2693, 2356, 3488, 2442, 1382, 1024, 2347, 126, 1989, 3204, 868, 3370, 3468, 3441, 2327, 1937, 472, 1646, 312, 509, 1342, 1285, 2791, 431, 2336, 1873, 443, 359, 1281, 2422, 1900, 2889, 162, 2299, 446, 3178, 385, 387, 1206, 3328, 3225, 2164, 1650, 2314, 2549, 1968, 3400, 480, 1238, 1414, 1359, 381, 91, 939, 3201, 3278, 465, 549, 844, 1778, 523, 438, 2901, 2737, 2348, 440, 502, 1940, 1033, 2237, 3189, 207, 2546, 380, 3308, 952, 1982, 2010, 3385, 1298, 3330, 1898, 445, 1267, 2078, 345, 2254, 3126, 538, 900, 819, 3183, 1856, 2742, 3236, 1794, 1395, 3355, 469, 208, 53, 3450, 3196, 1632, 2187, 389, 3486, 3197, 2694, 3358, 150, 2599, 1354, 1049, 500, 2739, 2281, 456, 2871, 2031, 2664, 2584, 3206, 1949, 2205, 2227, 2706, 1372, 3345, 1015, 1388, 2723, 421, 1901, 1878, 243, 1394, 481, 848, 2301, 533, 1257, 1300, 3393, 833, 3365, 1426, 499, 520, 205, 2238, 2167, 2015, 470, 1288, 1979, 3260, 2320, 1790, 1830, 1268, 1520, 2354, 468, 528, 491, 2353, 571, 677, 507, 2337, 1523, 934, 2087, 2479, 2902, 850, 2218, 3337, 2308, 1504, 3205, 1276, 1482, 3397, 2497, 2043, 378, 334, 3227, 3479, 2869, 409, 1810, 2005, 282, 2162, 1941, 3181, 839, 591, 906, 3399, 452, 863, 2531, 3352, 479, 2379, 3193, 1882, 3124, 1428, 444, 1952, 2897, 2712, 3383, 3160, 2763, 1488, 606, 2732, 1899, 2325, 514, 106, 1228, 508, 1074, 190, 179, 1289, 1420, 2285, 2682, 3215, 488, 1823, 1980, 2247, 883, 490, 2269, 1795, 1793, 1307, 903]

solved select: 250 in 11419.34 seconds
iteration: 0, n requested: 250, n selected: 250, selected: [1094, 2693, 2356, 3488, 2442, 1382, 1024, 2347, 126, 1989, 3204, 868, 3370, 3468, 3441, 2327, 1937, 472, 1646, 312, 509, 1342, 1285, 2791, 431, 2336, 1873, 443, 359, 1281, 2422, 1900, 2889, 162, 2299, 446, 3178, 385, 387, 1206, 3328, 3225, 2164, 1650, 2314, 2549, 1968, 3400, 480, 1238, 1414, 1359, 381, 91, 939, 3201, 3278, 465, 549, 844, 1778, 523, 438, 2901, 2737, 2348, 440, 502, 1940, 1033, 2237, 3189, 207, 2546, 380, 3308, 952, 1982, 2010, 3385, 1298, 3330, 1898, 445, 1267, 2078, 345, 2254, 3126, 538, 900, 819, 3183, 1856, 2742, 3236, 1794, 1395, 3355, 469, 208, 53, 3450, 3196, 1632, 2187, 389, 3486, 3197, 2694, 3358, 150, 2599, 1354, 1049, 500, 2739, 2281, 456, 2871, 2031, 2664, 2584, 3206, 1949, 2205, 2227, 2706, 1372, 3345, 1015, 1388, 2723, 421, 1901, 1878, 243, 1394, 481, 848, 2301, 533, 1257, 1300, 3393, 833, 3365, 1426, 499, 520, 205, 2238, 2167, 2015, 470, 1288, 1979, 3260, 2320, 1790, 1830, 1268, 1520, 2354, 468, 528, 491, 2353, 571, 677, 507, 2337, 1523, 934, 2087, 2479, 2902, 850, 2218, 3337, 2308, 1504, 3205, 1276, 1482, 3397, 2497, 2043, 378, 334, 3227, 3479, 2869, 409, 1810, 2005, 282, 2162, 1941, 3181, 839, 591, 906, 3399, 452, 863, 2531, 3352, 479, 2379, 3193, 1882, 3124, 1428, 444, 1952, 2897, 2712, 3383, 3160, 2763, 1488, 606, 2732, 1899, 2325, 514, 106, 1228, 508, 1074, 190, 179, 1289, 1420, 2285, 2682, 3215, 488, 1823, 1980, 2247, 883, 490, 2269, 1795, 1793, 1307, 903, 3446]

solved select: 251 in 11525.36 seconds
iteration: 0, n requested: 251, n selected: 251, selected: [1094, 2693, 2356, 3488, 2442, 1382, 1024, 2347, 126, 1989, 3204, 868, 3370, 3468, 3441, 2327, 1937, 472, 1646, 312, 509, 1342, 1285, 2791, 431, 2336, 1873, 443, 359, 1281, 2422, 1900, 2889, 162, 2299, 446, 3178, 385, 387, 1206, 3328, 3225, 2164, 1650, 2314, 2549, 1968, 3400, 480, 1238, 1414, 1359, 381, 91, 939, 3201, 3278, 465, 549, 844, 1778, 523, 438, 2901, 2737, 2348, 440, 502, 1940, 1033, 2237, 3189, 207, 2546, 380, 3308, 952, 1982, 2010, 3385, 1298, 3330, 1898, 445, 1267, 2078, 345, 2254, 3126, 538, 900, 819, 3183, 1856, 2742, 3236, 1794, 1395, 3355, 469, 208, 53, 3450, 3196, 1632, 2187, 389, 3486, 3197, 2694, 3358, 150, 2599, 1354, 1049, 500, 2739, 2281, 456, 2871, 2031, 2664, 2584, 3206, 1949, 2205, 2227, 2706, 1372, 3345, 1015, 1388, 2723, 421, 1901, 1878, 243, 1394, 481, 848, 2301, 533, 1257, 1300, 3393, 833, 3365, 1426, 499, 520, 205, 2238, 2167, 2015, 470, 1288, 1979, 3260, 2320, 1790, 1830, 1268, 1520, 2354, 468, 528, 491, 2353, 571, 677, 507, 2337, 1523, 934, 2087, 2479, 2902, 850, 2218, 3337, 2308, 1504, 3205, 1276, 1482, 3397, 2497, 2043, 378, 334, 3227, 3479, 2869, 409, 1810, 2005, 282, 2162, 1941, 3181, 839, 591, 906, 3399, 452, 863, 2531, 3352, 479, 2379, 3193, 1882, 3124, 1428, 444, 1952, 2897, 2712, 3383, 3160, 2763, 1488, 606, 2732, 1899, 2325, 514, 106, 1228, 508, 1074, 190, 179, 1289, 1420, 2285, 2682, 3215, 488, 1823, 1980, 2247, 883, 490, 2269, 1795, 1793, 1307, 903, 3446, 161]

solved select: 252 in 11632.51 seconds
iteration: 0, n requested: 252, n selected: 252, selected: [1094, 2693, 2356, 3488, 2442, 1382, 1024, 2347, 126, 1989, 3204, 868, 3370, 3468, 3441, 2327, 1937, 472, 1646, 312, 509, 1342, 1285, 2791, 431, 2336, 1873, 443, 359, 1281, 2422, 1900, 2889, 162, 2299, 446, 3178, 385, 387, 1206, 3328, 3225, 2164, 1650, 2314, 2549, 1968, 3400, 480, 1238, 1414, 1359, 381, 91, 939, 3201, 3278, 465, 549, 844, 1778, 523, 438, 2901, 2737, 2348, 440, 502, 1940, 1033, 2237, 3189, 207, 2546, 380, 3308, 952, 1982, 2010, 3385, 1298, 3330, 1898, 445, 1267, 2078, 345, 2254, 3126, 538, 900, 819, 3183, 1856, 2742, 3236, 1794, 1395, 3355, 469, 208, 53, 3450, 3196, 1632, 2187, 389, 3486, 3197, 2694, 3358, 150, 2599, 1354, 1049, 500, 2739, 2281, 456, 2871, 2031, 2664, 2584, 3206, 1949, 2205, 2227, 2706, 1372, 3345, 1015, 1388, 2723, 421, 1901, 1878, 243, 1394, 481, 848, 2301, 533, 1257, 1300, 3393, 833, 3365, 1426, 499, 520, 205, 2238, 2167, 2015, 470, 1288, 1979, 3260, 2320, 1790, 1830, 1268, 1520, 2354, 468, 528, 491, 2353, 571, 677, 507, 2337, 1523, 934, 2087, 2479, 2902, 850, 2218, 3337, 2308, 1504, 3205, 1276, 1482, 3397, 2497, 2043, 378, 334, 3227, 3479, 2869, 409, 1810, 2005, 282, 2162, 1941, 3181, 839, 591, 906, 3399, 452, 863, 2531, 3352, 479, 2379, 3193, 1882, 3124, 1428, 444, 1952, 2897, 2712, 3383, 3160, 2763, 1488, 606, 2732, 1899, 2325, 514, 106, 1228, 508, 1074, 190, 179, 1289, 1420, 2285, 2682, 3215, 488, 1823, 1980, 2247, 883, 490, 2269, 1795, 1793, 1307, 903, 3446, 161, 3430]

solved select: 253 in 11735.41 seconds
iteration: 0, n requested: 253, n selected: 253, selected: [1094, 2693, 2356, 3488, 2442, 1382, 1024, 2347, 126, 1989, 3204, 868, 3370, 3468, 3441, 2327, 1937, 472, 1646, 312, 509, 1342, 1285, 2791, 431, 2336, 1873, 443, 359, 1281, 2422, 1900, 2889, 162, 2299, 446, 3178, 385, 387, 1206, 3328, 3225, 2164, 1650, 2314, 2549, 1968, 3400, 480, 1238, 1414, 1359, 381, 91, 939, 3201, 3278, 465, 549, 844, 1778, 523, 438, 2901, 2737, 2348, 440, 502, 1940, 1033, 2237, 3189, 207, 2546, 380, 3308, 952, 1982, 2010, 3385, 1298, 3330, 1898, 445, 1267, 2078, 345, 2254, 3126, 538, 900, 819, 3183, 1856, 2742, 3236, 1794, 1395, 3355, 469, 208, 53, 3450, 3196, 1632, 2187, 389, 3486, 3197, 2694, 3358, 150, 2599, 1354, 1049, 500, 2739, 2281, 456, 2871, 2031, 2664, 2584, 3206, 1949, 2205, 2227, 2706, 1372, 3345, 1015, 1388, 2723, 421, 1901, 1878, 243, 1394, 481, 848, 2301, 533, 1257, 1300, 3393, 833, 3365, 1426, 499, 520, 205, 2238, 2167, 2015, 470, 1288, 1979, 3260, 2320, 1790, 1830, 1268, 1520, 2354, 468, 528, 491, 2353, 571, 677, 507, 2337, 1523, 934, 2087, 2479, 2902, 850, 2218, 3337, 2308, 1504, 3205, 1276, 1482, 3397, 2497, 2043, 378, 334, 3227, 3479, 2869, 409, 1810, 2005, 282, 2162, 1941, 3181, 839, 591, 906, 3399, 452, 863, 2531, 3352, 479, 2379, 3193, 1882, 3124, 1428, 444, 1952, 2897, 2712, 3383, 3160, 2763, 1488, 606, 2732, 1899, 2325, 514, 106, 1228, 508, 1074, 190, 179, 1289, 1420, 2285, 2682, 3215, 488, 1823, 1980, 2247, 883, 490, 2269, 1795, 1793, 1307, 903, 3446, 161, 3430, 2184]

solved select: 254 in 11840.16 seconds
iteration: 0, n requested: 254, n selected: 254, selected: [1094, 2693, 2356, 3488, 2442, 1382, 1024, 2347, 126, 1989, 3204, 868, 3370, 3468, 3441, 2327, 1937, 472, 1646, 312, 509, 1342, 1285, 2791, 431, 2336, 1873, 443, 359, 1281, 2422, 1900, 2889, 162, 2299, 446, 3178, 385, 387, 1206, 3328, 3225, 2164, 1650, 2314, 2549, 1968, 3400, 480, 1238, 1414, 1359, 381, 91, 939, 3201, 3278, 465, 549, 844, 1778, 523, 438, 2901, 2737, 2348, 440, 502, 1940, 1033, 2237, 3189, 207, 2546, 380, 3308, 952, 1982, 2010, 3385, 1298, 3330, 1898, 445, 1267, 2078, 345, 2254, 3126, 538, 900, 819, 3183, 1856, 2742, 3236, 1794, 1395, 3355, 469, 208, 53, 3450, 3196, 1632, 2187, 389, 3486, 3197, 2694, 3358, 150, 2599, 1354, 1049, 500, 2739, 2281, 456, 2871, 2031, 2664, 2584, 3206, 1949, 2205, 2227, 2706, 1372, 3345, 1015, 1388, 2723, 421, 1901, 1878, 243, 1394, 481, 848, 2301, 533, 1257, 1300, 3393, 833, 3365, 1426, 499, 520, 205, 2238, 2167, 2015, 470, 1288, 1979, 3260, 2320, 1790, 1830, 1268, 1520, 2354, 468, 528, 491, 2353, 571, 677, 507, 2337, 1523, 934, 2087, 2479, 2902, 850, 2218, 3337, 2308, 1504, 3205, 1276, 1482, 3397, 2497, 2043, 378, 334, 3227, 3479, 2869, 409, 1810, 2005, 282, 2162, 1941, 3181, 839, 591, 906, 3399, 452, 863, 2531, 3352, 479, 2379, 3193, 1882, 3124, 1428, 444, 1952, 2897, 2712, 3383, 3160, 2763, 1488, 606, 2732, 1899, 2325, 514, 106, 1228, 508, 1074, 190, 179, 1289, 1420, 2285, 2682, 3215, 488, 1823, 1980, 2247, 883, 490, 2269, 1795, 1793, 1307, 903, 3446, 161, 3430, 2184, 792]

solved select: 255 in 11946.06 seconds
iteration: 0, n requested: 255, n selected: 255, selected: [1094, 2693, 2356, 3488, 2442, 1382, 1024, 2347, 126, 1989, 3204, 868, 3370, 3468, 3441, 2327, 1937, 472, 1646, 312, 509, 1342, 1285, 2791, 431, 2336, 1873, 443, 359, 1281, 2422, 1900, 2889, 162, 2299, 446, 3178, 385, 387, 1206, 3328, 3225, 2164, 1650, 2314, 2549, 1968, 3400, 480, 1238, 1414, 1359, 381, 91, 939, 3201, 3278, 465, 549, 844, 1778, 523, 438, 2901, 2737, 2348, 440, 502, 1940, 1033, 2237, 3189, 207, 2546, 380, 3308, 952, 1982, 2010, 3385, 1298, 3330, 1898, 445, 1267, 2078, 345, 2254, 3126, 538, 900, 819, 3183, 1856, 2742, 3236, 1794, 1395, 3355, 469, 208, 53, 3450, 3196, 1632, 2187, 389, 3486, 3197, 2694, 3358, 150, 2599, 1354, 1049, 500, 2739, 2281, 456, 2871, 2031, 2664, 2584, 3206, 1949, 2205, 2227, 2706, 1372, 3345, 1015, 1388, 2723, 421, 1901, 1878, 243, 1394, 481, 848, 2301, 533, 1257, 1300, 3393, 833, 3365, 1426, 499, 520, 205, 2238, 2167, 2015, 470, 1288, 1979, 3260, 2320, 1790, 1830, 1268, 1520, 2354, 468, 528, 491, 2353, 571, 677, 507, 2337, 1523, 934, 2087, 2479, 2902, 850, 2218, 3337, 2308, 1504, 3205, 1276, 1482, 3397, 2497, 2043, 378, 334, 3227, 3479, 2869, 409, 1810, 2005, 282, 2162, 1941, 3181, 839, 591, 906, 3399, 452, 863, 2531, 3352, 479, 2379, 3193, 1882, 3124, 1428, 444, 1952, 2897, 2712, 3383, 3160, 2763, 1488, 606, 2732, 1899, 2325, 514, 106, 1228, 508, 1074, 190, 179, 1289, 1420, 2285, 2682, 3215, 488, 1823, 1980, 2247, 883, 490, 2269, 1795, 1793, 1307, 903, 3446, 161, 3430, 2184, 792, 3252]

solved select: 256 in 12050.63 seconds
iteration: 0, n requested: 256, n selected: 256, selected: [1094, 2693, 2356, 3488, 2442, 1382, 1024, 2347, 126, 1989, 3204, 868, 3370, 3468, 3441, 2327, 1937, 472, 1646, 312, 509, 1342, 1285, 2791, 431, 2336, 1873, 443, 359, 1281, 2422, 1900, 2889, 162, 2299, 446, 3178, 385, 387, 1206, 3328, 3225, 2164, 1650, 2314, 2549, 1968, 3400, 480, 1238, 1414, 1359, 381, 91, 939, 3201, 3278, 465, 549, 844, 1778, 523, 438, 2901, 2737, 2348, 440, 502, 1940, 1033, 2237, 3189, 207, 2546, 380, 3308, 952, 1982, 2010, 3385, 1298, 3330, 1898, 445, 1267, 2078, 345, 2254, 3126, 538, 900, 819, 3183, 1856, 2742, 3236, 1794, 1395, 3355, 469, 208, 53, 3450, 3196, 1632, 2187, 389, 3486, 3197, 2694, 3358, 150, 2599, 1354, 1049, 500, 2739, 2281, 456, 2871, 2031, 2664, 2584, 3206, 1949, 2205, 2227, 2706, 1372, 3345, 1015, 1388, 2723, 421, 1901, 1878, 243, 1394, 481, 848, 2301, 533, 1257, 1300, 3393, 833, 3365, 1426, 499, 520, 205, 2238, 2167, 2015, 470, 1288, 1979, 3260, 2320, 1790, 1830, 1268, 1520, 2354, 468, 528, 491, 2353, 571, 677, 507, 2337, 1523, 934, 2087, 2479, 2902, 850, 2218, 3337, 2308, 1504, 3205, 1276, 1482, 3397, 2497, 2043, 378, 334, 3227, 3479, 2869, 409, 1810, 2005, 282, 2162, 1941, 3181, 839, 591, 906, 3399, 452, 863, 2531, 3352, 479, 2379, 3193, 1882, 3124, 1428, 444, 1952, 2897, 2712, 3383, 3160, 2763, 1488, 606, 2732, 1899, 2325, 514, 106, 1228, 508, 1074, 190, 179, 1289, 1420, 2285, 2682, 3215, 488, 1823, 1980, 2247, 883, 490, 2269, 1795, 1793, 1307, 903, 3446, 161, 3430, 2184, 792, 3252, 2196]

solved select: 257 in 12154.04 seconds
iteration: 0, n requested: 257, n selected: 257, selected: [1094, 2693, 2356, 3488, 2442, 1382, 1024, 2347, 126, 1989, 3204, 868, 3370, 3468, 3441, 2327, 1937, 472, 1646, 312, 509, 1342, 1285, 2791, 431, 2336, 1873, 443, 359, 1281, 2422, 1900, 2889, 162, 2299, 446, 3178, 385, 387, 1206, 3328, 3225, 2164, 1650, 2314, 2549, 1968, 3400, 480, 1238, 1414, 1359, 381, 91, 939, 3201, 3278, 465, 549, 844, 1778, 523, 438, 2901, 2737, 2348, 440, 502, 1940, 1033, 2237, 3189, 207, 2546, 380, 3308, 952, 1982, 2010, 3385, 1298, 3330, 1898, 445, 1267, 2078, 345, 2254, 3126, 538, 900, 819, 3183, 1856, 2742, 3236, 1794, 1395, 3355, 469, 208, 53, 3450, 3196, 1632, 2187, 389, 3486, 3197, 2694, 3358, 150, 2599, 1354, 1049, 500, 2739, 2281, 456, 2871, 2031, 2664, 2584, 3206, 1949, 2205, 2227, 2706, 1372, 3345, 1015, 1388, 2723, 421, 1901, 1878, 243, 1394, 481, 848, 2301, 533, 1257, 1300, 3393, 833, 3365, 1426, 499, 520, 205, 2238, 2167, 2015, 470, 1288, 1979, 3260, 2320, 1790, 1830, 1268, 1520, 2354, 468, 528, 491, 2353, 571, 677, 507, 2337, 1523, 934, 2087, 2479, 2902, 850, 2218, 3337, 2308, 1504, 3205, 1276, 1482, 3397, 2497, 2043, 378, 334, 3227, 3479, 2869, 409, 1810, 2005, 282, 2162, 1941, 3181, 839, 591, 906, 3399, 452, 863, 2531, 3352, 479, 2379, 3193, 1882, 3124, 1428, 444, 1952, 2897, 2712, 3383, 3160, 2763, 1488, 606, 2732, 1899, 2325, 514, 106, 1228, 508, 1074, 190, 179, 1289, 1420, 2285, 2682, 3215, 488, 1823, 1980, 2247, 883, 490, 2269, 1795, 1793, 1307, 903, 3446, 161, 3430, 2184, 792, 3252, 2196, 2219]

solved select: 258 in 12263.10 seconds
iteration: 0, n requested: 258, n selected: 258, selected: [1094, 2693, 2356, 3488, 2442, 1382, 1024, 2347, 126, 1989, 3204, 868, 3370, 3468, 3441, 2327, 1937, 472, 1646, 312, 509, 1342, 1285, 2791, 431, 2336, 1873, 443, 359, 1281, 2422, 1900, 2889, 162, 2299, 446, 3178, 385, 387, 1206, 3328, 3225, 2164, 1650, 2314, 2549, 1968, 3400, 480, 1238, 1414, 1359, 381, 91, 939, 3201, 3278, 465, 549, 844, 1778, 523, 438, 2901, 2737, 2348, 440, 502, 1940, 1033, 2237, 3189, 207, 2546, 380, 3308, 952, 1982, 2010, 3385, 1298, 3330, 1898, 445, 1267, 2078, 345, 2254, 3126, 538, 900, 819, 3183, 1856, 2742, 3236, 1794, 1395, 3355, 469, 208, 53, 3450, 3196, 1632, 2187, 389, 3486, 3197, 2694, 3358, 150, 2599, 1354, 1049, 500, 2739, 2281, 456, 2871, 2031, 2664, 2584, 3206, 1949, 2205, 2227, 2706, 1372, 3345, 1015, 1388, 2723, 421, 1901, 1878, 243, 1394, 481, 848, 2301, 533, 1257, 1300, 3393, 833, 3365, 1426, 499, 520, 205, 2238, 2167, 2015, 470, 1288, 1979, 3260, 2320, 1790, 1830, 1268, 1520, 2354, 468, 528, 491, 2353, 571, 677, 507, 2337, 1523, 934, 2087, 2479, 2902, 850, 2218, 3337, 2308, 1504, 3205, 1276, 1482, 3397, 2497, 2043, 378, 334, 3227, 3479, 2869, 409, 1810, 2005, 282, 2162, 1941, 3181, 839, 591, 906, 3399, 452, 863, 2531, 3352, 479, 2379, 3193, 1882, 3124, 1428, 444, 1952, 2897, 2712, 3383, 3160, 2763, 1488, 606, 2732, 1899, 2325, 514, 106, 1228, 508, 1074, 190, 179, 1289, 1420, 2285, 2682, 3215, 488, 1823, 1980, 2247, 883, 490, 2269, 1795, 1793, 1307, 903, 3446, 161, 3430, 2184, 792, 3252, 2196, 2219, 2603]

solved select: 259 in 12368.66 seconds
iteration: 0, n requested: 259, n selected: 259, selected: [1094, 2693, 2356, 3488, 2442, 1382, 1024, 2347, 126, 1989, 3204, 868, 3370, 3468, 3441, 2327, 1937, 472, 1646, 312, 509, 1342, 1285, 2791, 431, 2336, 1873, 443, 359, 1281, 2422, 1900, 2889, 162, 2299, 446, 3178, 385, 387, 1206, 3328, 3225, 2164, 1650, 2314, 2549, 1968, 3400, 480, 1238, 1414, 1359, 381, 91, 939, 3201, 3278, 465, 549, 844, 1778, 523, 438, 2901, 2737, 2348, 440, 502, 1940, 1033, 2237, 3189, 207, 2546, 380, 3308, 952, 1982, 2010, 3385, 1298, 3330, 1898, 445, 1267, 2078, 345, 2254, 3126, 538, 900, 819, 3183, 1856, 2742, 3236, 1794, 1395, 3355, 469, 208, 53, 3450, 3196, 1632, 2187, 389, 3486, 3197, 2694, 3358, 150, 2599, 1354, 1049, 500, 2739, 2281, 456, 2871, 2031, 2664, 2584, 3206, 1949, 2205, 2227, 2706, 1372, 3345, 1015, 1388, 2723, 421, 1901, 1878, 243, 1394, 481, 848, 2301, 533, 1257, 1300, 3393, 833, 3365, 1426, 499, 520, 205, 2238, 2167, 2015, 470, 1288, 1979, 3260, 2320, 1790, 1830, 1268, 1520, 2354, 468, 528, 491, 2353, 571, 677, 507, 2337, 1523, 934, 2087, 2479, 2902, 850, 2218, 3337, 2308, 1504, 3205, 1276, 1482, 3397, 2497, 2043, 378, 334, 3227, 3479, 2869, 409, 1810, 2005, 282, 2162, 1941, 3181, 839, 591, 906, 3399, 452, 863, 2531, 3352, 479, 2379, 3193, 1882, 3124, 1428, 444, 1952, 2897, 2712, 3383, 3160, 2763, 1488, 606, 2732, 1899, 2325, 514, 106, 1228, 508, 1074, 190, 179, 1289, 1420, 2285, 2682, 3215, 488, 1823, 1980, 2247, 883, 490, 2269, 1795, 1793, 1307, 903, 3446, 161, 3430, 2184, 792, 3252, 2196, 2219, 2603, 623]

solved select: 260 in 12480.77 seconds
iteration: 0, n requested: 260, n selected: 260, selected: [1094, 2693, 2356, 3488, 2442, 1382, 1024, 2347, 126, 1989, 3204, 868, 3370, 3468, 3441, 2327, 1937, 472, 1646, 312, 509, 1342, 1285, 2791, 431, 2336, 1873, 443, 359, 1281, 2422, 1900, 2889, 162, 2299, 446, 3178, 385, 387, 1206, 3328, 3225, 2164, 1650, 2314, 2549, 1968, 3400, 480, 1238, 1414, 1359, 381, 91, 939, 3201, 3278, 465, 549, 844, 1778, 523, 438, 2901, 2737, 2348, 440, 502, 1940, 1033, 2237, 3189, 207, 2546, 380, 3308, 952, 1982, 2010, 3385, 1298, 3330, 1898, 445, 1267, 2078, 345, 2254, 3126, 538, 900, 819, 3183, 1856, 2742, 3236, 1794, 1395, 3355, 469, 208, 53, 3450, 3196, 1632, 2187, 389, 3486, 3197, 2694, 3358, 150, 2599, 1354, 1049, 500, 2739, 2281, 456, 2871, 2031, 2664, 2584, 3206, 1949, 2205, 2227, 2706, 1372, 3345, 1015, 1388, 2723, 421, 1901, 1878, 243, 1394, 481, 848, 2301, 533, 1257, 1300, 3393, 833, 3365, 1426, 499, 520, 205, 2238, 2167, 2015, 470, 1288, 1979, 3260, 2320, 1790, 1830, 1268, 1520, 2354, 468, 528, 491, 2353, 571, 677, 507, 2337, 1523, 934, 2087, 2479, 2902, 850, 2218, 3337, 2308, 1504, 3205, 1276, 1482, 3397, 2497, 2043, 378, 334, 3227, 3479, 2869, 409, 1810, 2005, 282, 2162, 1941, 3181, 839, 591, 906, 3399, 452, 863, 2531, 3352, 479, 2379, 3193, 1882, 3124, 1428, 444, 1952, 2897, 2712, 3383, 3160, 2763, 1488, 606, 2732, 1899, 2325, 514, 106, 1228, 508, 1074, 190, 179, 1289, 1420, 2285, 2682, 3215, 488, 1823, 1980, 2247, 883, 490, 2269, 1795, 1793, 1307, 903, 3446, 161, 3430, 2184, 792, 3252, 2196, 2219, 2603, 623, 2125]

solved select: 261 in 12585.43 seconds
iteration: 0, n requested: 261, n selected: 261, selected: [1094, 2693, 2356, 3488, 2442, 1382, 1024, 2347, 126, 1989, 3204, 868, 3370, 3468, 3441, 2327, 1937, 472, 1646, 312, 509, 1342, 1285, 2791, 431, 2336, 1873, 443, 359, 1281, 2422, 1900, 2889, 162, 2299, 446, 3178, 385, 387, 1206, 3328, 3225, 2164, 1650, 2314, 2549, 1968, 3400, 480, 1238, 1414, 1359, 381, 91, 939, 3201, 3278, 465, 549, 844, 1778, 523, 438, 2901, 2737, 2348, 440, 502, 1940, 1033, 2237, 3189, 207, 2546, 380, 3308, 952, 1982, 2010, 3385, 1298, 3330, 1898, 445, 1267, 2078, 345, 2254, 3126, 538, 900, 819, 3183, 1856, 2742, 3236, 1794, 1395, 3355, 469, 208, 53, 3450, 3196, 1632, 2187, 389, 3486, 3197, 2694, 3358, 150, 2599, 1354, 1049, 500, 2739, 2281, 456, 2871, 2031, 2664, 2584, 3206, 1949, 2205, 2227, 2706, 1372, 3345, 1015, 1388, 2723, 421, 1901, 1878, 243, 1394, 481, 848, 2301, 533, 1257, 1300, 3393, 833, 3365, 1426, 499, 520, 205, 2238, 2167, 2015, 470, 1288, 1979, 3260, 2320, 1790, 1830, 1268, 1520, 2354, 468, 528, 491, 2353, 571, 677, 507, 2337, 1523, 934, 2087, 2479, 2902, 850, 2218, 3337, 2308, 1504, 3205, 1276, 1482, 3397, 2497, 2043, 378, 334, 3227, 3479, 2869, 409, 1810, 2005, 282, 2162, 1941, 3181, 839, 591, 906, 3399, 452, 863, 2531, 3352, 479, 2379, 3193, 1882, 3124, 1428, 444, 1952, 2897, 2712, 3383, 3160, 2763, 1488, 606, 2732, 1899, 2325, 514, 106, 1228, 508, 1074, 190, 179, 1289, 1420, 2285, 2682, 3215, 488, 1823, 1980, 2247, 883, 490, 2269, 1795, 1793, 1307, 903, 3446, 161, 3430, 2184, 792, 3252, 2196, 2219, 2603, 623, 2125, 2821]

solved select: 262 in 12692.03 seconds
iteration: 0, n requested: 262, n selected: 262, selected: [1094, 2693, 2356, 3488, 2442, 1382, 1024, 2347, 126, 1989, 3204, 868, 3370, 3468, 3441, 2327, 1937, 472, 1646, 312, 509, 1342, 1285, 2791, 431, 2336, 1873, 443, 359, 1281, 2422, 1900, 2889, 162, 2299, 446, 3178, 385, 387, 1206, 3328, 3225, 2164, 1650, 2314, 2549, 1968, 3400, 480, 1238, 1414, 1359, 381, 91, 939, 3201, 3278, 465, 549, 844, 1778, 523, 438, 2901, 2737, 2348, 440, 502, 1940, 1033, 2237, 3189, 207, 2546, 380, 3308, 952, 1982, 2010, 3385, 1298, 3330, 1898, 445, 1267, 2078, 345, 2254, 3126, 538, 900, 819, 3183, 1856, 2742, 3236, 1794, 1395, 3355, 469, 208, 53, 3450, 3196, 1632, 2187, 389, 3486, 3197, 2694, 3358, 150, 2599, 1354, 1049, 500, 2739, 2281, 456, 2871, 2031, 2664, 2584, 3206, 1949, 2205, 2227, 2706, 1372, 3345, 1015, 1388, 2723, 421, 1901, 1878, 243, 1394, 481, 848, 2301, 533, 1257, 1300, 3393, 833, 3365, 1426, 499, 520, 205, 2238, 2167, 2015, 470, 1288, 1979, 3260, 2320, 1790, 1830, 1268, 1520, 2354, 468, 528, 491, 2353, 571, 677, 507, 2337, 1523, 934, 2087, 2479, 2902, 850, 2218, 3337, 2308, 1504, 3205, 1276, 1482, 3397, 2497, 2043, 378, 334, 3227, 3479, 2869, 409, 1810, 2005, 282, 2162, 1941, 3181, 839, 591, 906, 3399, 452, 863, 2531, 3352, 479, 2379, 3193, 1882, 3124, 1428, 444, 1952, 2897, 2712, 3383, 3160, 2763, 1488, 606, 2732, 1899, 2325, 514, 106, 1228, 508, 1074, 190, 179, 1289, 1420, 2285, 2682, 3215, 488, 1823, 1980, 2247, 883, 490, 2269, 1795, 1793, 1307, 903, 3446, 161, 3430, 2184, 792, 3252, 2196, 2219, 2603, 623, 2125, 2821, 3175]

solved select: 263 in 12799.20 seconds
iteration: 0, n requested: 263, n selected: 263, selected: [1094, 2693, 2356, 3488, 2442, 1382, 1024, 2347, 126, 1989, 3204, 868, 3370, 3468, 3441, 2327, 1937, 472, 1646, 312, 509, 1342, 1285, 2791, 431, 2336, 1873, 443, 359, 1281, 2422, 1900, 2889, 162, 2299, 446, 3178, 385, 387, 1206, 3328, 3225, 2164, 1650, 2314, 2549, 1968, 3400, 480, 1238, 1414, 1359, 381, 91, 939, 3201, 3278, 465, 549, 844, 1778, 523, 438, 2901, 2737, 2348, 440, 502, 1940, 1033, 2237, 3189, 207, 2546, 380, 3308, 952, 1982, 2010, 3385, 1298, 3330, 1898, 445, 1267, 2078, 345, 2254, 3126, 538, 900, 819, 3183, 1856, 2742, 3236, 1794, 1395, 3355, 469, 208, 53, 3450, 3196, 1632, 2187, 389, 3486, 3197, 2694, 3358, 150, 2599, 1354, 1049, 500, 2739, 2281, 456, 2871, 2031, 2664, 2584, 3206, 1949, 2205, 2227, 2706, 1372, 3345, 1015, 1388, 2723, 421, 1901, 1878, 243, 1394, 481, 848, 2301, 533, 1257, 1300, 3393, 833, 3365, 1426, 499, 520, 205, 2238, 2167, 2015, 470, 1288, 1979, 3260, 2320, 1790, 1830, 1268, 1520, 2354, 468, 528, 491, 2353, 571, 677, 507, 2337, 1523, 934, 2087, 2479, 2902, 850, 2218, 3337, 2308, 1504, 3205, 1276, 1482, 3397, 2497, 2043, 378, 334, 3227, 3479, 2869, 409, 1810, 2005, 282, 2162, 1941, 3181, 839, 591, 906, 3399, 452, 863, 2531, 3352, 479, 2379, 3193, 1882, 3124, 1428, 444, 1952, 2897, 2712, 3383, 3160, 2763, 1488, 606, 2732, 1899, 2325, 514, 106, 1228, 508, 1074, 190, 179, 1289, 1420, 2285, 2682, 3215, 488, 1823, 1980, 2247, 883, 490, 2269, 1795, 1793, 1307, 903, 3446, 161, 3430, 2184, 792, 3252, 2196, 2219, 2603, 623, 2125, 2821, 3175, 461]

solved select: 264 in 12945.48 seconds
iteration: 0, n requested: 264, n selected: 264, selected: [1094, 2693, 2356, 3488, 2442, 1382, 1024, 2347, 126, 1989, 3204, 868, 3370, 3468, 3441, 2327, 1937, 472, 1646, 1900, 509, 1342, 1285, 2791, 431, 2336, 1873, 443, 359, 1281, 2422, 312, 2889, 162, 2299, 446, 3178, 385, 387, 1206, 3328, 3225, 2164, 1650, 2314, 2549, 1968, 3400, 480, 1238, 1414, 1359, 381, 91, 939, 3201, 3278, 465, 549, 844, 1778, 523, 438, 2901, 2737, 2348, 440, 502, 1940, 1033, 2237, 3189, 207, 2546, 380, 3308, 952, 1982, 2010, 3385, 1298, 3330, 1898, 445, 1267, 2078, 345, 2254, 3126, 538, 900, 819, 3183, 1856, 2742, 3236, 1794, 1395, 3355, 469, 208, 53, 3450, 3196, 1632, 2187, 389, 3486, 3197, 2694, 3358, 150, 2599, 1354, 1049, 500, 2739, 2281, 456, 2871, 2031, 2664, 2584, 3206, 1949, 2205, 2227, 2706, 1372, 3345, 1015, 1388, 2723, 421, 1901, 1878, 243, 1394, 481, 848, 2301, 533, 1257, 1300, 3393, 833, 3365, 1426, 499, 520, 205, 2238, 2167, 2015, 470, 1288, 1979, 3260, 2320, 1790, 1830, 1268, 1520, 2354, 468, 528, 491, 2353, 571, 677, 507, 2337, 1523, 934, 2087, 2479, 2902, 850, 2218, 3337, 2308, 1504, 3205, 1276, 1482, 3397, 2497, 2043, 378, 334, 3227, 3479, 2869, 409, 1810, 2005, 282, 2162, 1941, 3181, 839, 591, 906, 3399, 452, 863, 2531, 3352, 479, 2379, 3193, 1882, 3124, 1428, 444, 1952, 2897, 2712, 3383, 3160, 2763, 1488, 606, 2732, 1899, 2325, 514, 106, 1228, 508, 1074, 190, 179, 1289, 1420, 2285, 2682, 3215, 488, 1823, 1980, 2247, 883, 490, 2269, 1795, 1793, 1307, 903, 3446, 161, 3430, 2184, 792, 3252, 2196, 2219, 2603, 623, 2125, 2821, 3175, 461, 1988]

solved select: 265 in 13091.24 seconds
iteration: 0, n requested: 265, n selected: 265, selected: [1094, 2693, 2356, 3488, 2442, 1382, 1024, 2347, 126, 1989, 3204, 868, 3370, 3468, 3441, 2327, 1937, 472, 1646, 1900, 509, 1342, 1285, 2791, 431, 2336, 1873, 443, 359, 1281, 2422, 312, 2889, 162, 2299, 446, 3178, 385, 387, 1206, 3328, 3225, 2164, 1650, 2314, 2549, 1968, 3400, 480, 1238, 1414, 1359, 381, 91, 939, 3201, 3278, 465, 549, 844, 1778, 523, 438, 2901, 2737, 2348, 440, 502, 1940, 1033, 2237, 3189, 207, 2546, 380, 3308, 952, 1982, 2010, 3385, 1298, 3330, 1898, 445, 1267, 2078, 345, 2254, 3126, 538, 900, 819, 3183, 1856, 2742, 3236, 1794, 1395, 3355, 469, 208, 53, 3450, 3196, 1632, 2187, 389, 3486, 3197, 2694, 3358, 150, 2599, 1354, 1049, 500, 2739, 2281, 456, 2871, 2031, 2664, 2584, 3206, 1949, 2205, 2227, 2706, 1372, 3345, 1015, 1388, 2723, 421, 1901, 1878, 243, 1394, 481, 848, 2301, 533, 1257, 1300, 3393, 833, 3365, 1426, 499, 520, 205, 2238, 2167, 2015, 470, 1288, 1979, 3260, 2320, 1790, 1830, 1268, 1520, 2354, 468, 528, 491, 2353, 571, 677, 507, 2337, 1523, 934, 2087, 2479, 2902, 850, 2218, 3337, 2308, 1504, 3205, 1276, 1482, 3397, 2497, 2043, 378, 334, 3227, 3479, 2869, 409, 1810, 2005, 282, 2162, 1941, 3181, 839, 591, 906, 3399, 452, 863, 2531, 3352, 479, 2379, 3193, 1882, 3124, 1428, 444, 1952, 2897, 2712, 3383, 3160, 2763, 1488, 606, 2732, 1899, 2325, 514, 106, 1228, 508, 1074, 190, 179, 1289, 1420, 2285, 2682, 3215, 488, 1823, 1980, 2247, 883, 490, 2269, 1795, 1793, 1307, 903, 3446, 161, 3430, 2184, 792, 3252, 2196, 2219, 2603, 623, 2125, 2821, 3175, 461, 1988, 1062]

solved select: 266 in 13240.12 seconds
iteration: 0, n requested: 266, n selected: 266, selected: [1094, 2693, 2356, 3488, 2442, 1382, 1024, 2347, 126, 1989, 3204, 868, 3370, 3468, 3441, 2327, 1937, 472, 1646, 1900, 509, 1342, 1285, 2791, 431, 2336, 1873, 443, 359, 1281, 2422, 312, 2889, 162, 2299, 446, 3178, 385, 387, 1206, 3328, 3225, 2164, 1650, 2314, 2549, 1968, 3400, 480, 1238, 1414, 1359, 381, 91, 939, 3201, 3278, 465, 549, 844, 1778, 523, 438, 2901, 2737, 2348, 440, 502, 1940, 1033, 2237, 3189, 207, 2546, 380, 3308, 952, 1982, 2010, 3385, 1298, 3330, 1898, 445, 1267, 2078, 345, 2254, 3126, 538, 900, 819, 3183, 1856, 2742, 3236, 1794, 1395, 3355, 469, 208, 53, 3450, 3196, 1632, 2187, 389, 3486, 3197, 2694, 3358, 150, 2599, 1354, 1049, 500, 2739, 2281, 456, 2871, 2031, 2664, 2584, 3206, 1949, 2205, 2227, 2706, 1372, 3345, 1015, 1388, 2723, 421, 1901, 1878, 243, 1394, 481, 848, 2301, 533, 1257, 1300, 3393, 833, 3365, 1426, 499, 520, 205, 2238, 2167, 2015, 470, 1288, 1979, 3260, 2320, 1790, 1830, 1268, 1520, 2354, 468, 528, 491, 2353, 571, 677, 507, 2337, 1523, 934, 2087, 2479, 2902, 850, 2218, 3337, 2308, 1504, 3205, 1276, 1482, 3397, 2497, 2043, 378, 334, 3227, 3479, 2869, 409, 1810, 2005, 282, 2162, 1941, 3181, 839, 591, 906, 3399, 452, 863, 2531, 3352, 479, 2379, 3193, 1882, 3124, 1428, 444, 1952, 2897, 2712, 3383, 3160, 2763, 1488, 606, 2732, 1899, 2325, 514, 106, 1228, 508, 1074, 190, 179, 1289, 1420, 2285, 2682, 3215, 488, 1823, 1980, 2247, 883, 490, 2269, 1795, 1793, 1307, 903, 3446, 161, 3430, 2184, 792, 3252, 2196, 2219, 2603, 623, 2125, 2821, 3175, 461, 1988, 1062, 483]

solved select: 267 in 13383.02 seconds
iteration: 0, n requested: 267, n selected: 267, selected: [1094, 2693, 2356, 3488, 2442, 1382, 1024, 2347, 126, 1989, 3204, 868, 3370, 3468, 3441, 2327, 1937, 472, 1646, 1900, 509, 1342, 1285, 2791, 431, 2336, 1873, 443, 359, 1281, 2422, 312, 2889, 162, 2299, 446, 3178, 385, 387, 1206, 3328, 3225, 2164, 1650, 2314, 2549, 1968, 3400, 480, 1238, 1414, 1359, 381, 91, 939, 3201, 3278, 465, 549, 844, 1778, 523, 438, 2901, 2737, 2348, 440, 502, 1940, 1033, 2237, 3189, 207, 2546, 380, 3308, 952, 1982, 2010, 3385, 1298, 3330, 1898, 445, 1267, 2078, 345, 2254, 3126, 538, 900, 819, 3183, 1856, 2742, 3236, 1794, 1395, 3355, 469, 208, 53, 3450, 3196, 1632, 2187, 389, 3486, 3197, 2694, 3358, 150, 2599, 1354, 1049, 500, 2739, 2281, 456, 2871, 2031, 2664, 2584, 3206, 1949, 2205, 2227, 2706, 1372, 3345, 1015, 1388, 2723, 421, 1901, 1878, 243, 1394, 481, 848, 2301, 533, 1257, 1300, 3393, 833, 3365, 1426, 499, 520, 205, 2238, 2167, 2015, 470, 1288, 1979, 3260, 2320, 1790, 1830, 1268, 1520, 2354, 468, 528, 491, 2353, 571, 677, 507, 2337, 1523, 934, 2087, 2479, 2902, 850, 2218, 3337, 2308, 1504, 3205, 1276, 1482, 3397, 2497, 2043, 378, 334, 3227, 3479, 2869, 409, 1810, 2005, 282, 2162, 1941, 3181, 839, 591, 906, 3399, 452, 863, 2531, 3352, 479, 2379, 3193, 1882, 3124, 1428, 444, 1952, 2897, 2712, 3383, 3160, 2763, 1488, 606, 2732, 1899, 2325, 514, 106, 1228, 508, 1074, 190, 179, 1289, 1420, 2285, 2682, 3215, 488, 1823, 1980, 2247, 883, 490, 2269, 1795, 1793, 1307, 903, 3446, 161, 3430, 2184, 792, 3252, 2196, 2219, 2603, 623, 2125, 2821, 3175, 461, 1988, 1062, 483, 667]

solved select: 268 in 13532.88 seconds
iteration: 0, n requested: 268, n selected: 268, selected: [1094, 2693, 2356, 3488, 2442, 1382, 1024, 2347, 126, 1989, 3204, 868, 3370, 3468, 3441, 2327, 1937, 472, 1646, 1900, 509, 1342, 1285, 2791, 431, 2336, 1873, 443, 359, 1281, 2422, 312, 2889, 162, 2299, 446, 3178, 385, 387, 1206, 3328, 3225, 2164, 1650, 2314, 2549, 1968, 3400, 480, 1238, 1414, 1359, 381, 91, 939, 3201, 3278, 465, 549, 844, 1778, 523, 438, 2901, 2737, 2348, 440, 502, 1940, 1033, 2237, 3189, 207, 2546, 380, 3308, 952, 1982, 2010, 3385, 1298, 3330, 1898, 445, 1267, 2078, 345, 2254, 3126, 538, 900, 819, 3183, 1856, 2742, 3236, 1794, 1395, 3355, 469, 208, 53, 3450, 3196, 1632, 2187, 389, 3486, 3197, 2694, 3358, 150, 2599, 1354, 1049, 500, 2739, 2281, 456, 2871, 2031, 2664, 2584, 3206, 1949, 2205, 2227, 2706, 1372, 3345, 1015, 1388, 2723, 421, 1901, 1878, 243, 1394, 481, 848, 2301, 533, 1257, 1300, 3393, 833, 3365, 1426, 499, 520, 205, 2238, 2167, 2015, 470, 1288, 1979, 3260, 2320, 1790, 1830, 1268, 1520, 2354, 468, 528, 491, 2353, 571, 677, 507, 2337, 1523, 934, 2087, 2479, 2902, 850, 2218, 3337, 2308, 1504, 3205, 1276, 1482, 3397, 2497, 2043, 378, 334, 3227, 3479, 2869, 409, 1810, 2005, 282, 2162, 1941, 3181, 839, 591, 906, 3399, 452, 863, 2531, 3352, 479, 2379, 3193, 1882, 3124, 1428, 444, 1952, 2897, 2712, 3383, 3160, 2763, 1488, 606, 2732, 1899, 2325, 514, 106, 1228, 508, 1074, 190, 179, 1289, 1420, 2285, 2682, 3215, 488, 1823, 1980, 2247, 883, 490, 2269, 1795, 1793, 1307, 903, 3446, 161, 3430, 2184, 792, 3252, 2196, 2219, 2603, 623, 2125, 2821, 3175, 461, 1988, 1062, 483, 667, 2631]

solved select: 269 in 13676.54 seconds
iteration: 0, n requested: 269, n selected: 269, selected: [1094, 2693, 2356, 3488, 2442, 1382, 1024, 2347, 126, 1989, 3204, 868, 3370, 3468, 3441, 2327, 1937, 472, 1646, 1900, 509, 1342, 1285, 2791, 431, 2336, 1873, 443, 359, 1281, 2422, 312, 2889, 162, 2299, 446, 3178, 385, 387, 1206, 3328, 3225, 2164, 1650, 2314, 2549, 1968, 3400, 480, 1238, 1414, 1359, 381, 91, 939, 3201, 3278, 465, 549, 844, 1778, 523, 438, 2901, 2737, 2348, 440, 502, 1940, 1033, 2237, 3189, 207, 2546, 380, 3308, 952, 1982, 2010, 3385, 1298, 3330, 1898, 445, 1267, 2078, 345, 2254, 3126, 538, 900, 819, 3183, 1856, 2742, 3236, 1794, 1395, 3355, 469, 208, 53, 3450, 3196, 1632, 2187, 389, 3486, 3197, 2694, 3358, 150, 2599, 1354, 1049, 500, 2739, 2281, 456, 2871, 2031, 2664, 2584, 3206, 1949, 2205, 2227, 2706, 1372, 3345, 1015, 1388, 2723, 421, 1901, 1878, 243, 1394, 481, 848, 2301, 533, 1257, 1300, 3393, 833, 3365, 1426, 499, 520, 205, 2238, 2167, 2015, 470, 1288, 1979, 3260, 2320, 1790, 1830, 1268, 1520, 2354, 468, 528, 491, 2353, 571, 677, 507, 2337, 1523, 934, 2087, 2479, 2902, 850, 2218, 3337, 2308, 1504, 3205, 1276, 1482, 3397, 2497, 2043, 378, 334, 3227, 3479, 2869, 409, 1810, 2005, 282, 2162, 1941, 3181, 839, 591, 906, 3399, 452, 863, 2531, 3352, 479, 2379, 3193, 1882, 3124, 1428, 444, 1952, 2897, 2712, 3383, 3160, 2763, 1488, 606, 2732, 1899, 2325, 514, 106, 1228, 508, 1074, 190, 179, 1289, 1420, 2285, 2682, 3215, 488, 1823, 1980, 2247, 883, 490, 2269, 1795, 1793, 1307, 903, 3446, 161, 3430, 2184, 792, 3252, 2196, 2219, 2603, 623, 2125, 2821, 3175, 461, 1988, 1062, 483, 667, 2631, 2296]

solved select: 270 in 13825.83 seconds
iteration: 0, n requested: 270, n selected: 270, selected: [1094, 2693, 2356, 3488, 2442, 1382, 1024, 2347, 126, 1989, 3204, 868, 3370, 3468, 3441, 2327, 1937, 472, 1646, 1900, 509, 1342, 1285, 2791, 431, 2336, 1873, 443, 359, 1281, 2422, 312, 2889, 162, 2299, 446, 3178, 385, 387, 1206, 3328, 3225, 2164, 1650, 2314, 2549, 1968, 3400, 480, 1238, 1414, 1359, 381, 91, 939, 3201, 3278, 465, 549, 844, 1778, 523, 438, 2901, 2737, 2348, 440, 502, 1940, 1033, 2237, 3189, 207, 2546, 380, 3308, 952, 1982, 2010, 3385, 1298, 3330, 1898, 445, 1267, 2078, 345, 2254, 3126, 538, 900, 819, 3183, 1856, 2742, 3236, 1794, 1395, 3355, 469, 208, 53, 3450, 3196, 1632, 2187, 389, 3486, 3197, 2694, 3358, 150, 2599, 1354, 1049, 500, 2739, 2281, 456, 2871, 2031, 2664, 2584, 3206, 1949, 2205, 2227, 2706, 1372, 3345, 1015, 1388, 2723, 421, 1901, 1878, 243, 1394, 481, 848, 2301, 533, 1257, 1300, 3393, 833, 3365, 1426, 499, 520, 205, 2238, 2167, 2015, 470, 1288, 1979, 3260, 2320, 1790, 1830, 1268, 1520, 2354, 468, 528, 491, 2353, 571, 677, 507, 2337, 1523, 934, 2087, 2479, 2902, 850, 2218, 3337, 2308, 1504, 3205, 1276, 1482, 3397, 2497, 2043, 378, 334, 3227, 3479, 2869, 409, 1810, 2005, 282, 2162, 1941, 3181, 839, 591, 906, 3399, 452, 863, 2531, 3352, 479, 2379, 3193, 1882, 3124, 1428, 444, 1952, 2897, 2712, 3383, 3160, 2763, 1488, 606, 2732, 1899, 2325, 514, 106, 1228, 508, 1074, 190, 179, 1289, 1420, 2285, 2682, 3215, 488, 1823, 1980, 2247, 883, 490, 2269, 1795, 1793, 1307, 903, 3446, 161, 3430, 2184, 792, 3252, 2196, 2219, 2603, 623, 2125, 2821, 3175, 461, 1988, 1062, 483, 667, 2631, 2296, 1254]

solved select: 271 in 13979.68 seconds
iteration: 0, n requested: 271, n selected: 271, selected: [1094, 2693, 2356, 3488, 2442, 1382, 1024, 2347, 126, 1989, 3204, 868, 3370, 3468, 3441, 2327, 1937, 472, 1646, 1900, 509, 1342, 1285, 2791, 431, 2336, 1873, 443, 359, 1281, 2422, 312, 2889, 162, 2299, 446, 3178, 385, 387, 1206, 3328, 3225, 2164, 1650, 2314, 2549, 1968, 3400, 480, 1238, 1414, 1359, 381, 91, 939, 3201, 3278, 465, 549, 844, 1778, 523, 438, 2901, 2737, 2348, 440, 502, 1940, 1033, 2237, 3189, 207, 2546, 380, 3308, 952, 1982, 2010, 3385, 1298, 3330, 1898, 445, 1267, 2078, 345, 2254, 3126, 538, 900, 819, 3183, 1856, 2742, 3236, 1794, 1395, 3355, 469, 208, 53, 3450, 3196, 1632, 2187, 389, 3486, 3197, 2694, 3358, 150, 2599, 1354, 1049, 500, 2739, 2281, 456, 2871, 2031, 2664, 2584, 3206, 1949, 2205, 2227, 2706, 1372, 3345, 1015, 1388, 2723, 421, 1901, 1878, 243, 1394, 481, 848, 2301, 533, 1257, 1300, 3393, 833, 3365, 1426, 499, 520, 205, 2238, 2167, 2015, 470, 1288, 1979, 3260, 2320, 1790, 1830, 1268, 1520, 2354, 468, 528, 491, 2353, 571, 677, 507, 2337, 1523, 934, 2087, 2479, 2902, 850, 2218, 3337, 2308, 1504, 3205, 1276, 1482, 3397, 2497, 2043, 378, 334, 3227, 3479, 2869, 409, 1810, 2005, 282, 2162, 1941, 3181, 839, 591, 906, 3399, 452, 863, 2531, 3352, 479, 2379, 3193, 1882, 3124, 1428, 444, 1952, 2897, 2712, 3383, 3160, 2763, 1488, 606, 2732, 1899, 2325, 514, 106, 1228, 508, 1074, 190, 179, 1289, 1420, 2285, 2682, 3215, 488, 1823, 1980, 2247, 883, 490, 2269, 1795, 1793, 1307, 903, 3446, 161, 3430, 2184, 792, 3252, 2196, 2219, 2603, 623, 2125, 2821, 3175, 461, 1988, 1062, 483, 667, 2631, 2296, 1254, 3317]

solved select: 272 in 14121.02 seconds
iteration: 0, n requested: 272, n selected: 272, selected: [1094, 2693, 2356, 3488, 2442, 1382, 1024, 2347, 126, 1989, 3204, 868, 3370, 3468, 3441, 2327, 1937, 472, 1646, 1900, 509, 1342, 1285, 2791, 431, 2336, 1873, 443, 359, 1281, 2422, 312, 2889, 162, 2299, 446, 3178, 385, 387, 1206, 3328, 3225, 2164, 1650, 2314, 2549, 1968, 3400, 480, 1238, 1414, 1359, 381, 91, 939, 3201, 3278, 465, 549, 844, 1778, 523, 438, 2901, 2737, 2348, 440, 502, 1940, 1033, 2237, 3189, 207, 2546, 380, 3308, 952, 1982, 2010, 3385, 1298, 3330, 1898, 445, 1267, 2078, 345, 2254, 3126, 538, 900, 819, 3183, 1856, 2742, 3236, 1794, 1395, 3355, 469, 208, 53, 3450, 3196, 1632, 2187, 389, 3486, 3197, 2694, 3358, 150, 2599, 1354, 1049, 500, 2739, 2281, 456, 2871, 2031, 2664, 2584, 3206, 1949, 2205, 2227, 2706, 1372, 3345, 1015, 1388, 2723, 421, 1901, 1878, 243, 1394, 481, 848, 2301, 533, 1257, 1300, 3393, 833, 3365, 1426, 499, 520, 205, 2238, 2167, 2015, 470, 1288, 1979, 3260, 2320, 1790, 1830, 1268, 1520, 2354, 468, 528, 491, 2353, 571, 677, 507, 2337, 1523, 934, 2087, 2479, 2902, 850, 2218, 3337, 2308, 1504, 3205, 1276, 1482, 3397, 2497, 2043, 378, 334, 3227, 3479, 2869, 409, 1810, 2005, 282, 2162, 1941, 3181, 839, 591, 906, 3399, 452, 863, 2531, 3352, 479, 2379, 3193, 1882, 3124, 1428, 444, 1952, 2897, 2712, 3383, 3160, 2763, 1488, 606, 2732, 1899, 2325, 514, 106, 1228, 508, 1074, 190, 179, 1289, 1420, 2285, 2682, 3215, 488, 1823, 1980, 2247, 883, 490, 2269, 1795, 1793, 1307, 903, 3446, 161, 3430, 2184, 792, 3252, 2196, 2219, 2603, 623, 2125, 2821, 3175, 461, 1988, 1062, 483, 667, 2631, 2296, 1254, 3317, 417]

solved select: 273 in 14267.07 seconds
iteration: 0, n requested: 273, n selected: 273, selected: [1094, 2693, 2356, 3488, 2442, 1382, 1024, 2347, 126, 1989, 3204, 868, 3370, 3468, 3441, 2327, 1937, 472, 1646, 1900, 509, 1342, 1285, 2791, 431, 2336, 1873, 443, 359, 1281, 2422, 312, 2889, 162, 2299, 446, 3178, 385, 387, 1206, 3328, 3225, 2164, 1650, 2314, 2549, 1968, 3400, 480, 1238, 1414, 1359, 381, 91, 939, 3201, 3278, 465, 549, 844, 1778, 523, 438, 2901, 2737, 2348, 440, 502, 1940, 1033, 2237, 3189, 207, 2546, 380, 3308, 952, 1982, 2010, 3385, 1298, 3330, 1898, 445, 1267, 2078, 345, 2254, 3126, 538, 900, 819, 3183, 1856, 2742, 3236, 1794, 1395, 3355, 469, 208, 53, 3450, 3196, 1632, 2187, 389, 3486, 3197, 2694, 3358, 150, 2599, 1354, 1049, 500, 2739, 2281, 456, 2871, 2031, 2664, 2584, 3206, 1949, 2205, 2227, 2706, 1372, 3345, 1015, 1388, 2723, 421, 1901, 1878, 243, 1394, 481, 848, 2301, 533, 1257, 1300, 3393, 833, 3365, 1426, 499, 520, 205, 2238, 2167, 2015, 470, 1288, 1979, 3260, 2320, 1790, 1830, 1268, 1520, 2354, 468, 528, 491, 2353, 571, 677, 507, 2337, 1523, 934, 2087, 2479, 2902, 850, 2218, 3337, 2308, 1504, 3205, 1276, 1482, 3397, 2497, 2043, 378, 334, 3227, 3479, 2869, 409, 1810, 2005, 282, 2162, 1941, 3181, 839, 591, 906, 3399, 452, 863, 2531, 3352, 479, 2379, 3193, 1882, 3124, 1428, 444, 1952, 2897, 2712, 3383, 3160, 2763, 1488, 606, 2732, 1899, 2325, 514, 106, 1228, 508, 1074, 190, 179, 1289, 1420, 2285, 2682, 3215, 488, 1823, 1980, 2247, 883, 490, 2269, 1795, 1793, 1307, 903, 3446, 161, 3430, 2184, 792, 3252, 2196, 2219, 2603, 623, 2125, 2821, 3175, 461, 1988, 1062, 483, 667, 2631, 2296, 1254, 3317, 417, 1357]

solved select: 274 in 14411.29 seconds
iteration: 0, n requested: 274, n selected: 274, selected: [1094, 2693, 2356, 3488, 2442, 1382, 1024, 2347, 126, 1989, 3204, 868, 3370, 3468, 3441, 2327, 1937, 472, 1646, 1900, 509, 1342, 1285, 2791, 431, 2336, 1873, 443, 359, 1281, 2422, 312, 2889, 162, 2299, 446, 3178, 385, 387, 1206, 3328, 3225, 2164, 1650, 2314, 2549, 1968, 3400, 480, 1238, 1414, 1359, 381, 91, 939, 3201, 3278, 465, 549, 844, 1778, 523, 438, 2901, 2737, 2348, 440, 502, 1940, 1033, 2237, 3189, 207, 2546, 380, 3308, 952, 1982, 2010, 3385, 1298, 3330, 1898, 445, 1267, 2078, 345, 2254, 3126, 538, 900, 819, 3183, 1856, 2742, 3236, 1794, 1395, 3355, 469, 208, 53, 3450, 3196, 1632, 2187, 389, 3486, 3197, 2694, 3358, 150, 2599, 1354, 1049, 500, 2739, 2281, 456, 2871, 2031, 2664, 2584, 3206, 1949, 2205, 2227, 2706, 1372, 3345, 1015, 1388, 2723, 421, 1901, 1878, 243, 1394, 481, 848, 2301, 533, 1257, 1300, 3393, 833, 3365, 1426, 499, 520, 205, 2238, 2167, 2015, 470, 1288, 1979, 3260, 2320, 1790, 1830, 1268, 1520, 2354, 468, 528, 491, 2353, 571, 677, 507, 2337, 1523, 934, 2087, 2479, 2902, 850, 2218, 3337, 2308, 1504, 3205, 1276, 1482, 3397, 2497, 2043, 378, 334, 3227, 3479, 2869, 409, 1810, 2005, 282, 2162, 1941, 3181, 839, 591, 906, 3399, 452, 863, 2531, 3352, 479, 2379, 3193, 1882, 3124, 1428, 444, 1952, 2897, 2712, 3383, 3160, 2763, 1488, 606, 2732, 1899, 2325, 514, 106, 1228, 508, 1074, 190, 179, 1289, 1420, 2285, 2682, 3215, 488, 1823, 1980, 2247, 883, 490, 2269, 1795, 1793, 1307, 903, 3446, 161, 3430, 2184, 792, 3252, 2196, 2219, 2603, 623, 2125, 2821, 3175, 461, 1988, 1062, 483, 667, 2631, 2296, 1254, 3317, 417, 1357, 477]

solved select: 275 in 14563.32 seconds
iteration: 0, n requested: 275, n selected: 275, selected: [1094, 2693, 2356, 3488, 2442, 1382, 1024, 2347, 126, 1989, 3204, 868, 3370, 3468, 3441, 2327, 1937, 472, 1646, 1900, 509, 1342, 1285, 2791, 431, 2336, 1873, 443, 359, 1281, 2422, 312, 2889, 162, 2299, 446, 3178, 385, 387, 1206, 3328, 3225, 2164, 1650, 2314, 2549, 1968, 3400, 480, 1238, 1414, 1359, 381, 91, 939, 3201, 3278, 465, 549, 844, 1778, 523, 438, 2901, 2737, 2348, 440, 502, 1940, 1033, 2237, 3189, 207, 2546, 380, 3308, 952, 1982, 2010, 3385, 1298, 3330, 1898, 445, 1267, 2078, 345, 2254, 3126, 538, 900, 819, 3183, 1856, 2742, 3236, 1794, 1395, 3355, 469, 208, 53, 3450, 3196, 1632, 2187, 389, 3486, 3197, 2694, 3358, 150, 2599, 1354, 1049, 500, 2739, 2281, 456, 2871, 2031, 2664, 2584, 3206, 1949, 2205, 2227, 2706, 1372, 3345, 1015, 1388, 2723, 421, 1901, 1878, 243, 1394, 481, 848, 2301, 533, 1257, 1300, 3393, 833, 3365, 1426, 499, 520, 205, 2238, 2167, 2015, 470, 1288, 1979, 3260, 2320, 1790, 1830, 1268, 1520, 2354, 468, 528, 491, 2353, 571, 677, 507, 2337, 1523, 934, 2087, 2479, 2902, 850, 2218, 3337, 2308, 1504, 3205, 1276, 1482, 3397, 2497, 2043, 378, 334, 3227, 3479, 2869, 409, 1810, 2005, 282, 2162, 1941, 3181, 839, 591, 906, 3399, 452, 863, 2531, 3352, 479, 2379, 3193, 1882, 3124, 1428, 444, 1952, 2897, 2712, 3383, 3160, 2763, 1488, 606, 2732, 1899, 2325, 514, 106, 1228, 508, 1074, 190, 179, 1289, 1420, 2285, 2682, 3215, 488, 1823, 1980, 2247, 883, 490, 2269, 1795, 1793, 1307, 903, 3446, 161, 3430, 2184, 792, 3252, 2196, 2219, 2603, 623, 2125, 2821, 3175, 461, 1988, 1062, 483, 667, 2631, 2296, 1254, 3317, 417, 1357, 477, 29]

solved select: 276 in 14716.92 seconds
iteration: 0, n requested: 276, n selected: 276, selected: [1094, 2693, 2356, 3488, 2442, 1382, 1024, 2347, 126, 1989, 3204, 868, 3370, 3468, 3441, 2327, 1937, 472, 1646, 1900, 509, 1342, 1285, 2791, 431, 2336, 1873, 443, 359, 1281, 2422, 312, 2889, 162, 2299, 446, 3178, 385, 387, 1206, 3328, 3225, 2164, 1650, 2314, 2549, 1968, 3400, 480, 1238, 1414, 1359, 381, 91, 939, 3201, 3278, 465, 549, 844, 1778, 523, 438, 2901, 2737, 2348, 440, 502, 1940, 1033, 2237, 3189, 207, 2546, 380, 3308, 952, 1982, 2010, 3385, 1298, 3330, 1898, 445, 1267, 2078, 345, 2254, 3126, 538, 900, 819, 3183, 1856, 2742, 3236, 1794, 1395, 3355, 469, 208, 53, 3450, 3196, 1632, 2187, 389, 3486, 3197, 2694, 3358, 150, 2599, 1354, 1049, 500, 2739, 2281, 456, 2871, 2031, 2664, 2584, 3206, 1949, 2205, 2227, 2706, 1372, 3345, 1015, 1388, 2723, 421, 1901, 1878, 243, 1394, 481, 848, 2301, 533, 1257, 1300, 3393, 833, 3365, 1426, 499, 520, 205, 2238, 2167, 2015, 470, 1288, 1979, 3260, 2320, 1790, 1830, 1268, 1520, 2354, 468, 528, 491, 2353, 571, 677, 507, 2337, 1523, 934, 2087, 2479, 2902, 850, 2218, 3337, 2308, 1504, 3205, 1276, 1482, 3397, 2497, 2043, 378, 334, 3227, 3479, 2869, 409, 1810, 2005, 282, 2162, 1941, 3181, 839, 591, 906, 3399, 452, 863, 2531, 3352, 479, 2379, 3193, 1882, 3124, 1428, 444, 1952, 2897, 2712, 3383, 3160, 2763, 1488, 606, 2732, 1899, 2325, 514, 106, 1228, 508, 1074, 190, 179, 1289, 1420, 2285, 2682, 3215, 488, 1823, 1980, 2247, 883, 490, 2269, 1795, 1793, 1307, 903, 3446, 161, 3430, 2184, 792, 3252, 2196, 2219, 2603, 623, 2125, 2821, 3175, 461, 1988, 1062, 483, 667, 2631, 2296, 1254, 3317, 417, 1357, 477, 29, 2331]

solved select: 277 in 14857.56 seconds
iteration: 0, n requested: 277, n selected: 277, selected: [1094, 2693, 2356, 3488, 2442, 1382, 1024, 2347, 126, 1989, 3204, 868, 3370, 3468, 3441, 2327, 1937, 472, 1646, 1900, 509, 1342, 1285, 2791, 431, 2336, 1873, 443, 359, 1281, 2422, 312, 2889, 162, 2299, 446, 3178, 385, 387, 1206, 3328, 3225, 2164, 1650, 2314, 2549, 1968, 3400, 480, 1238, 1414, 1359, 381, 91, 939, 3201, 3278, 465, 549, 844, 1778, 523, 438, 2901, 2737, 2348, 440, 502, 1940, 1033, 2237, 3189, 207, 2546, 380, 3308, 952, 1982, 2010, 3385, 1298, 3330, 1898, 445, 1267, 2078, 345, 2254, 3126, 538, 900, 819, 3183, 1856, 2742, 3236, 1794, 1395, 3355, 469, 208, 53, 3450, 3196, 1632, 2187, 389, 3486, 3197, 2694, 3358, 150, 2599, 1354, 1049, 500, 2739, 2281, 456, 2871, 2031, 2664, 2584, 3206, 1949, 2205, 2227, 2706, 1372, 3345, 1015, 1388, 2723, 421, 1901, 1878, 243, 1394, 481, 848, 2301, 533, 1257, 1300, 3393, 833, 3365, 1426, 499, 520, 205, 2238, 2167, 2015, 470, 1288, 1979, 3260, 2320, 1790, 1830, 1268, 1520, 2354, 468, 528, 491, 2353, 571, 677, 507, 2337, 1523, 934, 2087, 2479, 2902, 850, 2218, 3337, 2308, 1504, 3205, 1276, 1482, 3397, 2497, 2043, 378, 334, 3227, 3479, 2869, 409, 1810, 2005, 282, 2162, 1941, 3181, 839, 591, 906, 3399, 452, 863, 2531, 3352, 479, 2379, 3193, 1882, 3124, 1428, 444, 1952, 2897, 2712, 3383, 3160, 2763, 1488, 606, 2732, 1899, 2325, 514, 106, 1228, 508, 1074, 190, 179, 1289, 1420, 2285, 2682, 3215, 488, 1823, 1980, 2247, 883, 490, 2269, 1795, 1793, 1307, 903, 3446, 161, 3430, 2184, 792, 3252, 2196, 2219, 2603, 623, 2125, 2821, 3175, 461, 1988, 1062, 483, 667, 2631, 2296, 1254, 3317, 417, 1357, 477, 29, 2331, 2081]

solved select: 278 in 14933.49 seconds
iteration: 0, n requested: 278, n selected: 278, selected: [1094, 2693, 2356, 3488, 2442, 1382, 1024, 2347, 126, 1989, 3204, 868, 3370, 3468, 3441, 2327, 1937, 472, 1646, 3351, 509, 1342, 1285, 2791, 431, 2336, 1873, 443, 359, 1281, 2422, 1900, 2889, 162, 2299, 446, 3178, 385, 387, 1206, 3328, 3225, 2164, 1650, 2314, 2549, 1968, 3400, 480, 1238, 1414, 1359, 381, 91, 939, 3201, 3278, 465, 549, 844, 1778, 523, 438, 2901, 2737, 2348, 440, 502, 1940, 1033, 2237, 3189, 207, 2546, 380, 3308, 952, 1982, 2010, 3385, 1298, 3330, 1898, 445, 1267, 2078, 345, 2254, 3126, 538, 900, 819, 3183, 1856, 2742, 3236, 1794, 1395, 3355, 469, 208, 53, 3450, 3196, 1632, 2187, 389, 3486, 3197, 2694, 3358, 150, 2599, 1354, 1049, 500, 2739, 2281, 456, 2871, 2031, 2664, 2584, 3206, 1949, 2205, 2227, 2706, 1372, 3345, 1015, 1388, 2723, 421, 1901, 1878, 243, 1394, 481, 848, 2301, 533, 1257, 1300, 3393, 833, 3365, 1426, 499, 520, 205, 2238, 2167, 2015, 470, 1288, 1979, 3260, 2320, 1790, 1830, 1268, 1520, 2354, 468, 528, 491, 2353, 571, 677, 507, 2337, 1523, 934, 2087, 2479, 2902, 850, 2218, 3337, 2308, 1504, 3205, 1276, 1482, 3397, 2497, 2043, 378, 334, 3227, 3479, 2869, 409, 1810, 2005, 282, 2162, 1941, 3181, 839, 591, 906, 3399, 452, 863, 2531, 3352, 479, 2379, 3193, 1882, 3124, 1428, 444, 1952, 2897, 2712, 3383, 3160, 2763, 1488, 606, 2732, 1899, 2325, 514, 106, 1228, 508, 1074, 190, 179, 1289, 1420, 2285, 2682, 3215, 488, 1823, 1980, 2247, 883, 490, 2269, 1795, 1793, 1307, 903, 3446, 161, 3430, 2184, 792, 3252, 2196, 2219, 2603, 623, 2125, 2821, 3175, 461, 1988, 1062, 483, 667, 2631, 2296, 1254, 3317, 417, 1357, 477, 29, 2331, 2081, 1892]

solved select: 279 in 15010.45 seconds
iteration: 0, n requested: 279, n selected: 279, selected: [1094, 2693, 2356, 3488, 2442, 1382, 1024, 2347, 126, 1989, 3204, 868, 3370, 3468, 3441, 2327, 1937, 472, 1646, 3351, 509, 1342, 1285, 2791, 431, 2336, 1873, 443, 359, 1281, 2422, 1900, 2889, 162, 2299, 446, 3178, 385, 387, 1206, 3328, 3225, 2164, 1650, 2314, 2549, 1968, 3400, 480, 1238, 1414, 1359, 381, 91, 939, 3201, 3278, 465, 549, 844, 1778, 523, 438, 2901, 2737, 2348, 440, 502, 1940, 1033, 2237, 3189, 207, 2546, 380, 3308, 952, 1982, 2010, 3385, 1298, 3330, 1898, 445, 1267, 2078, 345, 2254, 3126, 538, 900, 819, 3183, 1856, 2742, 3236, 1794, 1395, 3355, 469, 208, 53, 3450, 3196, 1632, 2187, 389, 3486, 3197, 2694, 3358, 150, 2599, 1354, 1049, 500, 2739, 2281, 456, 2871, 2031, 2664, 2584, 3206, 1949, 2205, 2227, 2706, 1372, 3345, 1015, 1388, 2723, 421, 1901, 1878, 243, 1394, 481, 848, 2301, 533, 1257, 1300, 3393, 833, 3365, 1426, 499, 520, 205, 2238, 2167, 2015, 470, 1288, 1979, 3260, 2320, 1790, 1830, 1268, 1520, 2354, 468, 528, 491, 2353, 571, 677, 507, 2337, 1523, 934, 2087, 2479, 2902, 850, 2218, 3337, 2308, 1504, 3205, 1276, 1482, 3397, 2497, 2043, 378, 334, 3227, 3479, 2869, 409, 1810, 2005, 282, 2162, 1941, 3181, 839, 591, 906, 3399, 452, 863, 2531, 3352, 479, 2379, 3193, 1882, 3124, 1428, 444, 1952, 2897, 2712, 3383, 3160, 2763, 1488, 606, 2732, 1899, 2325, 514, 106, 1228, 508, 1074, 190, 179, 1289, 1420, 2285, 2682, 3215, 488, 1823, 1980, 2247, 883, 490, 2269, 1795, 1793, 1307, 903, 3446, 161, 3430, 2184, 792, 3252, 2196, 2219, 2603, 623, 2125, 2821, 3175, 461, 1988, 1062, 483, 667, 2631, 2296, 1254, 3317, 417, 1357, 477, 29, 2331, 2081, 1892, 1380]

solved select: 280 in 15086.17 seconds
iteration: 0, n requested: 280, n selected: 280, selected: [1094, 2693, 2356, 3488, 2442, 1382, 1024, 2347, 126, 1989, 3204, 868, 3370, 3468, 3441, 2327, 1937, 472, 1646, 3351, 509, 1342, 1285, 2791, 431, 2336, 1873, 443, 359, 1281, 2422, 1900, 2889, 162, 2299, 446, 3178, 385, 387, 1206, 3328, 3225, 2164, 1650, 2314, 2549, 1968, 3400, 480, 1238, 1414, 1359, 381, 91, 939, 3201, 3278, 465, 549, 844, 1778, 523, 438, 2901, 2737, 2348, 440, 502, 1940, 1033, 2237, 3189, 207, 2546, 380, 3308, 952, 1982, 2010, 3385, 1298, 3330, 1898, 445, 1267, 2078, 345, 2254, 3126, 538, 900, 819, 3183, 1856, 2742, 3236, 1794, 1395, 3355, 469, 208, 53, 3450, 3196, 1632, 2187, 389, 3486, 3197, 2694, 3358, 150, 2599, 1354, 1049, 500, 2739, 2281, 456, 2871, 2031, 2664, 2584, 3206, 1949, 2205, 2227, 2706, 1372, 3345, 1015, 1388, 2723, 421, 1901, 1878, 243, 1394, 481, 848, 2301, 533, 1257, 1300, 3393, 833, 3365, 1426, 499, 520, 205, 2238, 2167, 2015, 470, 1288, 1979, 3260, 2320, 1790, 1830, 1268, 1520, 2354, 468, 528, 491, 2353, 571, 677, 507, 2337, 1523, 934, 2087, 2479, 2902, 850, 2218, 3337, 2308, 1504, 3205, 1276, 1482, 3397, 2497, 2043, 378, 334, 3227, 3479, 2869, 409, 1810, 2005, 282, 2162, 1941, 3181, 839, 591, 906, 3399, 452, 863, 2531, 3352, 479, 2379, 3193, 1882, 3124, 1428, 444, 1952, 2897, 2712, 3383, 3160, 2763, 1488, 606, 2732, 1899, 2325, 514, 106, 1228, 508, 1074, 190, 179, 1289, 1420, 2285, 2682, 3215, 488, 1823, 1980, 2247, 883, 490, 2269, 1795, 1793, 1307, 903, 3446, 161, 3430, 2184, 792, 3252, 2196, 2219, 2603, 623, 2125, 2821, 3175, 461, 1988, 1062, 483, 667, 2631, 2296, 1254, 3317, 417, 1357, 477, 29, 2331, 2081, 1892, 1380, 2262]

solved select: 281 in 15164.48 seconds
iteration: 0, n requested: 281, n selected: 281, selected: [1094, 2693, 2356, 3488, 2442, 1382, 1024, 2347, 126, 1989, 3204, 868, 3370, 3468, 3441, 2327, 1937, 472, 1646, 3351, 509, 1342, 1285, 2791, 431, 2336, 1873, 443, 359, 1281, 2422, 1900, 2889, 162, 2299, 446, 3178, 385, 387, 1206, 3328, 3225, 2164, 1650, 2314, 2549, 1968, 3400, 480, 1238, 1414, 1359, 381, 91, 939, 3201, 3278, 465, 549, 844, 1778, 523, 438, 2901, 2737, 2348, 440, 502, 1940, 1033, 2237, 3189, 207, 2546, 380, 3308, 952, 1982, 2010, 3385, 1298, 3330, 1898, 445, 1267, 2078, 345, 2254, 3126, 538, 900, 819, 3183, 1856, 2742, 3236, 1794, 1395, 3355, 469, 208, 53, 3450, 3196, 1632, 2187, 389, 3486, 3197, 2694, 3358, 150, 2599, 1354, 1049, 500, 2739, 2281, 456, 2871, 2031, 2664, 2584, 3206, 1949, 2205, 2227, 2706, 1372, 3345, 1015, 1388, 2723, 421, 1901, 1878, 243, 1394, 481, 848, 2301, 533, 1257, 1300, 3393, 833, 3365, 1426, 499, 520, 205, 2238, 2167, 2015, 470, 1288, 1979, 3260, 2320, 1790, 1830, 1268, 1520, 2354, 468, 528, 491, 2353, 571, 677, 507, 2337, 1523, 934, 2087, 2479, 2902, 850, 2218, 3337, 2308, 1504, 3205, 1276, 1482, 3397, 2497, 2043, 378, 334, 3227, 3479, 2869, 409, 1810, 2005, 282, 2162, 1941, 3181, 839, 591, 906, 3399, 452, 863, 2531, 3352, 479, 2379, 3193, 1882, 3124, 1428, 444, 1952, 2897, 2712, 3383, 3160, 2763, 1488, 606, 2732, 1899, 2325, 514, 106, 1228, 508, 1074, 190, 179, 1289, 1420, 2285, 2682, 3215, 488, 1823, 1980, 2247, 883, 490, 2269, 1795, 1793, 1307, 903, 3446, 161, 3430, 2184, 792, 3252, 2196, 2219, 2603, 623, 2125, 2821, 3175, 461, 1988, 1062, 483, 667, 2631, 2296, 1254, 3317, 417, 1357, 477, 29, 2331, 2081, 1892, 1380, 2262, 2453]

solved select: 282 in 15239.03 seconds
iteration: 0, n requested: 282, n selected: 282, selected: [1094, 2693, 2356, 3488, 2442, 1382, 1024, 2347, 126, 1989, 3204, 868, 3370, 3468, 3441, 2327, 1937, 472, 1646, 3351, 509, 1342, 1285, 2791, 431, 2336, 1873, 443, 359, 1281, 2422, 1900, 2889, 162, 2299, 446, 3178, 385, 387, 1206, 3328, 3225, 2164, 1650, 2314, 2549, 1968, 3400, 480, 1238, 1414, 1359, 381, 91, 939, 3201, 3278, 465, 549, 844, 1778, 523, 438, 2901, 2737, 2348, 440, 502, 1940, 1033, 2237, 3189, 207, 2546, 380, 3308, 952, 1982, 2010, 3385, 1298, 3330, 1898, 445, 1267, 2078, 345, 2254, 3126, 538, 900, 819, 3183, 1856, 2742, 3236, 1794, 1395, 3355, 469, 208, 53, 3450, 3196, 1632, 2187, 389, 3486, 3197, 2694, 3358, 150, 2599, 1354, 1049, 500, 2739, 2281, 456, 2871, 2031, 2664, 2584, 3206, 1949, 2205, 2227, 2706, 1372, 3345, 1015, 1388, 2723, 421, 1901, 1878, 243, 1394, 481, 848, 2301, 533, 1257, 1300, 3393, 833, 3365, 1426, 499, 520, 205, 2238, 2167, 2015, 470, 1288, 1979, 3260, 2320, 1790, 1830, 1268, 1520, 2354, 468, 528, 491, 2353, 571, 677, 507, 2337, 1523, 934, 2087, 2479, 2902, 850, 2218, 3337, 2308, 1504, 3205, 1276, 1482, 3397, 2497, 2043, 378, 334, 3227, 3479, 2869, 409, 1810, 2005, 282, 2162, 1941, 3181, 839, 591, 906, 3399, 452, 863, 2531, 3352, 479, 2379, 3193, 1882, 3124, 1428, 444, 1952, 2897, 2712, 3383, 3160, 2763, 1488, 606, 2732, 1899, 2325, 514, 106, 1228, 508, 1074, 190, 179, 1289, 1420, 2285, 2682, 3215, 488, 1823, 1980, 2247, 883, 490, 2269, 1795, 1793, 1307, 903, 3446, 161, 3430, 2184, 792, 3252, 2196, 2219, 2603, 623, 2125, 2821, 3175, 461, 1988, 1062, 483, 667, 2631, 2296, 1254, 3317, 417, 1357, 477, 29, 2331, 2081, 1892, 1380, 2262, 2453, 3401]

solved select: 283 in 15316.14 seconds
iteration: 0, n requested: 283, n selected: 283, selected: [1094, 2693, 2356, 3488, 2442, 1382, 1024, 2347, 126, 1989, 3204, 868, 3370, 3468, 3441, 2327, 1937, 472, 1646, 3351, 509, 1342, 1285, 2791, 431, 2336, 1873, 443, 359, 1281, 2422, 1900, 2889, 162, 2299, 446, 3178, 385, 387, 1206, 3328, 3225, 2164, 1650, 2314, 2549, 1968, 3400, 480, 1238, 1414, 1359, 381, 91, 939, 3201, 3278, 465, 549, 844, 1778, 523, 438, 2901, 2737, 2348, 440, 502, 1940, 1033, 2237, 3189, 207, 2546, 380, 3308, 952, 1982, 2010, 3385, 1298, 3330, 1898, 445, 1267, 2078, 345, 2254, 3126, 538, 900, 819, 3183, 1856, 2742, 3236, 1794, 1395, 3355, 469, 208, 53, 3450, 3196, 1632, 2187, 389, 3486, 3197, 2694, 3358, 150, 2599, 1354, 1049, 500, 2739, 2281, 456, 2871, 2031, 2664, 2584, 3206, 1949, 2205, 2227, 2706, 1372, 3345, 1015, 1388, 2723, 421, 1901, 1878, 243, 1394, 481, 848, 2301, 533, 1257, 1300, 3393, 833, 3365, 1426, 499, 520, 205, 2238, 2167, 2015, 470, 1288, 1979, 3260, 2320, 1790, 1830, 1268, 1520, 2354, 468, 528, 491, 2353, 571, 677, 507, 2337, 1523, 934, 2087, 2479, 2902, 850, 2218, 3337, 2308, 1504, 3205, 1276, 1482, 3397, 2497, 2043, 378, 334, 3227, 3479, 2869, 409, 1810, 2005, 282, 2162, 1941, 3181, 839, 591, 906, 3399, 452, 863, 2531, 3352, 479, 2379, 3193, 1882, 3124, 1428, 444, 1952, 2897, 2712, 3383, 3160, 2763, 1488, 606, 2732, 1899, 2325, 514, 106, 1228, 508, 1074, 190, 179, 1289, 1420, 2285, 2682, 3215, 488, 1823, 1980, 2247, 883, 490, 2269, 1795, 1793, 1307, 903, 3446, 161, 3430, 2184, 792, 3252, 2196, 2219, 2603, 623, 2125, 2821, 3175, 461, 1988, 1062, 483, 667, 2631, 2296, 1254, 3317, 417, 1357, 477, 29, 2331, 2081, 1892, 1380, 2262, 2453, 3401, 1905]

solved select: 284 in 15394.65 seconds
iteration: 0, n requested: 284, n selected: 284, selected: [1094, 2693, 2356, 3488, 2442, 1382, 1024, 2347, 126, 1989, 3204, 868, 3370, 3468, 3441, 2327, 1937, 472, 1646, 3351, 509, 1342, 1285, 2791, 431, 2336, 1873, 443, 359, 1281, 2422, 1900, 2889, 162, 2299, 446, 3178, 385, 387, 1206, 3328, 3225, 2164, 1650, 2314, 2549, 1968, 3400, 480, 1238, 1414, 1359, 381, 91, 939, 3201, 3278, 465, 549, 844, 1778, 523, 438, 2901, 2737, 2348, 440, 502, 1940, 1033, 2237, 3189, 207, 2546, 380, 3308, 952, 1982, 2010, 3385, 1298, 3330, 1898, 445, 1267, 2078, 345, 2254, 3126, 538, 900, 819, 3183, 1856, 2742, 3236, 1794, 1395, 3355, 469, 208, 53, 3450, 3196, 1632, 2187, 389, 3486, 3197, 2694, 3358, 150, 2599, 1354, 1049, 500, 2739, 2281, 456, 2871, 2031, 2664, 2584, 3206, 1949, 2205, 2227, 2706, 1372, 3345, 1015, 1388, 2723, 421, 1901, 1878, 243, 1394, 481, 848, 2301, 533, 1257, 1300, 3393, 833, 3365, 1426, 499, 520, 205, 2238, 2167, 2015, 470, 1288, 1979, 3260, 2320, 1790, 1830, 1268, 1520, 2354, 468, 528, 491, 2353, 571, 677, 507, 2337, 1523, 934, 2087, 2479, 2902, 850, 2218, 3337, 2308, 1504, 3205, 1276, 1482, 3397, 2497, 2043, 378, 334, 3227, 3479, 2869, 409, 1810, 2005, 282, 2162, 1941, 3181, 839, 591, 906, 3399, 452, 863, 2531, 3352, 479, 2379, 3193, 1882, 3124, 1428, 444, 1952, 2897, 2712, 3383, 3160, 2763, 1488, 606, 2732, 1899, 2325, 514, 106, 1228, 508, 1074, 190, 179, 1289, 1420, 2285, 2682, 3215, 488, 1823, 1980, 2247, 883, 490, 2269, 1795, 1793, 1307, 903, 3446, 161, 3430, 2184, 792, 3252, 2196, 2219, 2603, 623, 2125, 2821, 3175, 461, 1988, 1062, 483, 667, 2631, 2296, 1254, 3317, 417, 1357, 477, 29, 2331, 2081, 1892, 1380, 2262, 2453, 3401, 1905, 2018]

solved select: 285 in 15474.55 seconds
iteration: 0, n requested: 285, n selected: 285, selected: [1094, 2693, 2356, 3488, 2442, 1382, 1024, 2347, 126, 1989, 3204, 868, 3370, 3468, 3441, 2327, 1937, 472, 1646, 3351, 509, 1342, 1285, 2791, 431, 2336, 1873, 443, 359, 1281, 2422, 1900, 2889, 162, 2299, 446, 3178, 385, 387, 1206, 3328, 3225, 2164, 1650, 2314, 2549, 1968, 3400, 480, 1238, 1414, 1359, 381, 91, 939, 3201, 3278, 465, 549, 844, 1778, 523, 438, 2901, 2737, 2348, 440, 502, 1940, 1033, 2237, 3189, 207, 2546, 380, 3308, 952, 1982, 2010, 3385, 1298, 3330, 1898, 445, 1267, 2078, 345, 2254, 3126, 538, 900, 819, 3183, 1856, 2742, 3236, 1794, 1395, 3355, 469, 208, 53, 3450, 3196, 1632, 2187, 389, 3486, 3197, 2694, 3358, 150, 2599, 1354, 1049, 500, 2739, 2281, 456, 2871, 2031, 2664, 2584, 3206, 1949, 2205, 2227, 2706, 1372, 3345, 1015, 1388, 2723, 421, 1901, 1878, 243, 1394, 481, 848, 2301, 533, 1257, 1300, 3393, 833, 3365, 1426, 499, 520, 205, 2238, 2167, 2015, 470, 1288, 1979, 3260, 2320, 1790, 1830, 1268, 1520, 2354, 468, 528, 491, 2353, 571, 677, 507, 2337, 1523, 934, 2087, 2479, 2902, 850, 2218, 3337, 2308, 1504, 3205, 1276, 1482, 3397, 2497, 2043, 378, 334, 3227, 3479, 2869, 409, 1810, 2005, 282, 2162, 1941, 3181, 839, 591, 906, 3399, 452, 863, 2531, 3352, 479, 2379, 3193, 1882, 3124, 1428, 444, 1952, 2897, 2712, 3383, 3160, 2763, 1488, 606, 2732, 1899, 2325, 514, 106, 1228, 508, 1074, 190, 179, 1289, 1420, 2285, 2682, 3215, 488, 1823, 1980, 2247, 883, 490, 2269, 1795, 1793, 1307, 903, 3446, 161, 3430, 2184, 792, 3252, 2196, 2219, 2603, 623, 2125, 2821, 3175, 461, 1988, 1062, 483, 667, 2631, 2296, 1254, 3317, 417, 1357, 477, 29, 2331, 2081, 1892, 1380, 2262, 2453, 3401, 1905, 2018, 2405]

solved select: 286 in 15553.78 seconds
iteration: 0, n requested: 286, n selected: 286, selected: [1094, 2693, 2356, 3488, 2442, 1382, 1024, 2347, 126, 1989, 3204, 868, 3370, 3468, 3441, 2327, 1937, 472, 1646, 3351, 509, 1342, 1285, 2791, 431, 2336, 1873, 443, 359, 1281, 2422, 1900, 2889, 162, 2299, 446, 3178, 385, 387, 1206, 3328, 3225, 2164, 1650, 2314, 2549, 1968, 3400, 480, 1238, 1414, 1359, 381, 91, 939, 3201, 3278, 465, 549, 844, 1778, 523, 438, 2901, 2737, 2348, 440, 502, 1940, 1033, 2237, 3189, 207, 2546, 380, 3308, 952, 1982, 2010, 3385, 1298, 3330, 1898, 445, 1267, 2078, 345, 2254, 3126, 538, 900, 819, 3183, 1856, 2742, 3236, 1794, 1395, 3355, 469, 208, 53, 3450, 3196, 1632, 2187, 389, 3486, 3197, 2694, 3358, 150, 2599, 1354, 1049, 500, 2739, 2281, 456, 2871, 2031, 2664, 2584, 3206, 1949, 2205, 2227, 2706, 1372, 3345, 1015, 1388, 2723, 421, 1901, 1878, 243, 1394, 481, 848, 2301, 533, 1257, 1300, 3393, 833, 3365, 1426, 499, 520, 205, 2238, 2167, 2015, 470, 1288, 1979, 3260, 2320, 1790, 1830, 1268, 1520, 2354, 468, 528, 491, 2353, 571, 677, 507, 2337, 1523, 934, 2087, 2479, 2902, 850, 2218, 3337, 2308, 1504, 3205, 1276, 1482, 3397, 2497, 2043, 378, 334, 3227, 3479, 2869, 409, 1810, 2005, 282, 2162, 1941, 3181, 839, 591, 906, 3399, 452, 863, 2531, 3352, 479, 2379, 3193, 1882, 3124, 1428, 444, 1952, 2897, 2712, 3383, 3160, 2763, 1488, 606, 2732, 1899, 2325, 514, 106, 1228, 508, 1074, 190, 179, 1289, 1420, 2285, 2682, 3215, 488, 1823, 1980, 2247, 883, 490, 2269, 1795, 1793, 1307, 903, 3446, 161, 3430, 2184, 792, 3252, 2196, 2219, 2603, 623, 2125, 2821, 3175, 461, 1988, 1062, 483, 667, 2631, 2296, 1254, 3317, 417, 1357, 477, 29, 2331, 2081, 1892, 1380, 2262, 2453, 3401, 1905, 2018, 2405, 2726]

solved select: 287 in 15631.88 seconds
iteration: 0, n requested: 287, n selected: 287, selected: [1094, 2693, 2356, 3488, 2442, 1382, 1024, 2347, 126, 1989, 3204, 868, 3370, 3468, 3441, 2327, 1937, 472, 1646, 3351, 509, 1342, 1285, 2791, 431, 2336, 1873, 443, 359, 1281, 2422, 1900, 2889, 162, 2299, 446, 3178, 385, 387, 1206, 3328, 3225, 2164, 1650, 2314, 2549, 1968, 3400, 480, 1238, 1414, 1359, 381, 91, 939, 3201, 3278, 465, 549, 844, 1778, 523, 438, 2901, 2737, 2348, 440, 502, 1940, 1033, 2237, 3189, 207, 2546, 380, 3308, 952, 1982, 2010, 3385, 1298, 3330, 1898, 445, 1267, 2078, 345, 2254, 3126, 538, 900, 819, 3183, 1856, 2742, 3236, 1794, 1395, 3355, 469, 208, 53, 3450, 3196, 1632, 2187, 389, 3486, 3197, 2694, 3358, 150, 2599, 1354, 1049, 500, 2739, 2281, 456, 2871, 2031, 2664, 2584, 3206, 1949, 2205, 2227, 2706, 1372, 3345, 1015, 1388, 2723, 421, 1901, 1878, 243, 1394, 481, 848, 2301, 533, 1257, 1300, 3393, 833, 3365, 1426, 499, 520, 205, 2238, 2167, 2015, 470, 1288, 1979, 3260, 2320, 1790, 1830, 1268, 1520, 2354, 468, 528, 491, 2353, 571, 677, 507, 2337, 1523, 934, 2087, 2479, 2902, 850, 2218, 3337, 2308, 1504, 3205, 1276, 1482, 3397, 2497, 2043, 378, 334, 3227, 3479, 2869, 409, 1810, 2005, 282, 2162, 1941, 3181, 839, 591, 906, 3399, 452, 863, 2531, 3352, 479, 2379, 3193, 1882, 3124, 1428, 444, 1952, 2897, 2712, 3383, 3160, 2763, 1488, 606, 2732, 1899, 2325, 514, 106, 1228, 508, 1074, 190, 179, 1289, 1420, 2285, 2682, 3215, 488, 1823, 1980, 2247, 883, 490, 2269, 1795, 1793, 1307, 903, 3446, 161, 3430, 2184, 792, 3252, 2196, 2219, 2603, 623, 2125, 2821, 3175, 461, 1988, 1062, 483, 667, 2631, 2296, 1254, 3317, 417, 1357, 477, 29, 2331, 2081, 1892, 1380, 2262, 2453, 3401, 1905, 2018, 2405, 2726, 998]

solved select: 288 in 15709.87 seconds
iteration: 0, n requested: 288, n selected: 288, selected: [1094, 2693, 2356, 3488, 2442, 1382, 1024, 2347, 126, 1989, 3204, 868, 3370, 3468, 3441, 2327, 1937, 472, 1646, 3351, 509, 1342, 1285, 2791, 431, 2336, 1873, 443, 359, 1281, 2422, 1900, 2889, 162, 2299, 446, 3178, 385, 387, 1206, 3328, 3225, 2164, 1650, 2314, 2549, 1968, 3400, 480, 1238, 1414, 1359, 381, 91, 939, 3201, 3278, 465, 549, 844, 1778, 523, 438, 2901, 2737, 2348, 440, 502, 1940, 1033, 2237, 3189, 207, 2546, 380, 3308, 952, 1982, 2010, 3385, 1298, 3330, 1898, 445, 1267, 2078, 345, 2254, 3126, 538, 900, 819, 3183, 1856, 2742, 3236, 1794, 1395, 3355, 469, 208, 53, 3450, 3196, 1632, 2187, 389, 3486, 3197, 2694, 3358, 150, 2599, 1354, 1049, 500, 2739, 2281, 456, 2871, 2031, 2664, 2584, 3206, 1949, 2205, 2227, 2706, 1372, 3345, 1015, 1388, 2723, 421, 1901, 1878, 243, 1394, 481, 848, 2301, 533, 1257, 1300, 3393, 833, 3365, 1426, 499, 520, 205, 2238, 2167, 2015, 470, 1288, 1979, 3260, 2320, 1790, 1830, 1268, 1520, 2354, 468, 528, 491, 2353, 571, 677, 507, 2337, 1523, 934, 2087, 2479, 2902, 850, 2218, 3337, 2308, 1504, 3205, 1276, 1482, 3397, 2497, 2043, 378, 334, 3227, 3479, 2869, 409, 1810, 2005, 282, 2162, 1941, 3181, 839, 591, 906, 3399, 452, 863, 2531, 3352, 479, 2379, 3193, 1882, 3124, 1428, 444, 1952, 2897, 2712, 3383, 3160, 2763, 1488, 606, 2732, 1899, 2325, 514, 106, 1228, 508, 1074, 190, 179, 1289, 1420, 2285, 2682, 3215, 488, 1823, 1980, 2247, 883, 490, 2269, 1795, 1793, 1307, 903, 3446, 161, 3430, 2184, 792, 3252, 2196, 2219, 2603, 623, 2125, 2821, 3175, 461, 1988, 1062, 483, 667, 2631, 2296, 1254, 3317, 417, 1357, 477, 29, 2331, 2081, 1892, 1380, 2262, 2453, 3401, 1905, 2018, 2405, 2726, 998, 1970]

solved select: 289 in 15789.50 seconds
iteration: 0, n requested: 289, n selected: 289, selected: [1094, 2693, 2356, 3488, 2442, 1382, 1024, 2347, 126, 1989, 3204, 868, 3370, 3468, 3441, 2327, 1937, 472, 1646, 3351, 509, 1342, 1285, 2791, 431, 2336, 1873, 443, 359, 1281, 2422, 1900, 2889, 162, 2299, 446, 3178, 385, 387, 1206, 3328, 3225, 2164, 1650, 2314, 2549, 1968, 3400, 480, 1238, 1414, 1359, 381, 91, 939, 3201, 3278, 465, 549, 844, 1778, 523, 438, 2901, 2737, 2348, 440, 502, 1940, 1033, 2237, 3189, 207, 2546, 380, 3308, 952, 1982, 2010, 3385, 1298, 3330, 1898, 445, 1267, 2078, 345, 2254, 3126, 538, 900, 819, 3183, 1856, 2742, 3236, 1794, 1395, 3355, 469, 208, 53, 3450, 3196, 1632, 2187, 389, 3486, 3197, 2694, 3358, 150, 2599, 1354, 1049, 500, 2739, 2281, 456, 2871, 2031, 2664, 2584, 3206, 1949, 2205, 2227, 2706, 1372, 3345, 1015, 1388, 2723, 421, 1901, 1878, 243, 1394, 481, 848, 2301, 533, 1257, 1300, 3393, 833, 3365, 1426, 499, 520, 205, 2238, 2167, 2015, 470, 1288, 1979, 3260, 2320, 1790, 1830, 1268, 1520, 2354, 468, 528, 491, 2353, 571, 677, 507, 2337, 1523, 934, 2087, 2479, 2902, 850, 2218, 3337, 2308, 1504, 3205, 1276, 1482, 3397, 2497, 2043, 378, 334, 3227, 3479, 2869, 409, 1810, 2005, 282, 2162, 1941, 3181, 839, 591, 906, 3399, 452, 863, 2531, 3352, 479, 2379, 3193, 1882, 3124, 1428, 444, 1952, 2897, 2712, 3383, 3160, 2763, 1488, 606, 2732, 1899, 2325, 514, 106, 1228, 508, 1074, 190, 179, 1289, 1420, 2285, 2682, 3215, 488, 1823, 1980, 2247, 883, 490, 2269, 1795, 1793, 1307, 903, 3446, 161, 3430, 2184, 792, 3252, 2196, 2219, 2603, 623, 2125, 2821, 3175, 461, 1988, 1062, 483, 667, 2631, 2296, 1254, 3317, 417, 1357, 477, 29, 2331, 2081, 1892, 1380, 2262, 2453, 3401, 1905, 2018, 2405, 2726, 998, 1970, 436]

solved select: 290 in 15870.22 seconds
iteration: 0, n requested: 290, n selected: 290, selected: [1094, 2693, 2356, 3488, 2442, 1382, 1024, 2347, 126, 1989, 3204, 868, 3370, 3468, 3441, 2327, 1937, 472, 1646, 3351, 509, 1342, 1285, 2791, 431, 2336, 1873, 443, 359, 1281, 2422, 1900, 2889, 162, 2299, 446, 3178, 385, 387, 1206, 3328, 3225, 2164, 1650, 2314, 2549, 1968, 3400, 480, 1238, 1414, 1359, 381, 91, 939, 3201, 3278, 465, 549, 844, 1778, 523, 438, 2901, 2737, 2348, 440, 502, 1940, 1033, 2237, 3189, 207, 2546, 380, 3308, 952, 1982, 2010, 3385, 1298, 3330, 1898, 445, 1267, 2078, 345, 2254, 3126, 538, 900, 819, 3183, 1856, 2742, 3236, 1794, 1395, 3355, 469, 208, 53, 3450, 3196, 1632, 2187, 389, 3486, 3197, 2694, 3358, 150, 2599, 1354, 1049, 500, 2739, 2281, 456, 2871, 2031, 2664, 2584, 3206, 1949, 2205, 2227, 2706, 1372, 3345, 1015, 1388, 2723, 421, 1901, 1878, 243, 1394, 481, 848, 2301, 533, 1257, 1300, 3393, 833, 3365, 1426, 499, 520, 205, 2238, 2167, 2015, 470, 1288, 1979, 3260, 2320, 1790, 1830, 1268, 1520, 2354, 468, 528, 491, 2353, 571, 677, 507, 2337, 1523, 934, 2087, 2479, 2902, 850, 2218, 3337, 2308, 1504, 3205, 1276, 1482, 3397, 2497, 2043, 378, 334, 3227, 3479, 2869, 409, 1810, 2005, 282, 2162, 1941, 3181, 839, 591, 906, 3399, 452, 863, 2531, 3352, 479, 2379, 3193, 1882, 3124, 1428, 444, 1952, 2897, 2712, 3383, 3160, 2763, 1488, 606, 2732, 1899, 2325, 514, 106, 1228, 508, 1074, 190, 179, 1289, 1420, 2285, 2682, 3215, 488, 1823, 1980, 2247, 883, 490, 2269, 1795, 1793, 1307, 903, 3446, 161, 3430, 2184, 792, 3252, 2196, 2219, 2603, 623, 2125, 2821, 3175, 461, 1988, 1062, 483, 667, 2631, 2296, 1254, 3317, 417, 1357, 477, 29, 2331, 2081, 1892, 1380, 2262, 2453, 3401, 1905, 2018, 2405, 2726, 998, 1970, 436, 504]

solved select: 291 in 15949.52 seconds
iteration: 0, n requested: 291, n selected: 291, selected: [1094, 2693, 2356, 3488, 2442, 1382, 1024, 2347, 126, 1989, 3204, 868, 3370, 3468, 3441, 2327, 1937, 472, 1646, 3351, 509, 1342, 1285, 2791, 431, 2336, 1873, 443, 359, 1281, 2422, 1900, 2889, 162, 2299, 446, 3178, 385, 387, 1206, 3328, 3225, 2164, 1650, 2314, 2549, 1968, 3400, 480, 1238, 1414, 1359, 381, 91, 939, 3201, 3278, 465, 549, 844, 1778, 523, 438, 2901, 2737, 2348, 440, 502, 1940, 1033, 2237, 3189, 207, 2546, 380, 3308, 952, 1982, 2010, 3385, 1298, 3330, 1898, 445, 1267, 2078, 345, 2254, 3126, 538, 900, 819, 3183, 1856, 2742, 3236, 1794, 1395, 3355, 469, 208, 53, 3450, 3196, 1632, 2187, 389, 3486, 3197, 2694, 3358, 150, 2599, 1354, 1049, 500, 2739, 2281, 456, 2871, 2031, 2664, 2584, 3206, 1949, 2205, 2227, 2706, 1372, 3345, 1015, 1388, 2723, 421, 1901, 1878, 243, 1394, 481, 848, 2301, 533, 1257, 1300, 3393, 833, 3365, 1426, 499, 520, 205, 2238, 2167, 2015, 470, 1288, 1979, 3260, 2320, 1790, 1830, 1268, 1520, 2354, 468, 528, 491, 2353, 571, 677, 507, 2337, 1523, 934, 2087, 2479, 2902, 850, 2218, 3337, 2308, 1504, 3205, 1276, 1482, 3397, 2497, 2043, 378, 334, 3227, 3479, 2869, 409, 1810, 2005, 282, 2162, 1941, 3181, 839, 591, 906, 3399, 452, 863, 2531, 3352, 479, 2379, 3193, 1882, 3124, 1428, 444, 1952, 2897, 2712, 3383, 3160, 2763, 1488, 606, 2732, 1899, 2325, 514, 106, 1228, 508, 1074, 190, 179, 1289, 1420, 2285, 2682, 3215, 488, 1823, 1980, 2247, 883, 490, 2269, 1795, 1793, 1307, 903, 3446, 161, 3430, 2184, 792, 3252, 2196, 2219, 2603, 623, 2125, 2821, 3175, 461, 1988, 1062, 483, 667, 2631, 2296, 1254, 3317, 417, 1357, 477, 29, 2331, 2081, 1892, 1380, 2262, 2453, 3401, 1905, 2018, 2405, 2726, 998, 1970, 436, 504, 390]

solved select: 292 in 16029.60 seconds
iteration: 0, n requested: 292, n selected: 292, selected: [1094, 2693, 2356, 3488, 2442, 1382, 1024, 2347, 126, 1989, 3204, 868, 3370, 3468, 3441, 2327, 1937, 472, 1646, 3351, 509, 1342, 1285, 2791, 431, 2336, 1873, 443, 359, 1281, 2422, 1900, 2889, 162, 2299, 446, 3178, 385, 387, 1206, 3328, 3225, 2164, 1650, 2314, 2549, 1968, 3400, 480, 1238, 1414, 1359, 381, 91, 939, 3201, 3278, 465, 549, 844, 1778, 523, 438, 2901, 2737, 2348, 440, 502, 1940, 1033, 2237, 3189, 207, 2546, 380, 3308, 952, 1982, 2010, 3385, 1298, 3330, 1898, 445, 1267, 2078, 345, 2254, 3126, 538, 900, 819, 3183, 1856, 2742, 3236, 1794, 1395, 3355, 469, 208, 53, 3450, 3196, 1632, 2187, 389, 3486, 3197, 2694, 3358, 150, 2599, 1354, 1049, 500, 2739, 2281, 456, 2871, 2031, 2664, 2584, 3206, 1949, 2205, 2227, 2706, 1372, 3345, 1015, 1388, 2723, 421, 1901, 1878, 243, 1394, 481, 848, 2301, 533, 1257, 1300, 3393, 833, 3365, 1426, 499, 520, 205, 2238, 2167, 2015, 470, 1288, 1979, 3260, 2320, 1790, 1830, 1268, 1520, 2354, 468, 528, 491, 2353, 571, 677, 507, 2337, 1523, 934, 2087, 2479, 2902, 850, 2218, 3337, 2308, 1504, 3205, 1276, 1482, 3397, 2497, 2043, 378, 334, 3227, 3479, 2869, 409, 1810, 2005, 282, 2162, 1941, 3181, 839, 591, 906, 3399, 452, 863, 2531, 3352, 479, 2379, 3193, 1882, 3124, 1428, 444, 1952, 2897, 2712, 3383, 3160, 2763, 1488, 606, 2732, 1899, 2325, 514, 106, 1228, 508, 1074, 190, 179, 1289, 1420, 2285, 2682, 3215, 488, 1823, 1980, 2247, 883, 490, 2269, 1795, 1793, 1307, 903, 3446, 161, 3430, 2184, 792, 3252, 2196, 2219, 2603, 623, 2125, 2821, 3175, 461, 1988, 1062, 483, 667, 2631, 2296, 1254, 3317, 417, 1357, 477, 29, 2331, 2081, 1892, 1380, 2262, 2453, 3401, 1905, 2018, 2405, 2726, 998, 1970, 436, 504, 390, 269]

solved select: 293 in 16112.82 seconds
iteration: 0, n requested: 293, n selected: 293, selected: [1094, 2693, 2356, 3488, 2442, 1382, 1024, 2347, 126, 1989, 3204, 868, 3370, 3468, 3441, 2327, 1937, 472, 1646, 3351, 509, 1342, 1285, 2791, 431, 2336, 1873, 443, 359, 1281, 2422, 1900, 2889, 162, 2299, 446, 3178, 385, 387, 1206, 3328, 3225, 2164, 1650, 2314, 2549, 1968, 3400, 480, 1238, 1414, 1359, 381, 91, 939, 3201, 3278, 465, 549, 844, 1778, 523, 438, 2901, 2737, 2348, 440, 502, 1940, 1033, 2237, 3189, 207, 2546, 380, 3308, 952, 1982, 2010, 3385, 1298, 3330, 1898, 445, 1267, 2078, 345, 2254, 3126, 538, 900, 819, 3183, 1856, 2742, 3236, 1794, 1395, 3355, 469, 208, 53, 3450, 3196, 1632, 2187, 389, 3486, 3197, 2694, 3358, 150, 2599, 1354, 1049, 500, 2739, 2281, 456, 2871, 2031, 2664, 2584, 3206, 1949, 2205, 2227, 2706, 1372, 3345, 1015, 1388, 2723, 421, 1901, 1878, 243, 1394, 481, 848, 2301, 533, 1257, 1300, 3393, 833, 3365, 1426, 499, 520, 205, 2238, 2167, 2015, 470, 1288, 1979, 3260, 2320, 1790, 1830, 1268, 1520, 2354, 468, 528, 491, 2353, 571, 677, 507, 2337, 1523, 934, 2087, 2479, 2902, 850, 2218, 3337, 2308, 1504, 3205, 1276, 1482, 3397, 2497, 2043, 378, 334, 3227, 3479, 2869, 409, 1810, 2005, 282, 2162, 1941, 3181, 839, 591, 906, 3399, 452, 863, 2531, 3352, 479, 2379, 3193, 1882, 3124, 1428, 444, 1952, 2897, 2712, 3383, 3160, 2763, 1488, 606, 2732, 1899, 2325, 514, 106, 1228, 508, 1074, 190, 179, 1289, 1420, 2285, 2682, 3215, 488, 1823, 1980, 2247, 883, 490, 2269, 1795, 1793, 1307, 903, 3446, 161, 3430, 2184, 792, 3252, 2196, 2219, 2603, 623, 2125, 2821, 3175, 461, 1988, 1062, 483, 667, 2631, 2296, 1254, 3317, 417, 1357, 477, 29, 2331, 2081, 1892, 1380, 2262, 2453, 3401, 1905, 2018, 2405, 2726, 998, 1970, 436, 504, 390, 269, 3241]

solved select: 294 in 16192.64 seconds
iteration: 0, n requested: 294, n selected: 294, selected: [1094, 2693, 2356, 3488, 2442, 1382, 1024, 2347, 126, 1989, 3204, 868, 3370, 3468, 3441, 2327, 1937, 472, 1646, 3351, 509, 1342, 1285, 2791, 431, 2336, 1873, 443, 359, 1281, 2422, 1900, 2889, 162, 2299, 446, 3178, 385, 387, 1206, 3328, 3225, 2164, 1650, 2314, 2549, 1968, 3400, 480, 1238, 1414, 1359, 381, 91, 939, 3201, 3278, 465, 549, 844, 1778, 523, 438, 2901, 2737, 2348, 440, 502, 1940, 1033, 2237, 3189, 207, 2546, 380, 3308, 952, 1982, 2010, 3385, 1298, 3330, 1898, 445, 1267, 2078, 345, 2254, 3126, 538, 900, 819, 3183, 1856, 2742, 3236, 1794, 1395, 3355, 469, 208, 53, 3450, 3196, 1632, 2187, 389, 3486, 3197, 2694, 3358, 150, 2599, 1354, 1049, 500, 2739, 2281, 456, 2871, 2031, 2664, 2584, 3206, 1949, 2205, 2227, 2706, 1372, 3345, 1015, 1388, 2723, 421, 1901, 1878, 243, 1394, 481, 848, 2301, 533, 1257, 1300, 3393, 833, 3365, 1426, 499, 520, 205, 2238, 2167, 2015, 470, 1288, 1979, 3260, 2320, 1790, 1830, 1268, 1520, 2354, 468, 528, 491, 2353, 571, 677, 507, 2337, 1523, 934, 2087, 2479, 2902, 850, 2218, 3337, 2308, 1504, 3205, 1276, 1482, 3397, 2497, 2043, 378, 334, 3227, 3479, 2869, 409, 1810, 2005, 282, 2162, 1941, 3181, 839, 591, 906, 3399, 452, 863, 2531, 3352, 479, 2379, 3193, 1882, 3124, 1428, 444, 1952, 2897, 2712, 3383, 3160, 2763, 1488, 606, 2732, 1899, 2325, 514, 106, 1228, 508, 1074, 190, 179, 1289, 1420, 2285, 2682, 3215, 488, 1823, 1980, 2247, 883, 490, 2269, 1795, 1793, 1307, 903, 3446, 161, 3430, 2184, 792, 3252, 2196, 2219, 2603, 623, 2125, 2821, 3175, 461, 1988, 1062, 483, 667, 2631, 2296, 1254, 3317, 417, 1357, 477, 29, 2331, 2081, 1892, 1380, 2262, 2453, 3401, 1905, 2018, 2405, 2726, 998, 1970, 436, 504, 390, 269, 3241, 1752]

solved select: 295 in 16273.07 seconds
iteration: 0, n requested: 295, n selected: 295, selected: [1094, 2693, 2356, 3488, 2442, 1382, 1024, 2347, 126, 1989, 3204, 868, 3370, 3468, 3441, 2327, 1937, 472, 1646, 3351, 509, 1342, 1285, 2791, 431, 2336, 1873, 443, 359, 1281, 2422, 1900, 2889, 162, 2299, 446, 3178, 385, 387, 1206, 3328, 3225, 2164, 1650, 2314, 2549, 1968, 3400, 480, 1238, 1414, 1359, 381, 91, 939, 3201, 3278, 465, 549, 844, 1778, 523, 438, 2901, 2737, 2348, 440, 502, 1940, 1033, 2237, 3189, 207, 2546, 380, 3308, 952, 1982, 2010, 3385, 1298, 3330, 1898, 445, 1267, 2078, 345, 2254, 3126, 538, 900, 819, 3183, 1856, 2742, 3236, 1794, 1395, 3355, 469, 208, 53, 3450, 3196, 1632, 2187, 389, 3486, 3197, 2694, 3358, 150, 2599, 1354, 1049, 500, 2739, 2281, 456, 2871, 2031, 2664, 2584, 3206, 1949, 2205, 2227, 2706, 1372, 3345, 1015, 1388, 2723, 421, 1901, 1878, 243, 1394, 481, 848, 2301, 533, 1257, 1300, 3393, 833, 3365, 1426, 499, 520, 205, 2238, 2167, 2015, 470, 1288, 1979, 3260, 2320, 1790, 1830, 1268, 1520, 2354, 468, 528, 491, 2353, 571, 677, 507, 2337, 1523, 934, 2087, 2479, 2902, 850, 2218, 3337, 2308, 1504, 3205, 1276, 1482, 3397, 2497, 2043, 378, 334, 3227, 3479, 2869, 409, 1810, 2005, 282, 2162, 1941, 3181, 839, 591, 906, 3399, 452, 863, 2531, 3352, 479, 2379, 3193, 1882, 3124, 1428, 444, 1952, 2897, 2712, 3383, 3160, 2763, 1488, 606, 2732, 1899, 2325, 514, 106, 1228, 508, 1074, 190, 179, 1289, 1420, 2285, 2682, 3215, 488, 1823, 1980, 2247, 883, 490, 2269, 1795, 1793, 1307, 903, 3446, 161, 3430, 2184, 792, 3252, 2196, 2219, 2603, 623, 2125, 2821, 3175, 461, 1988, 1062, 483, 667, 2631, 2296, 1254, 3317, 417, 1357, 477, 29, 2331, 2081, 1892, 1380, 2262, 2453, 3401, 1905, 2018, 2405, 2726, 998, 1970, 436, 504, 390, 269, 3241, 1752, 2676]

solved select: 296 in 16355.91 seconds
iteration: 0, n requested: 296, n selected: 296, selected: [1094, 2693, 2356, 3488, 2442, 1382, 1024, 2347, 126, 1989, 3204, 868, 3370, 3468, 3441, 2327, 1937, 472, 1646, 3351, 509, 1342, 1285, 2791, 431, 2336, 1873, 443, 359, 1281, 2422, 1900, 2889, 162, 2299, 446, 3178, 385, 387, 1206, 3328, 3225, 2164, 1650, 2314, 2549, 1968, 3400, 480, 1238, 1414, 1359, 381, 91, 939, 3201, 3278, 465, 549, 844, 1778, 523, 438, 2901, 2737, 2348, 440, 502, 1940, 1033, 2237, 3189, 207, 2546, 380, 3308, 952, 1982, 2010, 3385, 1298, 3330, 1898, 445, 1267, 2078, 345, 2254, 3126, 538, 900, 819, 3183, 1856, 2742, 3236, 1794, 1395, 3355, 469, 208, 53, 3450, 3196, 1632, 2187, 389, 3486, 3197, 2694, 3358, 150, 2599, 1354, 1049, 500, 2739, 2281, 456, 2871, 2031, 2664, 2584, 3206, 1949, 2205, 2227, 2706, 1372, 3345, 1015, 1388, 2723, 421, 1901, 1878, 243, 1394, 481, 848, 2301, 533, 1257, 1300, 3393, 833, 3365, 1426, 499, 520, 205, 2238, 2167, 2015, 470, 1288, 1979, 3260, 2320, 1790, 1830, 1268, 1520, 2354, 468, 528, 491, 2353, 571, 677, 507, 2337, 1523, 934, 2087, 2479, 2902, 850, 2218, 3337, 2308, 1504, 3205, 1276, 1482, 3397, 2497, 2043, 378, 334, 3227, 3479, 2869, 409, 1810, 2005, 282, 2162, 1941, 3181, 839, 591, 906, 3399, 452, 863, 2531, 3352, 479, 2379, 3193, 1882, 3124, 1428, 444, 1952, 2897, 2712, 3383, 3160, 2763, 1488, 606, 2732, 1899, 2325, 514, 106, 1228, 508, 1074, 190, 179, 1289, 1420, 2285, 2682, 3215, 488, 1823, 1980, 2247, 883, 490, 2269, 1795, 1793, 1307, 903, 3446, 161, 3430, 2184, 792, 3252, 2196, 2219, 2603, 623, 2125, 2821, 3175, 461, 1988, 1062, 483, 667, 2631, 2296, 1254, 3317, 417, 1357, 477, 29, 2331, 2081, 1892, 1380, 2262, 2453, 3401, 1905, 2018, 2405, 2726, 998, 1970, 436, 504, 390, 269, 3241, 1752, 2676, 86]

solved select: 297 in 16436.51 seconds
iteration: 0, n requested: 297, n selected: 297, selected: [1094, 2693, 2356, 3488, 2442, 1382, 1024, 2347, 126, 1989, 3204, 868, 3370, 3468, 3441, 2327, 1937, 472, 1646, 3351, 509, 1342, 1285, 2791, 431, 2336, 1873, 443, 359, 1281, 2422, 1900, 2889, 162, 2299, 446, 3178, 385, 387, 1206, 3328, 3225, 2164, 1650, 2314, 2549, 1968, 3400, 480, 1238, 1414, 1359, 381, 91, 939, 3201, 3278, 465, 549, 844, 1778, 523, 438, 2901, 2737, 2348, 440, 502, 1940, 1033, 2237, 3189, 207, 2546, 380, 3308, 952, 1982, 2010, 3385, 1298, 3330, 1898, 445, 1267, 2078, 345, 2254, 3126, 538, 900, 819, 3183, 1856, 2742, 3236, 1794, 1395, 3355, 469, 208, 53, 3450, 3196, 1632, 2187, 389, 3486, 3197, 2694, 3358, 150, 2599, 1354, 1049, 500, 2739, 2281, 456, 2871, 2031, 2664, 2584, 3206, 1949, 2205, 2227, 2706, 1372, 3345, 1015, 1388, 2723, 421, 1901, 1878, 243, 1394, 481, 848, 2301, 533, 1257, 1300, 3393, 833, 3365, 1426, 499, 520, 205, 2238, 2167, 2015, 470, 1288, 1979, 3260, 2320, 1790, 1830, 1268, 1520, 2354, 468, 528, 491, 2353, 571, 677, 507, 2337, 1523, 934, 2087, 2479, 2902, 850, 2218, 3337, 2308, 1504, 3205, 1276, 1482, 3397, 2497, 2043, 378, 334, 3227, 3479, 2869, 409, 1810, 2005, 282, 2162, 1941, 3181, 839, 591, 906, 3399, 452, 863, 2531, 3352, 479, 2379, 3193, 1882, 3124, 1428, 444, 1952, 2897, 2712, 3383, 3160, 2763, 1488, 606, 2732, 1899, 2325, 514, 106, 1228, 508, 1074, 190, 179, 1289, 1420, 2285, 2682, 3215, 488, 1823, 1980, 2247, 883, 490, 2269, 1795, 1793, 1307, 903, 3446, 161, 3430, 2184, 792, 3252, 2196, 2219, 2603, 623, 2125, 2821, 3175, 461, 1988, 1062, 483, 667, 2631, 2296, 1254, 3317, 417, 1357, 477, 29, 2331, 2081, 1892, 1380, 2262, 2453, 3401, 1905, 2018, 2405, 2726, 998, 1970, 436, 504, 390, 269, 3241, 1752, 2676, 86, 439]

solved select: 298 in 16520.93 seconds
iteration: 0, n requested: 298, n selected: 298, selected: [1094, 2693, 2356, 3488, 2442, 1382, 1024, 2347, 126, 1989, 3204, 868, 3370, 3468, 3441, 2327, 1937, 472, 1646, 3351, 509, 1342, 1285, 2791, 431, 2336, 1873, 443, 359, 1281, 2422, 1900, 2889, 162, 2299, 446, 3178, 385, 387, 1206, 3328, 3225, 2164, 1650, 2314, 2549, 1968, 3400, 480, 1238, 1414, 1359, 381, 91, 939, 3201, 3278, 465, 549, 844, 1778, 523, 438, 2901, 2737, 2348, 440, 502, 1940, 1033, 2237, 3189, 207, 2546, 380, 3308, 952, 1982, 2010, 3385, 1298, 3330, 1898, 445, 1267, 2078, 345, 2254, 3126, 538, 900, 819, 3183, 1856, 2742, 3236, 1794, 1395, 3355, 469, 208, 53, 3450, 3196, 1632, 2187, 389, 3486, 3197, 2694, 3358, 150, 2599, 1354, 1049, 500, 2739, 2281, 456, 2871, 2031, 2664, 2584, 3206, 1949, 2205, 2227, 2706, 1372, 3345, 1015, 1388, 2723, 421, 1901, 1878, 243, 1394, 481, 848, 2301, 533, 1257, 1300, 3393, 833, 3365, 1426, 499, 520, 205, 2238, 2167, 2015, 470, 1288, 1979, 3260, 2320, 1790, 1830, 1268, 1520, 2354, 468, 528, 491, 2353, 571, 677, 507, 2337, 1523, 934, 2087, 2479, 2902, 850, 2218, 3337, 2308, 1504, 3205, 1276, 1482, 3397, 2497, 2043, 378, 334, 3227, 3479, 2869, 409, 1810, 2005, 282, 2162, 1941, 3181, 839, 591, 906, 3399, 452, 863, 2531, 3352, 479, 2379, 3193, 1882, 3124, 1428, 444, 1952, 2897, 2712, 3383, 3160, 2763, 1488, 606, 2732, 1899, 2325, 514, 106, 1228, 508, 1074, 190, 179, 1289, 1420, 2285, 2682, 3215, 488, 1823, 1980, 2247, 883, 490, 2269, 1795, 1793, 1307, 903, 3446, 161, 3430, 2184, 792, 3252, 2196, 2219, 2603, 623, 2125, 2821, 3175, 461, 1988, 1062, 483, 667, 2631, 2296, 1254, 3317, 417, 1357, 477, 29, 2331, 2081, 1892, 1380, 2262, 2453, 3401, 1905, 2018, 2405, 2726, 998, 1970, 436, 504, 390, 269, 3241, 1752, 2676, 86, 439, 1826]

solved select: 299 in 16603.51 seconds
iteration: 0, n requested: 299, n selected: 299, selected: [1094, 2693, 2356, 3488, 2442, 1382, 1024, 2347, 126, 1989, 3204, 868, 3370, 3468, 3441, 2327, 1937, 472, 1646, 3351, 509, 1342, 1285, 2791, 431, 2336, 1873, 443, 359, 1281, 2422, 1900, 2889, 162, 2299, 446, 3178, 385, 387, 1206, 3328, 3225, 2164, 1650, 2314, 2549, 1968, 3400, 480, 1238, 1414, 1359, 381, 91, 939, 3201, 3278, 465, 549, 844, 1778, 523, 438, 2901, 2737, 2348, 440, 502, 1940, 1033, 2237, 3189, 207, 2546, 380, 3308, 952, 1982, 2010, 3385, 1298, 3330, 1898, 445, 1267, 2078, 345, 2254, 3126, 538, 900, 819, 3183, 1856, 2742, 3236, 1794, 1395, 3355, 469, 208, 53, 3450, 3196, 1632, 2187, 389, 3486, 3197, 2694, 3358, 150, 2599, 1354, 1049, 500, 2739, 2281, 456, 2871, 2031, 2664, 2584, 3206, 1949, 2205, 2227, 2706, 1372, 3345, 1015, 1388, 2723, 421, 1901, 1878, 243, 1394, 481, 848, 2301, 533, 1257, 1300, 3393, 833, 3365, 1426, 499, 520, 205, 2238, 2167, 2015, 470, 1288, 1979, 3260, 2320, 1790, 1830, 1268, 1520, 2354, 468, 528, 491, 2353, 571, 677, 507, 2337, 1523, 934, 2087, 2479, 2902, 850, 2218, 3337, 2308, 1504, 3205, 1276, 1482, 3397, 2497, 2043, 378, 334, 3227, 3479, 2869, 409, 1810, 2005, 282, 2162, 1941, 3181, 839, 591, 906, 3399, 452, 863, 2531, 3352, 479, 2379, 3193, 1882, 3124, 1428, 444, 1952, 2897, 2712, 3383, 3160, 2763, 1488, 606, 2732, 1899, 2325, 514, 106, 1228, 508, 1074, 190, 179, 1289, 1420, 2285, 2682, 3215, 488, 1823, 1980, 2247, 883, 490, 2269, 1795, 1793, 1307, 903, 3446, 161, 3430, 2184, 792, 3252, 2196, 2219, 2603, 623, 2125, 2821, 3175, 461, 1988, 1062, 483, 667, 2631, 2296, 1254, 3317, 417, 1357, 477, 29, 2331, 2081, 1892, 1380, 2262, 2453, 3401, 1905, 2018, 2405, 2726, 998, 1970, 436, 504, 390, 269, 3241, 1752, 2676, 86, 439, 1826, 1578]

solved select: 300 in 16693.51 seconds
iteration: 0, n requested: 300, n selected: 300, selected: [1094, 2693, 2356, 3488, 2442, 1382, 1024, 2347, 126, 1989, 3204, 868, 3370, 3468, 3441, 2327, 1937, 472, 1646, 3351, 509, 1342, 1285, 2791, 431, 2336, 1873, 443, 359, 1281, 2422, 1900, 2889, 162, 2299, 446, 3178, 385, 387, 1206, 3328, 3225, 2164, 1650, 2314, 2549, 1968, 3400, 480, 1238, 1414, 1359, 381, 91, 939, 3201, 3278, 465, 549, 844, 1778, 523, 438, 2901, 2737, 2348, 440, 502, 1940, 1033, 2237, 3189, 207, 2546, 380, 3308, 952, 1982, 2010, 3385, 1298, 3330, 1898, 445, 1267, 2078, 345, 2254, 3126, 538, 900, 819, 3183, 1856, 2742, 3236, 1794, 1395, 3355, 469, 208, 53, 3450, 3196, 1632, 2187, 389, 3486, 3197, 2694, 3358, 150, 2599, 1354, 1049, 500, 2739, 2281, 456, 2871, 2031, 2664, 2584, 3206, 1949, 2205, 2227, 2706, 1372, 3345, 1015, 1388, 2723, 421, 1901, 1878, 243, 1394, 481, 848, 2301, 533, 1257, 1300, 3393, 833, 3365, 1426, 499, 520, 205, 2238, 2167, 2015, 470, 1288, 1979, 3260, 2320, 1790, 1830, 1268, 1520, 2354, 468, 528, 491, 2353, 571, 677, 507, 2337, 1523, 934, 2087, 2479, 2902, 850, 2218, 3337, 2308, 1504, 3205, 1276, 1482, 3397, 2497, 2043, 378, 334, 3227, 3479, 2869, 409, 1810, 2005, 282, 2162, 1941, 3181, 839, 591, 906, 3399, 452, 863, 2531, 3352, 479, 2379, 3193, 1882, 3124, 1428, 444, 1952, 2897, 2712, 3383, 3160, 2763, 1488, 606, 2732, 1899, 2325, 514, 106, 1228, 508, 1074, 190, 179, 1289, 1420, 2285, 2682, 3215, 488, 1823, 1980, 2247, 883, 490, 2269, 1795, 1793, 1307, 903, 3446, 161, 3430, 2184, 792, 3252, 2196, 2219, 2603, 623, 2125, 2821, 3175, 461, 1988, 1062, 483, 667, 2631, 2296, 1254, 3317, 417, 1357, 477, 29, 2331, 2081, 1892, 1380, 2262, 2453, 3401, 1905, 2018, 2405, 2726, 998, 1970, 436, 504, 390, 269, 3241, 1752, 2676, 86, 439, 1826, 1578, 1046]

solved select: 301 in 16776.93 seconds
iteration: 0, n requested: 301, n selected: 301, selected: [1094, 2693, 2356, 3488, 2442, 1382, 1024, 2347, 126, 1989, 3204, 868, 3370, 3468, 3441, 2327, 1937, 472, 1646, 3351, 509, 1342, 1285, 2791, 431, 2336, 1873, 443, 359, 1281, 2422, 1900, 2889, 162, 2299, 446, 3178, 385, 387, 1206, 3328, 3225, 2164, 1650, 2314, 2549, 1968, 3400, 480, 1238, 1414, 1359, 381, 91, 939, 3201, 3278, 465, 549, 844, 1778, 523, 438, 2901, 2737, 2348, 440, 502, 1940, 1033, 2237, 3189, 207, 2546, 380, 3308, 952, 1982, 2010, 3385, 1298, 3330, 1898, 445, 1267, 2078, 345, 2254, 3126, 538, 900, 819, 3183, 1856, 2742, 3236, 1794, 1395, 3355, 469, 208, 53, 3450, 3196, 1632, 2187, 389, 3486, 3197, 2694, 3358, 150, 2599, 1354, 1049, 500, 2739, 2281, 456, 2871, 2031, 2664, 2584, 3206, 1949, 2205, 2227, 2706, 1372, 3345, 1015, 1388, 2723, 421, 1901, 1878, 243, 1394, 481, 848, 2301, 533, 1257, 1300, 3393, 833, 3365, 1426, 499, 520, 205, 2238, 2167, 2015, 470, 1288, 1979, 3260, 2320, 1790, 1830, 1268, 1520, 2354, 468, 528, 491, 2353, 571, 677, 507, 2337, 1523, 934, 2087, 2479, 2902, 850, 2218, 3337, 2308, 1504, 3205, 1276, 1482, 3397, 2497, 2043, 378, 334, 3227, 3479, 2869, 409, 1810, 2005, 282, 2162, 1941, 3181, 839, 591, 906, 3399, 452, 863, 2531, 3352, 479, 2379, 3193, 1882, 3124, 1428, 444, 1952, 2897, 2712, 3383, 3160, 2763, 1488, 606, 2732, 1899, 2325, 514, 106, 1228, 508, 1074, 190, 179, 1289, 1420, 2285, 2682, 3215, 488, 1823, 1980, 2247, 883, 490, 2269, 1795, 1793, 1307, 903, 3446, 161, 3430, 2184, 792, 3252, 2196, 2219, 2603, 623, 2125, 2821, 3175, 461, 1988, 1062, 483, 667, 2631, 2296, 1254, 3317, 417, 1357, 477, 29, 2331, 2081, 1892, 1380, 2262, 2453, 3401, 1905, 2018, 2405, 2726, 998, 1970, 436, 504, 390, 269, 3241, 1752, 2676, 86, 439, 1826, 1578, 1046, 539]

solved select: 302 in 16857.64 seconds
iteration: 0, n requested: 302, n selected: 302, selected: [1094, 2693, 2356, 3488, 2442, 1382, 1024, 2347, 126, 1989, 3204, 868, 3370, 3468, 3441, 2327, 1937, 472, 1646, 3351, 509, 1342, 1285, 2791, 431, 2336, 1873, 443, 359, 1281, 2422, 1900, 2889, 162, 2299, 446, 3178, 385, 387, 1206, 3328, 3225, 2164, 1650, 2314, 2549, 1968, 3400, 480, 1238, 1414, 1359, 381, 91, 939, 3201, 3278, 465, 549, 844, 1778, 523, 438, 2901, 2737, 2348, 440, 502, 1940, 1033, 2237, 3189, 207, 2546, 380, 3308, 952, 1982, 2010, 3385, 1298, 3330, 1898, 445, 1267, 2078, 345, 2254, 3126, 538, 900, 819, 3183, 1856, 2742, 3236, 1794, 1395, 3355, 469, 208, 53, 3450, 3196, 1632, 2187, 389, 3486, 3197, 2694, 3358, 150, 2599, 1354, 1049, 500, 2739, 2281, 456, 2871, 2031, 2664, 2584, 3206, 1949, 2205, 2227, 2706, 1372, 3345, 1015, 1388, 2723, 421, 1901, 1878, 243, 1394, 481, 848, 2301, 533, 1257, 1300, 3393, 833, 3365, 1426, 499, 520, 205, 2238, 2167, 2015, 470, 1288, 1979, 3260, 2320, 1790, 1830, 1268, 1520, 2354, 468, 528, 491, 2353, 571, 677, 507, 2337, 1523, 934, 2087, 2479, 2902, 850, 2218, 3337, 2308, 1504, 3205, 1276, 1482, 3397, 2497, 2043, 378, 334, 3227, 3479, 2869, 409, 1810, 2005, 282, 2162, 1941, 3181, 839, 591, 906, 3399, 452, 863, 2531, 3352, 479, 2379, 3193, 1882, 3124, 1428, 444, 1952, 2897, 2712, 3383, 3160, 2763, 1488, 606, 2732, 1899, 2325, 514, 106, 1228, 508, 1074, 190, 179, 1289, 1420, 2285, 2682, 3215, 488, 1823, 1980, 2247, 883, 490, 2269, 1795, 1793, 1307, 903, 3446, 161, 3430, 2184, 792, 3252, 2196, 2219, 2603, 623, 2125, 2821, 3175, 461, 1988, 1062, 483, 667, 2631, 2296, 1254, 3317, 417, 1357, 477, 29, 2331, 2081, 1892, 1380, 2262, 2453, 3401, 1905, 2018, 2405, 2726, 998, 1970, 436, 504, 390, 269, 3241, 1752, 2676, 86, 439, 1826, 1578, 1046, 539, 2536]

solved select: 303 in 16941.39 seconds
iteration: 0, n requested: 303, n selected: 303, selected: [1094, 2693, 2356, 3488, 2442, 1382, 1024, 2347, 126, 1989, 3204, 868, 3370, 3468, 3441, 2327, 1937, 472, 1646, 3351, 509, 1342, 1285, 2791, 431, 2336, 1873, 443, 359, 1281, 2422, 1900, 2889, 162, 2299, 446, 3178, 385, 387, 1206, 3328, 3225, 2164, 1650, 2314, 2549, 1968, 3400, 480, 1238, 1414, 1359, 381, 91, 939, 3201, 3278, 465, 549, 844, 1778, 523, 438, 2901, 2737, 2348, 440, 502, 1940, 1033, 2237, 3189, 207, 2546, 380, 3308, 952, 1982, 2010, 3385, 1298, 3330, 1898, 445, 1267, 2078, 345, 2254, 3126, 538, 900, 819, 3183, 1856, 2742, 3236, 1794, 1395, 3355, 469, 208, 53, 3450, 3196, 1632, 2187, 389, 3486, 3197, 2694, 3358, 150, 2599, 1354, 1049, 500, 2739, 2281, 456, 2871, 2031, 2664, 2584, 3206, 1949, 2205, 2227, 2706, 1372, 3345, 1015, 1388, 2723, 421, 1901, 1878, 243, 1394, 481, 848, 2301, 533, 1257, 1300, 3393, 833, 3365, 1426, 499, 520, 205, 2238, 2167, 2015, 470, 1288, 1979, 3260, 2320, 1790, 1830, 1268, 1520, 2354, 468, 528, 491, 2353, 571, 677, 507, 2337, 1523, 934, 2087, 2479, 2902, 850, 2218, 3337, 2308, 1504, 3205, 1276, 1482, 3397, 2497, 2043, 378, 334, 3227, 3479, 2869, 409, 1810, 2005, 282, 2162, 1941, 3181, 839, 591, 906, 3399, 452, 863, 2531, 3352, 479, 2379, 3193, 1882, 3124, 1428, 444, 1952, 2897, 2712, 3383, 3160, 2763, 1488, 606, 2732, 1899, 2325, 514, 106, 1228, 508, 1074, 190, 179, 1289, 1420, 2285, 2682, 3215, 488, 1823, 1980, 2247, 883, 490, 2269, 1795, 1793, 1307, 903, 3446, 161, 3430, 2184, 792, 3252, 2196, 2219, 2603, 623, 2125, 2821, 3175, 461, 1988, 1062, 483, 667, 2631, 2296, 1254, 3317, 417, 1357, 477, 29, 2331, 2081, 1892, 1380, 2262, 2453, 3401, 1905, 2018, 2405, 2726, 998, 1970, 436, 504, 390, 269, 3241, 1752, 2676, 86, 439, 1826, 1578, 1046, 539, 2536, 449]

solved select: 304 in 17024.35 seconds
iteration: 0, n requested: 304, n selected: 304, selected: [1094, 2693, 2356, 3488, 2442, 1382, 1024, 2347, 126, 1989, 3204, 868, 3370, 3468, 3441, 2327, 1937, 472, 1646, 3351, 509, 1342, 1285, 2791, 431, 2336, 1873, 443, 359, 1281, 2422, 1900, 2889, 162, 2299, 446, 3178, 385, 387, 1206, 3328, 3225, 2164, 1650, 2314, 2549, 1968, 3400, 480, 1238, 1414, 1359, 381, 91, 939, 3201, 3278, 465, 549, 844, 1778, 523, 438, 2901, 2737, 2348, 440, 502, 1940, 1033, 2237, 3189, 207, 2546, 380, 3308, 952, 1982, 2010, 3385, 1298, 3330, 1898, 445, 1267, 2078, 345, 2254, 3126, 538, 900, 819, 3183, 1856, 2742, 3236, 1794, 1395, 3355, 469, 208, 53, 3450, 3196, 1632, 2187, 389, 3486, 3197, 2694, 3358, 150, 2599, 1354, 1049, 500, 2739, 2281, 456, 2871, 2031, 2664, 2584, 3206, 1949, 2205, 2227, 2706, 1372, 3345, 1015, 1388, 2723, 421, 1901, 1878, 243, 1394, 481, 848, 2301, 533, 1257, 1300, 3393, 833, 3365, 1426, 499, 520, 205, 2238, 2167, 2015, 470, 1288, 1979, 3260, 2320, 1790, 1830, 1268, 1520, 2354, 468, 528, 491, 2353, 571, 677, 507, 2337, 1523, 934, 2087, 2479, 2902, 850, 2218, 3337, 2308, 1504, 3205, 1276, 1482, 3397, 2497, 2043, 378, 334, 3227, 3479, 2869, 409, 1810, 2005, 282, 2162, 1941, 3181, 839, 591, 906, 3399, 452, 863, 2531, 3352, 479, 2379, 3193, 1882, 3124, 1428, 444, 1952, 2897, 2712, 3383, 3160, 2763, 1488, 606, 2732, 1899, 2325, 514, 106, 1228, 508, 1074, 190, 179, 1289, 1420, 2285, 2682, 3215, 488, 1823, 1980, 2247, 883, 490, 2269, 1795, 1793, 1307, 903, 3446, 161, 3430, 2184, 792, 3252, 2196, 2219, 2603, 623, 2125, 2821, 3175, 461, 1988, 1062, 483, 667, 2631, 2296, 1254, 3317, 417, 1357, 477, 29, 2331, 2081, 1892, 1380, 2262, 2453, 3401, 1905, 2018, 2405, 2726, 998, 1970, 436, 504, 390, 269, 3241, 1752, 2676, 86, 439, 1826, 1578, 1046, 539, 2536, 449, 1392]

solved select: 305 in 17107.03 seconds
iteration: 0, n requested: 305, n selected: 305, selected: [1094, 2693, 2356, 3488, 2442, 1382, 1024, 2347, 126, 1989, 3204, 868, 3370, 3468, 3441, 2327, 1937, 472, 1646, 3351, 509, 1342, 1285, 2791, 431, 2336, 1873, 443, 359, 1281, 2422, 1900, 2889, 162, 2299, 446, 3178, 385, 387, 1206, 3328, 3225, 2164, 1650, 2314, 2549, 1968, 3400, 480, 1238, 1414, 1359, 381, 91, 939, 3201, 3278, 465, 549, 844, 1778, 523, 438, 2901, 2737, 2348, 440, 502, 1940, 1033, 2237, 3189, 207, 2546, 380, 3308, 952, 1982, 2010, 3385, 1298, 3330, 1898, 445, 1267, 2078, 345, 2254, 3126, 538, 900, 819, 3183, 1856, 2742, 3236, 1794, 1395, 3355, 469, 208, 53, 3450, 3196, 1632, 2187, 389, 3486, 3197, 2694, 3358, 150, 2599, 1354, 1049, 500, 2739, 2281, 456, 2871, 2031, 2664, 2584, 3206, 1949, 2205, 2227, 2706, 1372, 3345, 1015, 1388, 2723, 421, 1901, 1878, 243, 1394, 481, 848, 2301, 533, 1257, 1300, 3393, 833, 3365, 1426, 499, 520, 205, 2238, 2167, 2015, 470, 1288, 1979, 3260, 2320, 1790, 1830, 1268, 1520, 2354, 468, 528, 491, 2353, 571, 677, 507, 2337, 1523, 934, 2087, 2479, 2902, 850, 2218, 3337, 2308, 1504, 3205, 1276, 1482, 3397, 2497, 2043, 378, 334, 3227, 3479, 2869, 409, 1810, 2005, 282, 2162, 1941, 3181, 839, 591, 906, 3399, 452, 863, 2531, 3352, 479, 2379, 3193, 1882, 3124, 1428, 444, 1952, 2897, 2712, 3383, 3160, 2763, 1488, 606, 2732, 1899, 2325, 514, 106, 1228, 508, 1074, 190, 179, 1289, 1420, 2285, 2682, 3215, 488, 1823, 1980, 2247, 883, 490, 2269, 1795, 1793, 1307, 903, 3446, 161, 3430, 2184, 792, 3252, 2196, 2219, 2603, 623, 2125, 2821, 3175, 461, 1988, 1062, 483, 667, 2631, 2296, 1254, 3317, 417, 1357, 477, 29, 2331, 2081, 1892, 1380, 2262, 2453, 3401, 1905, 2018, 2405, 2726, 998, 1970, 436, 504, 390, 269, 3241, 1752, 2676, 86, 439, 1826, 1578, 1046, 539, 2536, 449, 1392, 1365]

solved select: 306 in 17190.85 seconds
iteration: 0, n requested: 306, n selected: 306, selected: [1094, 2693, 2356, 3488, 2442, 1382, 1024, 2347, 126, 1989, 3204, 868, 3370, 3468, 3441, 2327, 1937, 472, 1646, 3351, 509, 1342, 1285, 2791, 431, 2336, 1873, 443, 359, 1281, 2422, 1900, 2889, 162, 2299, 446, 3178, 385, 387, 1206, 3328, 3225, 2164, 1650, 2314, 2549, 1968, 3400, 480, 1238, 1414, 1359, 381, 91, 939, 3201, 3278, 465, 549, 844, 1778, 523, 438, 2901, 2737, 2348, 440, 502, 1940, 1033, 2237, 3189, 207, 2546, 380, 3308, 952, 1982, 2010, 3385, 1298, 3330, 1898, 445, 1267, 2078, 345, 2254, 3126, 538, 900, 819, 3183, 1856, 2742, 3236, 1794, 1395, 3355, 469, 208, 53, 3450, 3196, 1632, 2187, 389, 3486, 3197, 2694, 3358, 150, 2599, 1354, 1049, 500, 2739, 2281, 456, 2871, 2031, 2664, 2584, 3206, 1949, 2205, 2227, 2706, 1372, 3345, 1015, 1388, 2723, 421, 1901, 1878, 243, 1394, 481, 848, 2301, 533, 1257, 1300, 3393, 833, 3365, 1426, 499, 520, 205, 2238, 2167, 2015, 470, 1288, 1979, 3260, 2320, 1790, 1830, 1268, 1520, 2354, 468, 528, 491, 2353, 571, 677, 507, 2337, 1523, 934, 2087, 2479, 2902, 850, 2218, 3337, 2308, 1504, 3205, 1276, 1482, 3397, 2497, 2043, 378, 334, 3227, 3479, 2869, 409, 1810, 2005, 282, 2162, 1941, 3181, 839, 591, 906, 3399, 452, 863, 2531, 3352, 479, 2379, 3193, 1882, 3124, 1428, 444, 1952, 2897, 2712, 3383, 3160, 2763, 1488, 606, 2732, 1899, 2325, 514, 106, 1228, 508, 1074, 190, 179, 1289, 1420, 2285, 2682, 3215, 488, 1823, 1980, 2247, 883, 490, 2269, 1795, 1793, 1307, 903, 3446, 161, 3430, 2184, 792, 3252, 2196, 2219, 2603, 623, 2125, 2821, 3175, 461, 1988, 1062, 483, 667, 2631, 2296, 1254, 3317, 417, 1357, 477, 29, 2331, 2081, 1892, 1380, 2262, 2453, 3401, 1905, 2018, 2405, 2726, 998, 1970, 436, 504, 390, 269, 3241, 1752, 2676, 86, 439, 1826, 1578, 1046, 539, 2536, 449, 1392, 1365, 983]

solved select: 307 in 17273.86 seconds
iteration: 0, n requested: 307, n selected: 307, selected: [1094, 2693, 2356, 3488, 2442, 1382, 1024, 2347, 126, 1989, 3204, 868, 3370, 3468, 3441, 2327, 1937, 472, 1646, 3351, 509, 1342, 1285, 2791, 431, 2336, 1873, 443, 359, 1281, 2422, 1900, 2889, 162, 2299, 446, 3178, 385, 387, 1206, 3328, 3225, 2164, 1650, 2314, 2549, 1968, 3400, 480, 1238, 1414, 1359, 381, 91, 939, 3201, 3278, 465, 549, 844, 1778, 523, 438, 2901, 2737, 2348, 440, 502, 1940, 1033, 2237, 3189, 207, 2546, 380, 3308, 952, 1982, 2010, 3385, 1298, 3330, 1898, 445, 1267, 2078, 345, 2254, 3126, 538, 900, 819, 3183, 1856, 2742, 3236, 1794, 1395, 3355, 469, 208, 53, 3450, 3196, 1632, 2187, 389, 3486, 3197, 2694, 3358, 150, 2599, 1354, 1049, 500, 2739, 2281, 456, 2871, 2031, 2664, 2584, 3206, 1949, 2205, 2227, 2706, 1372, 3345, 1015, 1388, 2723, 421, 1901, 1878, 243, 1394, 481, 848, 2301, 533, 1257, 1300, 3393, 833, 3365, 1426, 499, 520, 205, 2238, 2167, 2015, 470, 1288, 1979, 3260, 2320, 1790, 1830, 1268, 1520, 2354, 468, 528, 491, 2353, 571, 677, 507, 2337, 1523, 934, 2087, 2479, 2902, 850, 2218, 3337, 2308, 1504, 3205, 1276, 1482, 3397, 2497, 2043, 378, 334, 3227, 3479, 2869, 409, 1810, 2005, 282, 2162, 1941, 3181, 839, 591, 906, 3399, 452, 863, 2531, 3352, 479, 2379, 3193, 1882, 3124, 1428, 444, 1952, 2897, 2712, 3383, 3160, 2763, 1488, 606, 2732, 1899, 2325, 514, 106, 1228, 508, 1074, 190, 179, 1289, 1420, 2285, 2682, 3215, 488, 1823, 1980, 2247, 883, 490, 2269, 1795, 1793, 1307, 903, 3446, 161, 3430, 2184, 792, 3252, 2196, 2219, 2603, 623, 2125, 2821, 3175, 461, 1988, 1062, 483, 667, 2631, 2296, 1254, 3317, 417, 1357, 477, 29, 2331, 2081, 1892, 1380, 2262, 2453, 3401, 1905, 2018, 2405, 2726, 998, 1970, 436, 504, 390, 269, 3241, 1752, 2676, 86, 439, 1826, 1578, 1046, 539, 2536, 449, 1392, 1365, 983, 1727]

solved select: 308 in 17357.44 seconds
iteration: 0, n requested: 308, n selected: 308, selected: [1094, 2693, 2356, 3488, 2442, 1382, 1024, 2347, 126, 1989, 3204, 868, 3370, 3468, 3441, 2327, 1937, 472, 1646, 3351, 509, 1342, 1285, 2791, 431, 2336, 1873, 443, 359, 1281, 2422, 1900, 2889, 162, 2299, 446, 3178, 385, 387, 1206, 3328, 3225, 2164, 1650, 2314, 2549, 1968, 3400, 480, 1238, 1414, 1359, 381, 91, 939, 3201, 3278, 465, 549, 844, 1778, 523, 438, 2901, 2737, 2348, 440, 502, 1940, 1033, 2237, 3189, 207, 2546, 380, 3308, 952, 1982, 2010, 3385, 1298, 3330, 1898, 445, 1267, 2078, 345, 2254, 3126, 538, 900, 819, 3183, 1856, 2742, 3236, 1794, 1395, 3355, 469, 208, 53, 3450, 3196, 1632, 2187, 389, 3486, 3197, 2694, 3358, 150, 2599, 1354, 1049, 500, 2739, 2281, 456, 2871, 2031, 2664, 2584, 3206, 1949, 2205, 2227, 2706, 1372, 3345, 1015, 1388, 2723, 421, 1901, 1878, 243, 1394, 481, 848, 2301, 533, 1257, 1300, 3393, 833, 3365, 1426, 499, 520, 205, 2238, 2167, 2015, 470, 1288, 1979, 3260, 2320, 1790, 1830, 1268, 1520, 2354, 468, 528, 491, 2353, 571, 677, 507, 2337, 1523, 934, 2087, 2479, 2902, 850, 2218, 3337, 2308, 1504, 3205, 1276, 1482, 3397, 2497, 2043, 378, 334, 3227, 3479, 2869, 409, 1810, 2005, 282, 2162, 1941, 3181, 839, 591, 906, 3399, 452, 863, 2531, 3352, 479, 2379, 3193, 1882, 3124, 1428, 444, 1952, 2897, 2712, 3383, 3160, 2763, 1488, 606, 2732, 1899, 2325, 514, 106, 1228, 508, 1074, 190, 179, 1289, 1420, 2285, 2682, 3215, 488, 1823, 1980, 2247, 883, 490, 2269, 1795, 1793, 1307, 903, 3446, 161, 3430, 2184, 792, 3252, 2196, 2219, 2603, 623, 2125, 2821, 3175, 461, 1988, 1062, 483, 667, 2631, 2296, 1254, 3317, 417, 1357, 477, 29, 2331, 2081, 1892, 1380, 2262, 2453, 3401, 1905, 2018, 2405, 2726, 998, 1970, 436, 504, 390, 269, 3241, 1752, 2676, 86, 439, 1826, 1578, 1046, 539, 2536, 449, 1392, 1365, 983, 1727, 299]

solved select: 309 in 17443.03 seconds
iteration: 0, n requested: 309, n selected: 309, selected: [1094, 2693, 2356, 3488, 2442, 1382, 1024, 2347, 126, 1989, 3204, 868, 3370, 3468, 3441, 2327, 1937, 472, 1646, 3351, 509, 1342, 1285, 2791, 431, 2336, 1873, 443, 359, 1281, 2422, 1900, 2889, 162, 2299, 446, 3178, 385, 387, 1206, 3328, 3225, 2164, 1650, 2314, 2549, 1968, 3400, 480, 1238, 1414, 1359, 381, 91, 939, 3201, 3278, 465, 549, 844, 1778, 523, 438, 2901, 2737, 2348, 440, 502, 1940, 1033, 2237, 3189, 207, 2546, 380, 3308, 952, 1982, 2010, 3385, 1298, 3330, 1898, 445, 1267, 2078, 345, 2254, 3126, 538, 900, 819, 3183, 1856, 2742, 3236, 1794, 1395, 3355, 469, 208, 53, 3450, 3196, 1632, 2187, 389, 3486, 3197, 2694, 3358, 150, 2599, 1354, 1049, 500, 2739, 2281, 456, 2871, 2031, 2664, 2584, 3206, 1949, 2205, 2227, 2706, 1372, 3345, 1015, 1388, 2723, 421, 1901, 1878, 243, 1394, 481, 848, 2301, 533, 1257, 1300, 3393, 833, 3365, 1426, 499, 520, 205, 2238, 2167, 2015, 470, 1288, 1979, 3260, 2320, 1790, 1830, 1268, 1520, 2354, 468, 528, 491, 2353, 571, 677, 507, 2337, 1523, 934, 2087, 2479, 2902, 850, 2218, 3337, 2308, 1504, 3205, 1276, 1482, 3397, 2497, 2043, 378, 334, 3227, 3479, 2869, 409, 1810, 2005, 282, 2162, 1941, 3181, 839, 591, 906, 3399, 452, 863, 2531, 3352, 479, 2379, 3193, 1882, 3124, 1428, 444, 1952, 2897, 2712, 3383, 3160, 2763, 1488, 606, 2732, 1899, 2325, 514, 106, 1228, 508, 1074, 190, 179, 1289, 1420, 2285, 2682, 3215, 488, 1823, 1980, 2247, 883, 490, 2269, 1795, 1793, 1307, 903, 3446, 161, 3430, 2184, 792, 3252, 2196, 2219, 2603, 623, 2125, 2821, 3175, 461, 1988, 1062, 483, 667, 2631, 2296, 1254, 3317, 417, 1357, 477, 29, 2331, 2081, 1892, 1380, 2262, 2453, 3401, 1905, 2018, 2405, 2726, 998, 1970, 436, 504, 390, 269, 3241, 1752, 2676, 86, 439, 1826, 1578, 1046, 539, 2536, 449, 1392, 1365, 983, 1727, 299, 1249]

solved select: 310 in 17612.01 seconds
iteration: 0, n requested: 310, n selected: 310, selected: [1094, 2693, 2356, 3488, 2442, 1382, 1024, 2347, 126, 1989, 3204, 868, 3370, 3468, 3441, 2327, 1937, 472, 1646, 3351, 509, 1342, 1285, 2791, 431, 2336, 1873, 443, 359, 1281, 2422, 312, 2889, 162, 2299, 446, 3178, 385, 387, 1206, 3328, 3225, 2164, 1650, 2314, 2549, 1968, 3400, 316, 1238, 1414, 1359, 381, 91, 939, 3201, 3278, 465, 549, 844, 1778, 523, 438, 2901, 2737, 2348, 440, 502, 1940, 1033, 2237, 3189, 207, 1900, 380, 3308, 952, 1982, 2010, 3385, 1298, 3330, 1898, 445, 1267, 2078, 345, 2254, 3126, 538, 900, 819, 3183, 1856, 2742, 3236, 1794, 1395, 3355, 469, 208, 53, 3450, 3196, 1632, 2187, 389, 3486, 3197, 2694, 3358, 150, 2599, 1354, 1049, 500, 2739, 2281, 456, 2871, 2031, 2664, 2584, 3206, 1949, 2205, 2227, 2706, 1372, 3345, 1015, 1388, 2723, 421, 1901, 1878, 243, 1394, 481, 848, 2301, 533, 1257, 1300, 3393, 833, 3365, 1426, 499, 520, 205, 2238, 2167, 2015, 470, 1288, 1979, 3260, 2320, 1790, 1830, 1268, 1520, 2354, 468, 528, 491, 2353, 571, 677, 507, 2337, 1523, 934, 2087, 2479, 2902, 850, 2218, 3337, 2308, 1504, 3205, 1276, 1482, 3397, 2497, 2043, 378, 334, 3227, 3479, 2869, 409, 1810, 2005, 282, 2162, 1941, 3181, 839, 591, 906, 3399, 452, 863, 2531, 3352, 479, 2379, 3193, 1882, 3124, 1428, 444, 1952, 2897, 2712, 3383, 3160, 2763, 1488, 606, 2732, 1899, 2325, 514, 106, 1228, 508, 1074, 190, 179, 1289, 1420, 2285, 2682, 3215, 488, 1823, 1980, 2247, 883, 490, 2269, 1795, 1793, 1307, 903, 3446, 161, 3430, 2184, 792, 3252, 2196, 2219, 2603, 623, 2125, 2821, 3175, 461, 1988, 1062, 483, 667, 2631, 2296, 1254, 3317, 417, 1357, 477, 29, 2331, 2081, 1892, 1380, 2262, 2453, 3401, 1905, 2018, 2405, 2726, 998, 1970, 436, 504, 390, 269, 3241, 1752, 2676, 86, 439, 1826, 1578, 1046, 539, 2536, 449, 1392, 1365, 983, 1727, 299, 1249, 1540]

solved select: 311 in 17775.53 seconds
iteration: 0, n requested: 311, n selected: 311, selected: [1094, 2693, 2356, 3488, 2442, 1382, 1024, 2347, 126, 1989, 3204, 868, 3370, 3468, 3441, 2327, 1937, 472, 1646, 3351, 509, 1342, 1285, 2791, 431, 2336, 1873, 443, 359, 1281, 2422, 1479, 2889, 162, 2299, 446, 3178, 385, 387, 1206, 3328, 3225, 2164, 1650, 2314, 2549, 1968, 3400, 316, 1238, 1414, 1359, 381, 91, 939, 3201, 3278, 465, 549, 844, 1778, 523, 438, 2901, 2737, 2348, 440, 502, 1940, 1033, 2237, 3189, 207, 1900, 380, 3308, 952, 1982, 2010, 3385, 1298, 3330, 1898, 445, 1267, 2078, 345, 2254, 3126, 538, 900, 819, 3183, 1856, 2742, 3236, 1794, 1395, 3355, 469, 208, 53, 3450, 3196, 1632, 2187, 389, 3486, 3197, 2694, 3358, 150, 2599, 1354, 1049, 500, 2739, 2281, 456, 2871, 2031, 2664, 2584, 3206, 1949, 2205, 2227, 2706, 1372, 3345, 1015, 1388, 312, 421, 1901, 1878, 243, 1394, 481, 848, 2301, 533, 1257, 1300, 3393, 833, 3365, 1426, 499, 520, 205, 2238, 2167, 2015, 470, 1288, 1979, 3260, 2320, 1790, 1830, 1268, 1520, 2354, 468, 528, 491, 2353, 571, 677, 507, 2337, 1523, 934, 2087, 2479, 2902, 850, 2218, 3337, 2308, 1504, 3205, 1276, 1482, 3397, 2497, 2043, 378, 334, 3227, 3479, 2869, 409, 1810, 2005, 282, 2162, 1941, 3181, 839, 591, 906, 3399, 452, 863, 2531, 3352, 479, 2379, 3193, 1882, 3124, 1428, 444, 1952, 2897, 2712, 3383, 3160, 2763, 1488, 606, 2732, 1899, 2325, 514, 106, 1228, 508, 1074, 190, 179, 1289, 1420, 2285, 2682, 3215, 488, 1823, 1980, 2247, 883, 490, 2269, 1795, 1793, 1307, 903, 3446, 161, 3430, 2184, 792, 3252, 2196, 2219, 2603, 623, 2125, 2821, 3175, 461, 1988, 1062, 483, 667, 2631, 2296, 1254, 3317, 417, 1357, 477, 29, 2331, 2081, 1892, 1380, 2262, 2453, 3401, 1905, 2018, 2405, 2726, 998, 1970, 436, 504, 390, 269, 3241, 1752, 2676, 86, 439, 1826, 1578, 1046, 539, 2536, 449, 1392, 1365, 983, 1727, 299, 1249, 1540, 2716]

solved select: 312 in 17946.56 seconds
iteration: 0, n requested: 312, n selected: 312, selected: [1094, 2693, 2356, 3488, 2442, 1382, 1024, 2347, 126, 1989, 3204, 868, 3370, 3468, 3441, 2327, 1937, 472, 1646, 3351, 509, 1342, 1285, 2791, 431, 2336, 1873, 443, 359, 1281, 2422, 1479, 2889, 162, 2299, 446, 3178, 385, 387, 1206, 3328, 3225, 2164, 1650, 2314, 2549, 1968, 3400, 316, 1238, 1414, 1359, 381, 91, 939, 3201, 3278, 465, 549, 844, 1778, 523, 438, 2901, 2737, 2348, 440, 502, 1940, 1033, 2237, 3189, 207, 1900, 380, 3308, 952, 1982, 2010, 3385, 1298, 3330, 1898, 445, 1267, 2078, 345, 2254, 3126, 538, 900, 819, 3183, 1856, 2742, 3236, 1794, 1395, 3355, 469, 208, 53, 3450, 3196, 1632, 2187, 389, 3486, 3197, 2694, 3358, 150, 2599, 1354, 1049, 500, 2739, 2281, 456, 2871, 2031, 2664, 2584, 3206, 1949, 2205, 2227, 2706, 1372, 3345, 1015, 1388, 312, 421, 1901, 1878, 243, 1394, 481, 848, 2301, 533, 1257, 1300, 3393, 833, 3365, 1426, 499, 520, 205, 2238, 2167, 2015, 470, 1288, 1979, 3260, 2320, 1790, 1830, 1268, 1520, 2354, 468, 528, 491, 2353, 571, 677, 507, 2337, 1523, 934, 2087, 2479, 2902, 850, 2218, 3337, 2308, 1504, 3205, 1276, 1482, 3397, 2497, 2043, 378, 334, 3227, 3479, 2869, 409, 1810, 2005, 282, 2162, 1941, 3181, 839, 591, 906, 3399, 452, 863, 2531, 3352, 479, 2379, 3193, 1882, 3124, 1428, 444, 1952, 2897, 2712, 3383, 3160, 2763, 1488, 606, 2732, 1899, 2325, 514, 106, 1228, 508, 1074, 190, 179, 1289, 1420, 2285, 2682, 3215, 488, 1823, 1980, 2247, 883, 490, 2269, 1795, 1793, 1307, 903, 3446, 161, 3430, 2184, 792, 3252, 2196, 2219, 2603, 623, 2125, 2821, 3175, 461, 1988, 1062, 483, 667, 2631, 2296, 1254, 3317, 417, 1357, 477, 29, 2331, 2081, 1892, 1380, 2262, 2453, 3401, 1905, 2018, 2405, 2726, 998, 1970, 436, 504, 390, 269, 3241, 1752, 2676, 86, 439, 1826, 1578, 1046, 539, 2536, 449, 1392, 1365, 983, 1727, 299, 1249, 1540, 2716, 537]

solved select: 313 in 18115.32 seconds
iteration: 0, n requested: 313, n selected: 313, selected: [1094, 2693, 2356, 3488, 2442, 1382, 1024, 2347, 126, 1989, 3204, 868, 3370, 3468, 3441, 2327, 1937, 472, 1646, 3351, 509, 1342, 1285, 2791, 431, 2336, 1873, 443, 359, 1281, 2422, 1479, 2889, 162, 2299, 446, 3178, 385, 387, 1206, 3328, 3225, 2164, 1650, 2314, 2549, 1968, 3400, 316, 1238, 1414, 1359, 381, 91, 939, 3201, 3278, 465, 549, 844, 1778, 523, 438, 2901, 2737, 2348, 440, 502, 1940, 1033, 2237, 3189, 207, 1900, 380, 3308, 952, 1982, 2010, 3385, 1298, 3330, 1898, 445, 1267, 2078, 345, 2254, 3126, 538, 900, 819, 3183, 1856, 2742, 3236, 1794, 1395, 3355, 469, 208, 53, 3450, 3196, 1632, 2187, 389, 3486, 3197, 2694, 3358, 150, 2599, 1354, 1049, 500, 2739, 2281, 456, 2871, 2031, 2664, 2584, 3206, 1949, 2205, 2227, 2706, 1372, 3345, 1015, 1388, 312, 421, 1901, 1878, 243, 1394, 481, 848, 2301, 533, 1257, 1300, 3393, 833, 3365, 1426, 499, 520, 205, 2238, 2167, 2015, 470, 1288, 1979, 3260, 2320, 1790, 1830, 1268, 1520, 2354, 468, 528, 491, 2353, 571, 677, 507, 2337, 1523, 934, 2087, 2479, 2902, 850, 2218, 3337, 2308, 1504, 3205, 1276, 1482, 3397, 2497, 2043, 378, 334, 3227, 3479, 2869, 409, 1810, 2005, 282, 2162, 1941, 3181, 839, 591, 906, 3399, 452, 863, 2531, 3352, 479, 2379, 3193, 1882, 3124, 1428, 444, 1952, 2897, 2712, 3383, 3160, 2763, 1488, 606, 2732, 1899, 2325, 514, 106, 1228, 508, 1074, 190, 179, 1289, 1420, 2285, 2682, 3215, 488, 1823, 1980, 2247, 883, 490, 2269, 1795, 1793, 1307, 903, 3446, 161, 3430, 2184, 792, 3252, 2196, 2219, 2603, 623, 2125, 2821, 3175, 461, 1988, 1062, 483, 667, 2631, 2296, 1254, 3317, 417, 1357, 477, 29, 2331, 2081, 1892, 1380, 2262, 2453, 3401, 1905, 2018, 2405, 2726, 998, 1970, 436, 504, 390, 269, 3241, 1752, 2676, 86, 439, 1826, 1578, 1046, 539, 2536, 449, 1392, 1365, 983, 1727, 299, 1249, 1540, 2716, 537, 2072]

solved select: 314 in 18281.60 seconds
iteration: 0, n requested: 314, n selected: 314, selected: [1094, 2693, 2356, 3488, 2442, 1382, 1024, 2347, 126, 1989, 3204, 868, 3370, 3468, 3441, 2327, 1937, 472, 1646, 3351, 509, 1342, 1285, 2791, 431, 2336, 1873, 443, 359, 1281, 2422, 1479, 2889, 162, 2299, 446, 3178, 385, 387, 1206, 3328, 3225, 2164, 1650, 2314, 2549, 1968, 3400, 316, 1238, 1414, 1359, 381, 91, 939, 3201, 3278, 465, 549, 844, 1778, 523, 438, 2901, 2737, 2348, 440, 502, 1940, 1033, 2237, 3189, 207, 1900, 380, 3308, 952, 1982, 2010, 3385, 1298, 3330, 1898, 445, 1267, 2078, 345, 2254, 3126, 538, 900, 819, 3183, 1856, 2742, 3236, 1794, 1395, 3355, 469, 208, 53, 3450, 3196, 1632, 2187, 389, 3486, 3197, 2694, 3358, 150, 2599, 1354, 1049, 500, 2739, 2281, 456, 2871, 2031, 2664, 2584, 3206, 1949, 2205, 2227, 2706, 1372, 3345, 1015, 1388, 312, 421, 1901, 1878, 243, 1394, 481, 848, 2301, 533, 1257, 1300, 3393, 833, 3365, 1426, 499, 520, 205, 2238, 2167, 2015, 470, 1288, 1979, 3260, 2320, 1790, 1830, 1268, 1520, 2354, 468, 528, 491, 2353, 571, 677, 507, 2337, 1523, 934, 2087, 2479, 2902, 850, 2218, 3337, 2308, 1504, 3205, 1276, 1482, 3397, 2497, 2043, 378, 334, 3227, 3479, 2869, 409, 1810, 2005, 282, 2162, 1941, 3181, 839, 591, 906, 3399, 452, 863, 2531, 3352, 479, 2379, 3193, 1882, 3124, 1428, 444, 1952, 2897, 2712, 3383, 3160, 2763, 1488, 606, 2732, 1899, 2325, 514, 106, 1228, 508, 1074, 190, 179, 1289, 1420, 2285, 2682, 3215, 488, 1823, 1980, 2247, 883, 490, 2269, 1795, 1793, 1307, 903, 3446, 161, 3430, 2184, 792, 3252, 2196, 2219, 2603, 623, 2125, 2821, 3175, 461, 1988, 1062, 483, 667, 2631, 2296, 1254, 3317, 417, 1357, 477, 29, 2331, 2081, 1892, 1380, 2262, 2453, 3401, 1905, 2018, 2405, 2726, 998, 1970, 436, 504, 390, 269, 3241, 1752, 2676, 86, 439, 1826, 1578, 1046, 539, 2536, 449, 1392, 1365, 983, 1727, 299, 1249, 1540, 2716, 537, 2072, 2703]

solved select: 315 in 18447.95 seconds
iteration: 0, n requested: 315, n selected: 315, selected: [1094, 2693, 2356, 3488, 2442, 1382, 1024, 2347, 126, 1989, 3204, 868, 3370, 3468, 3441, 2327, 1937, 472, 1646, 3351, 509, 1342, 1285, 2791, 431, 2336, 1873, 443, 359, 1281, 2422, 1479, 2889, 162, 2299, 446, 3178, 385, 387, 1206, 3328, 3225, 2164, 1650, 2314, 2549, 1968, 3400, 316, 1238, 1414, 1359, 381, 91, 939, 3201, 3278, 465, 549, 844, 1778, 523, 438, 2901, 2737, 2348, 440, 502, 1940, 1033, 2237, 3189, 207, 1900, 380, 3308, 952, 1982, 2010, 3385, 1298, 3330, 1898, 445, 1267, 2078, 345, 2254, 3126, 538, 900, 819, 3183, 1856, 2742, 3236, 1794, 1395, 3355, 469, 208, 53, 3450, 3196, 1632, 2187, 389, 3486, 3197, 2694, 3358, 150, 2599, 1354, 1049, 500, 2739, 2281, 456, 2871, 2031, 2664, 2584, 3206, 1949, 2205, 2227, 2706, 1372, 3345, 1015, 1388, 312, 421, 1901, 1878, 243, 1394, 481, 848, 2301, 533, 1257, 1300, 3393, 833, 3365, 1426, 499, 520, 205, 2238, 2167, 2015, 470, 1288, 1979, 3260, 2320, 1790, 1830, 1268, 1520, 2354, 468, 528, 491, 2353, 571, 677, 507, 2337, 1523, 934, 2087, 2479, 2902, 850, 2218, 3337, 2308, 1504, 3205, 1276, 1482, 3397, 2497, 2043, 378, 334, 3227, 3479, 2869, 409, 1810, 2005, 282, 2162, 1941, 3181, 839, 591, 906, 3399, 452, 863, 2531, 3352, 479, 2379, 3193, 1882, 3124, 1428, 444, 1952, 2897, 2712, 3383, 3160, 2763, 1488, 606, 2732, 1899, 2325, 514, 106, 1228, 508, 1074, 190, 179, 1289, 1420, 2285, 2682, 3215, 488, 1823, 1980, 2247, 883, 490, 2269, 1795, 1793, 1307, 903, 3446, 161, 3430, 2184, 792, 3252, 2196, 2219, 2603, 623, 2125, 2821, 3175, 461, 1988, 1062, 483, 667, 2631, 2296, 1254, 3317, 417, 1357, 477, 29, 2331, 2081, 1892, 1380, 2262, 2453, 3401, 1905, 2018, 2405, 2726, 998, 1970, 436, 504, 390, 269, 3241, 1752, 2676, 86, 439, 1826, 1578, 1046, 539, 2536, 449, 1392, 1365, 983, 1727, 299, 1249, 1540, 2716, 537, 2072, 2703, 3364]

solved select: 316 in 18618.05 seconds
iteration: 0, n requested: 316, n selected: 316, selected: [1094, 2693, 2356, 3488, 2442, 1382, 1024, 2347, 126, 1989, 3204, 868, 3370, 3468, 3441, 2327, 1937, 472, 1646, 3351, 509, 1342, 1285, 2791, 431, 2336, 1873, 443, 359, 1281, 2422, 1479, 2889, 162, 2299, 446, 3178, 385, 387, 1206, 3328, 3225, 2164, 1650, 2314, 2549, 1968, 3400, 316, 1238, 1414, 1359, 381, 91, 939, 3201, 3278, 465, 549, 844, 1778, 523, 438, 2901, 2737, 2348, 440, 502, 1940, 1033, 2237, 3189, 207, 1900, 380, 3308, 952, 1982, 2010, 3385, 1298, 3330, 1898, 445, 1267, 2078, 345, 2254, 3126, 538, 900, 819, 3183, 1856, 2742, 3236, 1794, 1395, 3355, 469, 208, 53, 3450, 3196, 1632, 2187, 389, 3486, 3197, 2694, 3358, 150, 2599, 1354, 1049, 500, 2739, 2281, 456, 2871, 2031, 2664, 2584, 3206, 1949, 2205, 2227, 2706, 1372, 3345, 1015, 1388, 312, 421, 1901, 1878, 243, 1394, 481, 848, 2301, 533, 1257, 1300, 3393, 833, 3365, 1426, 499, 520, 205, 2238, 2167, 2015, 470, 1288, 1979, 3260, 2320, 1790, 1830, 1268, 1520, 2354, 468, 528, 491, 2353, 571, 677, 507, 2337, 1523, 934, 2087, 2479, 2902, 850, 2218, 3337, 2308, 1504, 3205, 1276, 1482, 3397, 2497, 2043, 378, 334, 3227, 3479, 2869, 409, 1810, 2005, 282, 2162, 1941, 3181, 839, 591, 906, 3399, 452, 863, 2531, 3352, 479, 2379, 3193, 1882, 3124, 1428, 444, 1952, 2897, 2712, 3383, 3160, 2763, 1488, 606, 2732, 1899, 2325, 514, 106, 1228, 508, 1074, 190, 179, 1289, 1420, 2285, 2682, 3215, 488, 1823, 1980, 2247, 883, 490, 2269, 1795, 1793, 1307, 903, 3446, 161, 3430, 2184, 792, 3252, 2196, 2219, 2603, 623, 2125, 2821, 3175, 461, 1988, 1062, 483, 667, 2631, 2296, 1254, 3317, 417, 1357, 477, 29, 2331, 2081, 1892, 1380, 2262, 2453, 3401, 1905, 2018, 2405, 2726, 998, 1970, 436, 504, 390, 269, 3241, 1752, 2676, 86, 439, 1826, 1578, 1046, 539, 2536, 449, 1392, 1365, 983, 1727, 299, 1249, 1540, 2716, 537, 2072, 2703, 3364, 750]

solved select: 317 in 18789.93 seconds
iteration: 0, n requested: 317, n selected: 317, selected: [1094, 2693, 2356, 3488, 2442, 1382, 1024, 2347, 126, 1989, 3204, 868, 3370, 3468, 3441, 2327, 1937, 472, 1646, 3351, 509, 1342, 1285, 2791, 431, 2336, 1873, 443, 359, 1281, 2422, 1479, 2889, 162, 2299, 446, 3178, 385, 387, 1206, 3328, 3225, 2164, 1650, 2314, 2549, 1968, 3400, 316, 1238, 1414, 1359, 381, 91, 939, 3201, 3278, 465, 549, 844, 1778, 523, 438, 2901, 2737, 2348, 440, 502, 1940, 1033, 2237, 3189, 207, 1900, 380, 3308, 952, 1982, 2010, 3385, 1298, 3330, 1898, 445, 1267, 2078, 345, 2254, 3126, 538, 900, 819, 3183, 1856, 2742, 3236, 1794, 1395, 3355, 469, 208, 53, 3450, 3196, 1632, 2187, 389, 3486, 3197, 2694, 3358, 150, 2599, 1354, 1049, 500, 2739, 2281, 456, 2871, 2031, 2664, 2584, 3206, 1949, 2205, 2227, 2706, 1372, 3345, 1015, 1388, 312, 421, 1901, 1878, 243, 1394, 481, 848, 2301, 533, 1257, 1300, 3393, 833, 3365, 1426, 499, 520, 205, 2238, 2167, 2015, 470, 1288, 1979, 3260, 2320, 1790, 1830, 1268, 1520, 2354, 468, 528, 491, 2353, 571, 677, 507, 2337, 1523, 934, 2087, 2479, 2902, 850, 2218, 3337, 2308, 1504, 3205, 1276, 1482, 3397, 2497, 2043, 378, 334, 3227, 3479, 2869, 409, 1810, 2005, 282, 2162, 1941, 3181, 839, 591, 906, 3399, 452, 863, 2531, 3352, 479, 2379, 3193, 1882, 3124, 1428, 444, 1952, 2897, 2712, 3383, 3160, 2763, 1488, 606, 2732, 1899, 2325, 514, 106, 1228, 508, 1074, 190, 179, 1289, 1420, 2285, 2682, 3215, 488, 1823, 1980, 2247, 883, 490, 2269, 1795, 1793, 1307, 903, 3446, 161, 3430, 2184, 792, 3252, 2196, 2219, 2603, 623, 2125, 2821, 3175, 461, 1988, 1062, 483, 667, 2631, 2296, 1254, 3317, 417, 1357, 477, 29, 2331, 2081, 1892, 1380, 2262, 2453, 3401, 1905, 2018, 2405, 2726, 998, 1970, 436, 504, 390, 269, 3241, 1752, 2676, 86, 439, 1826, 1578, 1046, 539, 2536, 449, 1392, 1365, 983, 1727, 299, 1249, 1540, 2716, 537, 2072, 2703, 3364, 750, 2555]

solved select: 318 in 18960.75 seconds
iteration: 0, n requested: 318, n selected: 318, selected: [1094, 2693, 2356, 3488, 2442, 1382, 1024, 2347, 126, 1989, 3204, 868, 3370, 3468, 3441, 2327, 1937, 472, 1646, 3351, 509, 1342, 1285, 2791, 431, 2336, 1873, 443, 359, 1281, 2422, 1479, 2889, 162, 2299, 446, 3178, 385, 387, 1206, 3328, 3225, 2164, 1650, 2314, 2549, 1968, 3400, 316, 1238, 1414, 1359, 381, 91, 939, 3201, 3278, 465, 549, 844, 1778, 523, 438, 2901, 2737, 2348, 440, 502, 1940, 1033, 2237, 3189, 207, 1900, 380, 3308, 952, 1982, 2010, 3385, 1298, 3330, 1898, 445, 1267, 2078, 345, 2254, 3126, 538, 900, 819, 3183, 1856, 2742, 3236, 1794, 1395, 3355, 469, 208, 53, 3450, 3196, 1632, 2187, 389, 3486, 3197, 2694, 3358, 150, 2599, 1354, 1049, 500, 2739, 2281, 456, 2871, 2031, 2664, 2584, 3206, 1949, 2205, 2227, 2706, 1372, 3345, 1015, 1388, 312, 421, 1901, 1878, 243, 1394, 481, 848, 2301, 533, 1257, 1300, 3393, 833, 3365, 1426, 499, 520, 205, 2238, 2167, 2015, 470, 1288, 1979, 3260, 2320, 1790, 1830, 1268, 1520, 2354, 468, 528, 491, 2353, 571, 677, 507, 2337, 1523, 934, 2087, 2479, 2902, 850, 2218, 3337, 2308, 1504, 3205, 1276, 1482, 3397, 2497, 2043, 378, 334, 3227, 3479, 2869, 409, 1810, 2005, 282, 2162, 1941, 3181, 839, 591, 906, 3399, 452, 863, 2531, 3352, 479, 2379, 3193, 1882, 3124, 1428, 444, 1952, 2897, 2712, 3383, 3160, 2763, 1488, 606, 2732, 1899, 2325, 514, 106, 1228, 508, 1074, 190, 179, 1289, 1420, 2285, 2682, 3215, 488, 1823, 1980, 2247, 883, 490, 2269, 1795, 1793, 1307, 903, 3446, 161, 3430, 2184, 792, 3252, 2196, 2219, 2603, 623, 2125, 2821, 3175, 461, 1988, 1062, 483, 667, 2631, 2296, 1254, 3317, 417, 1357, 477, 29, 2331, 2081, 1892, 1380, 2262, 2453, 3401, 1905, 2018, 2405, 2726, 998, 1970, 436, 504, 390, 269, 3241, 1752, 2676, 86, 439, 1826, 1578, 1046, 539, 2536, 449, 1392, 1365, 983, 1727, 299, 1249, 1540, 2716, 537, 2072, 2703, 3364, 750, 2555, 1308]

solved select: 319 in 19134.69 seconds
iteration: 0, n requested: 319, n selected: 319, selected: [1094, 2693, 2356, 3488, 2442, 1382, 1024, 2347, 126, 1989, 3204, 868, 3370, 3468, 3441, 2327, 1937, 472, 1646, 3351, 509, 1342, 1285, 2791, 431, 2336, 1873, 443, 359, 1281, 2422, 1479, 2889, 162, 2299, 446, 3178, 385, 387, 1206, 3328, 3225, 2164, 1650, 2314, 2549, 1968, 3400, 316, 1238, 1414, 1359, 381, 91, 939, 3201, 3278, 465, 549, 844, 1778, 523, 438, 2901, 2737, 2348, 440, 502, 1940, 1033, 2237, 3189, 207, 1900, 380, 3308, 952, 1982, 2010, 3385, 1298, 3330, 1898, 445, 1267, 2078, 345, 2254, 3126, 538, 900, 819, 3183, 1856, 2742, 3236, 1794, 1395, 3355, 469, 208, 53, 3450, 3196, 1632, 2187, 389, 3486, 3197, 2694, 3358, 150, 2599, 1354, 1049, 500, 2739, 2281, 456, 2871, 2031, 2664, 2584, 3206, 1949, 2205, 2227, 2706, 1372, 3345, 1015, 1388, 312, 421, 1901, 1878, 243, 1394, 481, 848, 2301, 533, 1257, 1300, 3393, 833, 3365, 1426, 499, 520, 205, 2238, 2167, 2015, 470, 1288, 1979, 3260, 2320, 1790, 1830, 1268, 1520, 2354, 468, 528, 491, 2353, 571, 677, 507, 2337, 1523, 934, 2087, 2479, 2902, 850, 2218, 3337, 2308, 1504, 3205, 1276, 1482, 3397, 2497, 2043, 378, 334, 3227, 3479, 2869, 409, 1810, 2005, 282, 2162, 1941, 3181, 839, 591, 906, 3399, 452, 863, 2531, 3352, 479, 2379, 3193, 1882, 3124, 1428, 444, 1952, 2897, 2712, 3383, 3160, 2763, 1488, 606, 2732, 1899, 2325, 514, 106, 1228, 508, 1074, 190, 179, 1289, 1420, 2285, 2682, 3215, 488, 1823, 1980, 2247, 883, 490, 2269, 1795, 1793, 1307, 903, 3446, 161, 3430, 2184, 792, 3252, 2196, 2219, 2603, 623, 2125, 2821, 3175, 461, 1988, 1062, 483, 667, 2631, 2296, 1254, 3317, 417, 1357, 477, 29, 2331, 2081, 1892, 1380, 2262, 2453, 3401, 1905, 2018, 2405, 2726, 998, 1970, 436, 504, 390, 269, 3241, 1752, 2676, 86, 439, 1826, 1578, 1046, 539, 2536, 449, 1392, 1365, 983, 1727, 299, 1249, 1540, 2716, 537, 2072, 2703, 3364, 750, 2555, 1308, 3169]

solved select: 320 in 19314.68 seconds
iteration: 0, n requested: 320, n selected: 320, selected: [1094, 2693, 2356, 3488, 2442, 1382, 1024, 2347, 126, 1989, 3204, 868, 3370, 3468, 3441, 2327, 1937, 472, 1646, 3351, 509, 1342, 1285, 2791, 431, 2336, 1873, 443, 359, 1281, 2422, 1479, 2889, 162, 2299, 446, 3178, 385, 387, 1206, 3328, 3225, 2164, 1650, 2314, 2549, 1968, 3400, 316, 1238, 1414, 1359, 381, 91, 939, 3201, 3278, 465, 549, 844, 1778, 523, 438, 2901, 2737, 2348, 440, 502, 1940, 1033, 2237, 3189, 207, 1900, 380, 3308, 952, 1982, 2010, 3385, 1298, 3330, 1898, 445, 1267, 2078, 345, 2254, 3126, 538, 900, 819, 3183, 1856, 2742, 3236, 1794, 1395, 3355, 469, 208, 53, 3450, 3196, 1632, 2187, 389, 3486, 3197, 2694, 3358, 150, 2599, 1354, 1049, 500, 2739, 2281, 456, 2871, 2031, 2664, 2584, 3206, 1949, 2205, 2227, 2706, 1372, 3345, 1015, 1388, 312, 421, 1901, 1878, 243, 1394, 481, 848, 2301, 533, 1257, 1300, 3393, 833, 3365, 1426, 499, 520, 205, 2238, 2167, 2015, 470, 1288, 1979, 3260, 2320, 1790, 1830, 1268, 1520, 2354, 468, 528, 491, 2353, 571, 677, 507, 2337, 1523, 934, 2087, 2479, 2902, 850, 2218, 3337, 2308, 1504, 3205, 1276, 1482, 3397, 2497, 2043, 378, 334, 3227, 3479, 2869, 409, 1810, 2005, 282, 2162, 1941, 3181, 839, 591, 906, 3399, 452, 863, 2531, 3352, 479, 2379, 3193, 1882, 3124, 1428, 444, 1952, 2897, 2712, 3383, 3160, 2763, 1488, 606, 2732, 1899, 2325, 514, 106, 1228, 508, 1074, 190, 179, 1289, 1420, 2285, 2682, 3215, 488, 1823, 1980, 2247, 883, 490, 2269, 1795, 1793, 1307, 903, 3446, 161, 3430, 2184, 792, 3252, 2196, 2219, 2603, 623, 2125, 2821, 3175, 461, 1988, 1062, 483, 667, 2631, 2296, 1254, 3317, 417, 1357, 477, 29, 2331, 2081, 1892, 1380, 2262, 2453, 3401, 1905, 2018, 2405, 2726, 998, 1970, 436, 504, 390, 269, 3241, 1752, 2676, 86, 439, 1826, 1578, 1046, 539, 2536, 449, 1392, 1365, 983, 1727, 299, 1249, 1540, 2716, 537, 2072, 2703, 3364, 750, 2555, 1308, 3169, 1832]

solved select: 321 in 19482.85 seconds
iteration: 0, n requested: 321, n selected: 321, selected: [1094, 2693, 2356, 3488, 2442, 1382, 1024, 2347, 126, 1989, 3204, 868, 3370, 3468, 3441, 2327, 1937, 472, 1646, 3351, 509, 1342, 1285, 2791, 431, 2336, 1873, 443, 359, 1281, 2422, 1479, 2889, 162, 2299, 446, 3178, 385, 387, 1206, 3328, 3225, 2164, 1650, 2314, 2549, 1968, 3400, 316, 1238, 1414, 1359, 381, 91, 939, 3201, 3278, 465, 549, 844, 1778, 523, 438, 2901, 2737, 2348, 440, 502, 1940, 1033, 2237, 3189, 207, 1900, 380, 3308, 952, 1982, 2010, 3385, 1298, 3330, 1898, 445, 1267, 2078, 345, 2254, 3126, 538, 900, 819, 3183, 1856, 2742, 3236, 1794, 1395, 3355, 469, 208, 53, 3450, 3196, 1632, 2187, 389, 3486, 3197, 2694, 3358, 150, 2599, 1354, 1049, 500, 2739, 2281, 456, 2871, 2031, 2664, 2584, 3206, 1949, 2205, 2227, 2706, 1372, 3345, 1015, 1388, 312, 421, 1901, 1878, 243, 1394, 481, 848, 2301, 533, 1257, 1300, 3393, 833, 3365, 1426, 499, 520, 205, 2238, 2167, 2015, 470, 1288, 1979, 3260, 2320, 1790, 1830, 1268, 1520, 2354, 468, 528, 491, 2353, 571, 677, 507, 2337, 1523, 934, 2087, 2479, 2902, 850, 2218, 3337, 2308, 1504, 3205, 1276, 1482, 3397, 2497, 2043, 378, 334, 3227, 3479, 2869, 409, 1810, 2005, 282, 2162, 1941, 3181, 839, 591, 906, 3399, 452, 863, 2531, 3352, 479, 2379, 3193, 1882, 3124, 1428, 444, 1952, 2897, 2712, 3383, 3160, 2763, 1488, 606, 2732, 1899, 2325, 514, 106, 1228, 508, 1074, 190, 179, 1289, 1420, 2285, 2682, 3215, 488, 1823, 1980, 2247, 883, 490, 2269, 1795, 1793, 1307, 903, 3446, 161, 3430, 2184, 792, 3252, 2196, 2219, 2603, 623, 2125, 2821, 3175, 461, 1988, 1062, 483, 667, 2631, 2296, 1254, 3317, 417, 1357, 477, 29, 2331, 2081, 1892, 1380, 2262, 2453, 3401, 1905, 2018, 2405, 2726, 998, 1970, 436, 504, 390, 269, 3241, 1752, 2676, 86, 439, 1826, 1578, 1046, 539, 2536, 449, 1392, 1365, 983, 1727, 299, 1249, 1540, 2716, 537, 2072, 2703, 3364, 750, 2555, 1308, 3169, 1832, 1875]

solved select: 322 in 19656.45 seconds
iteration: 0, n requested: 322, n selected: 322, selected: [1094, 2693, 2356, 3488, 2442, 1382, 1024, 2347, 126, 1989, 3204, 868, 3370, 3468, 3441, 2327, 1937, 472, 1646, 3351, 509, 1342, 1285, 2791, 431, 2336, 1873, 443, 359, 1281, 2422, 1479, 2889, 162, 2299, 446, 3178, 385, 387, 1206, 3328, 3225, 2164, 1650, 2314, 2549, 1968, 3400, 316, 1238, 1414, 1359, 381, 91, 939, 3201, 3278, 465, 549, 844, 1778, 523, 438, 2901, 2737, 2348, 440, 502, 1940, 1033, 2237, 3189, 207, 1900, 380, 3308, 952, 1982, 2010, 3385, 1298, 3330, 1898, 445, 1267, 2078, 345, 2254, 3126, 538, 900, 819, 3183, 1856, 2742, 3236, 1794, 1395, 3355, 469, 208, 53, 3450, 3196, 1632, 2187, 389, 3486, 3197, 2694, 3358, 150, 2599, 1354, 1049, 500, 2739, 2281, 456, 2871, 2031, 2664, 2584, 3206, 1949, 2205, 2227, 2706, 1372, 3345, 1015, 1388, 312, 421, 1901, 1878, 243, 1394, 481, 848, 2301, 533, 1257, 1300, 3393, 833, 3365, 1426, 499, 520, 205, 2238, 2167, 2015, 470, 1288, 1979, 3260, 2320, 1790, 1830, 1268, 1520, 2354, 468, 528, 491, 2353, 571, 677, 507, 2337, 1523, 934, 2087, 2479, 2902, 850, 2218, 3337, 2308, 1504, 3205, 1276, 1482, 3397, 2497, 2043, 378, 334, 3227, 3479, 2869, 409, 1810, 2005, 282, 2162, 1941, 3181, 839, 591, 906, 3399, 452, 863, 2531, 3352, 479, 2379, 3193, 1882, 3124, 1428, 444, 1952, 2897, 2712, 3383, 3160, 2763, 1488, 606, 2732, 1899, 2325, 514, 106, 1228, 508, 1074, 190, 179, 1289, 1420, 2285, 2682, 3215, 488, 1823, 1980, 2247, 883, 490, 2269, 1795, 1793, 1307, 903, 3446, 161, 3430, 2184, 792, 3252, 2196, 2219, 2603, 623, 2125, 2821, 3175, 461, 1988, 1062, 483, 667, 2631, 2296, 1254, 3317, 417, 1357, 477, 29, 2331, 2081, 1892, 1380, 2262, 2453, 3401, 1905, 2018, 2405, 2726, 998, 1970, 436, 504, 390, 269, 3241, 1752, 2676, 86, 439, 1826, 1578, 1046, 539, 2536, 449, 1392, 1365, 983, 1727, 299, 1249, 1540, 2716, 537, 2072, 2703, 3364, 750, 2555, 1308, 3169, 1832, 1875, 841]

solved select: 323 in 19827.28 seconds
iteration: 0, n requested: 323, n selected: 323, selected: [1094, 2693, 2356, 3488, 2442, 1382, 1024, 2347, 126, 1989, 3204, 868, 3370, 3468, 3441, 2327, 1937, 472, 1646, 3351, 509, 1342, 1285, 2791, 431, 2336, 1873, 443, 359, 1281, 2422, 1479, 2889, 162, 2299, 446, 3178, 385, 387, 1206, 3328, 3225, 2164, 1650, 2314, 2549, 1968, 3400, 316, 1238, 1414, 1359, 381, 91, 939, 3201, 3278, 465, 549, 844, 1778, 523, 438, 2901, 2737, 2348, 440, 502, 1940, 1033, 2237, 3189, 207, 1900, 380, 3308, 952, 1982, 2010, 3385, 1298, 3330, 1898, 445, 1267, 2078, 345, 2254, 3126, 538, 900, 819, 3183, 1856, 2742, 3236, 1794, 1395, 3355, 469, 208, 53, 3450, 3196, 1632, 2187, 389, 3486, 3197, 2694, 3358, 150, 2599, 1354, 1049, 500, 2739, 2281, 456, 2871, 2031, 2664, 2584, 3206, 1949, 2205, 2227, 2706, 1372, 3345, 1015, 1388, 312, 421, 1901, 1878, 243, 1394, 481, 848, 2301, 533, 1257, 1300, 3393, 833, 3365, 1426, 499, 520, 205, 2238, 2167, 2015, 470, 1288, 1979, 3260, 2320, 1790, 1830, 1268, 1520, 2354, 468, 528, 491, 2353, 571, 677, 507, 2337, 1523, 934, 2087, 2479, 2902, 850, 2218, 3337, 2308, 1504, 3205, 1276, 1482, 3397, 2497, 2043, 378, 334, 3227, 3479, 2869, 409, 1810, 2005, 282, 2162, 1941, 3181, 839, 591, 906, 3399, 452, 863, 2531, 3352, 479, 2379, 3193, 1882, 3124, 1428, 444, 1952, 2897, 2712, 3383, 3160, 2763, 1488, 606, 2732, 1899, 2325, 514, 106, 1228, 508, 1074, 190, 179, 1289, 1420, 2285, 2682, 3215, 488, 1823, 1980, 2247, 883, 490, 2269, 1795, 1793, 1307, 903, 3446, 161, 3430, 2184, 792, 3252, 2196, 2219, 2603, 623, 2125, 2821, 3175, 461, 1988, 1062, 483, 667, 2631, 2296, 1254, 3317, 417, 1357, 477, 29, 2331, 2081, 1892, 1380, 2262, 2453, 3401, 1905, 2018, 2405, 2726, 998, 1970, 436, 504, 390, 269, 3241, 1752, 2676, 86, 439, 1826, 1578, 1046, 539, 2536, 449, 1392, 1365, 983, 1727, 299, 1249, 1540, 2716, 537, 2072, 2703, 3364, 750, 2555, 1308, 3169, 1832, 1875, 841, 1770]

solved select: 324 in 20000.65 seconds
iteration: 0, n requested: 324, n selected: 324, selected: [1094, 2693, 2356, 3488, 2442, 1382, 1024, 2347, 126, 1989, 3204, 868, 3370, 3468, 3441, 2327, 1937, 472, 1646, 3351, 509, 1342, 1285, 2791, 431, 2336, 1873, 443, 359, 1281, 2422, 1479, 2889, 162, 2299, 446, 3178, 385, 387, 1206, 3328, 3225, 2164, 1650, 2314, 2549, 1968, 3400, 316, 1238, 1414, 1359, 381, 91, 939, 3201, 3278, 465, 549, 844, 1778, 523, 438, 2901, 2737, 2348, 440, 502, 1940, 1033, 2237, 3189, 207, 1900, 380, 3308, 952, 1982, 2010, 3385, 1298, 3330, 1898, 445, 1267, 2078, 345, 2254, 3126, 538, 900, 819, 3183, 1856, 2742, 3236, 1794, 1395, 3355, 469, 208, 53, 3450, 3196, 1632, 2187, 389, 3486, 3197, 2694, 3358, 150, 2599, 1354, 1049, 500, 2739, 2281, 456, 2871, 2031, 2664, 2584, 3206, 1949, 2205, 2227, 2706, 1372, 3345, 1015, 1388, 312, 421, 1901, 1878, 243, 1394, 481, 848, 2301, 533, 1257, 1300, 3393, 833, 3365, 1426, 499, 520, 205, 2238, 2167, 2015, 470, 1288, 1979, 3260, 2320, 1790, 1830, 1268, 1520, 2354, 468, 528, 491, 2353, 571, 677, 507, 2337, 1523, 934, 2087, 2479, 2902, 850, 2218, 3337, 2308, 1504, 3205, 1276, 1482, 3397, 2497, 2043, 378, 334, 3227, 3479, 2869, 409, 1810, 2005, 282, 2162, 1941, 3181, 839, 591, 906, 3399, 452, 863, 2531, 3352, 479, 2379, 3193, 1882, 3124, 1428, 444, 1952, 2897, 2712, 3383, 3160, 2763, 1488, 606, 2732, 1899, 2325, 514, 106, 1228, 508, 1074, 190, 179, 1289, 1420, 2285, 2682, 3215, 488, 1823, 1980, 2247, 883, 490, 2269, 1795, 1793, 1307, 903, 3446, 161, 3430, 2184, 792, 3252, 2196, 2219, 2603, 623, 2125, 2821, 3175, 461, 1988, 1062, 483, 667, 2631, 2296, 1254, 3317, 417, 1357, 477, 29, 2331, 2081, 1892, 1380, 2262, 2453, 3401, 1905, 2018, 2405, 2726, 998, 1970, 436, 504, 390, 269, 3241, 1752, 2676, 86, 439, 1826, 1578, 1046, 539, 2536, 449, 1392, 1365, 983, 1727, 299, 1249, 1540, 2716, 537, 2072, 2703, 3364, 750, 2555, 1308, 3169, 1832, 1875, 841, 1770, 851]

solved select: 325 in 20177.17 seconds
iteration: 0, n requested: 325, n selected: 325, selected: [1094, 2693, 2356, 3488, 2442, 1382, 1024, 2347, 126, 1989, 3204, 868, 3370, 3468, 3441, 2327, 1937, 472, 1646, 3351, 509, 1342, 1285, 2791, 431, 2336, 1873, 443, 359, 1281, 2422, 1479, 2889, 162, 2299, 446, 3178, 385, 387, 1206, 3328, 3225, 2164, 1650, 2314, 2549, 1968, 3400, 316, 1238, 1414, 1359, 381, 91, 939, 3201, 3278, 465, 549, 844, 1778, 523, 438, 2901, 2737, 2348, 440, 502, 1940, 1033, 2237, 3189, 207, 1900, 380, 3308, 952, 1982, 2010, 3385, 1298, 3330, 1898, 445, 1267, 2078, 345, 2254, 3126, 538, 900, 819, 3183, 1856, 2742, 3236, 1794, 1395, 3355, 469, 208, 53, 3450, 3196, 1632, 2187, 389, 3486, 3197, 2694, 3358, 150, 2599, 1354, 1049, 500, 2739, 2281, 456, 2871, 2031, 2664, 2584, 3206, 1949, 2205, 2227, 2706, 1372, 3345, 1015, 1388, 312, 421, 1901, 1878, 243, 1394, 481, 848, 2301, 533, 1257, 1300, 3393, 833, 3365, 1426, 499, 520, 205, 2238, 2167, 2015, 470, 1288, 1979, 3260, 2320, 1790, 1830, 1268, 1520, 2354, 468, 528, 491, 2353, 571, 677, 507, 2337, 1523, 934, 2087, 2479, 2902, 850, 2218, 3337, 2308, 1504, 3205, 1276, 1482, 3397, 2497, 2043, 378, 334, 3227, 3479, 2869, 409, 1810, 2005, 282, 2162, 1941, 3181, 839, 591, 906, 3399, 452, 863, 2531, 3352, 479, 2379, 3193, 1882, 3124, 1428, 444, 1952, 2897, 2712, 3383, 3160, 2763, 1488, 606, 2732, 1899, 2325, 514, 106, 1228, 508, 1074, 190, 179, 1289, 1420, 2285, 2682, 3215, 488, 1823, 1980, 2247, 883, 490, 2269, 1795, 1793, 1307, 903, 3446, 161, 3430, 2184, 792, 3252, 2196, 2219, 2603, 623, 2125, 2821, 3175, 461, 1988, 1062, 483, 667, 2631, 2296, 1254, 3317, 417, 1357, 477, 29, 2331, 2081, 1892, 1380, 2262, 2453, 3401, 1905, 2018, 2405, 2726, 998, 1970, 436, 504, 390, 269, 3241, 1752, 2676, 86, 439, 1826, 1578, 1046, 539, 2536, 449, 1392, 1365, 983, 1727, 299, 1249, 1540, 2716, 537, 2072, 2703, 3364, 750, 2555, 1308, 3169, 1832, 1875, 841, 1770, 851, 2291]

solved select: 326 in 20350.21 seconds
iteration: 0, n requested: 326, n selected: 326, selected: [1094, 2693, 2356, 3488, 2442, 1382, 1024, 2347, 126, 1989, 3204, 868, 3370, 3468, 3441, 2327, 1937, 472, 1646, 3351, 509, 1342, 1285, 2791, 431, 2336, 1873, 443, 359, 1281, 2422, 1479, 2889, 162, 2299, 446, 3178, 385, 387, 1206, 3328, 3225, 2164, 1650, 2314, 2549, 1968, 3400, 316, 1238, 1414, 1359, 381, 91, 939, 3201, 3278, 465, 549, 844, 1778, 523, 438, 2901, 2737, 2348, 440, 502, 1940, 1033, 2237, 3189, 207, 1900, 380, 3308, 952, 1982, 2010, 3385, 1298, 3330, 1898, 445, 1267, 2078, 345, 2254, 3126, 538, 900, 819, 3183, 1856, 2742, 3236, 1794, 1395, 3355, 469, 208, 53, 3450, 3196, 1632, 2187, 389, 3486, 3197, 2694, 3358, 150, 2599, 1354, 1049, 500, 2739, 2281, 456, 2871, 2031, 2664, 2584, 3206, 1949, 2205, 2227, 2706, 1372, 3345, 1015, 1388, 312, 421, 1901, 1878, 243, 1394, 481, 848, 2301, 533, 1257, 1300, 3393, 833, 3365, 1426, 499, 520, 205, 2238, 2167, 2015, 470, 1288, 1979, 3260, 2320, 1790, 1830, 1268, 1520, 2354, 468, 528, 491, 2353, 571, 677, 507, 2337, 1523, 934, 2087, 2479, 2902, 850, 2218, 3337, 2308, 1504, 3205, 1276, 1482, 3397, 2497, 2043, 378, 334, 3227, 3479, 2869, 409, 1810, 2005, 282, 2162, 1941, 3181, 839, 591, 906, 3399, 452, 863, 2531, 3352, 479, 2379, 3193, 1882, 3124, 1428, 444, 1952, 2897, 2712, 3383, 3160, 2763, 1488, 606, 2732, 1899, 2325, 514, 106, 1228, 508, 1074, 190, 179, 1289, 1420, 2285, 2682, 3215, 488, 1823, 1980, 2247, 883, 490, 2269, 1795, 1793, 1307, 903, 3446, 161, 3430, 2184, 792, 3252, 2196, 2219, 2603, 623, 2125, 2821, 3175, 461, 1988, 1062, 483, 667, 2631, 2296, 1254, 3317, 417, 1357, 477, 29, 2331, 2081, 1892, 1380, 2262, 2453, 3401, 1905, 2018, 2405, 2726, 998, 1970, 436, 504, 390, 269, 3241, 1752, 2676, 86, 439, 1826, 1578, 1046, 539, 2536, 449, 1392, 1365, 983, 1727, 299, 1249, 1540, 2716, 537, 2072, 2703, 3364, 750, 2555, 1308, 3169, 1832, 1875, 841, 1770, 851, 2291, 2349]

solved select: 327 in 20527.59 seconds
iteration: 0, n requested: 327, n selected: 327, selected: [1094, 2693, 2356, 3488, 2442, 1382, 1024, 2347, 126, 1989, 3204, 868, 3370, 3468, 3441, 2327, 1937, 472, 1646, 3351, 509, 1342, 1285, 2791, 431, 2336, 1873, 443, 359, 1281, 2422, 1479, 2889, 162, 2299, 446, 3178, 385, 387, 1206, 3328, 3225, 2164, 1650, 2314, 2549, 1968, 3400, 316, 1238, 1414, 1359, 381, 91, 939, 3201, 3278, 465, 549, 844, 1778, 523, 438, 2901, 2737, 2348, 440, 502, 1940, 1033, 2237, 3189, 207, 1900, 380, 3308, 952, 1982, 2010, 3385, 1298, 3330, 1898, 445, 1267, 2078, 345, 2254, 3126, 538, 900, 819, 3183, 1856, 2742, 3236, 1794, 1395, 3355, 469, 208, 53, 3450, 3196, 1632, 2187, 389, 3486, 3197, 2694, 3358, 150, 2599, 1354, 1049, 500, 2739, 2281, 456, 2871, 2031, 2664, 2584, 3206, 1949, 2205, 2227, 2706, 1372, 3345, 1015, 1388, 312, 421, 1901, 1878, 243, 1394, 481, 848, 2301, 533, 1257, 1300, 3393, 833, 3365, 1426, 499, 520, 205, 2238, 2167, 2015, 470, 1288, 1979, 3260, 2320, 1790, 1830, 1268, 1520, 2354, 468, 528, 491, 2353, 571, 677, 507, 2337, 1523, 934, 2087, 2479, 2902, 850, 2218, 3337, 2308, 1504, 3205, 1276, 1482, 3397, 2497, 2043, 378, 334, 3227, 3479, 2869, 409, 1810, 2005, 282, 2162, 1941, 3181, 839, 591, 906, 3399, 452, 863, 2531, 3352, 479, 2379, 3193, 1882, 3124, 1428, 444, 1952, 2897, 2712, 3383, 3160, 2763, 1488, 606, 2732, 1899, 2325, 514, 106, 1228, 508, 1074, 190, 179, 1289, 1420, 2285, 2682, 3215, 488, 1823, 1980, 2247, 883, 490, 2269, 1795, 1793, 1307, 903, 3446, 161, 3430, 2184, 792, 3252, 2196, 2219, 2603, 623, 2125, 2821, 3175, 461, 1988, 1062, 483, 667, 2631, 2296, 1254, 3317, 417, 1357, 477, 29, 2331, 2081, 1892, 1380, 2262, 2453, 3401, 1905, 2018, 2405, 2726, 998, 1970, 436, 504, 390, 269, 3241, 1752, 2676, 86, 439, 1826, 1578, 1046, 539, 2536, 449, 1392, 1365, 983, 1727, 299, 1249, 1540, 2716, 537, 2072, 2703, 3364, 750, 2555, 1308, 3169, 1832, 1875, 841, 1770, 851, 2291, 2349, 2293]

solved select: 328 in 20702.30 seconds
iteration: 0, n requested: 328, n selected: 328, selected: [1094, 2693, 2356, 3488, 2442, 1382, 1024, 2347, 126, 1989, 3204, 868, 3370, 3468, 3441, 2327, 1937, 472, 1646, 3351, 509, 1342, 1285, 2791, 431, 2336, 1873, 443, 359, 1281, 2422, 1479, 2889, 162, 2299, 446, 3178, 385, 387, 1206, 3328, 3225, 2164, 1650, 2314, 2549, 1968, 3400, 316, 1238, 1414, 1359, 381, 91, 939, 3201, 3278, 465, 549, 844, 1778, 523, 438, 2901, 2737, 2348, 440, 502, 1940, 1033, 2237, 3189, 207, 1900, 380, 3308, 952, 1982, 2010, 3385, 1298, 3330, 1898, 445, 1267, 2078, 345, 2254, 3126, 538, 900, 819, 3183, 1856, 2742, 3236, 1794, 1395, 3355, 469, 208, 53, 3450, 3196, 1632, 2187, 389, 3486, 3197, 2694, 3358, 150, 2599, 1354, 1049, 500, 2739, 2281, 456, 2871, 2031, 2664, 2584, 3206, 1949, 2205, 2227, 2706, 1372, 3345, 1015, 1388, 312, 421, 1901, 1878, 243, 1394, 481, 848, 2301, 533, 1257, 1300, 3393, 833, 3365, 1426, 499, 520, 205, 2238, 2167, 2015, 470, 1288, 1979, 3260, 2320, 1790, 1830, 1268, 1520, 2354, 468, 528, 491, 2353, 571, 677, 507, 2337, 1523, 934, 2087, 2479, 2902, 850, 2218, 3337, 2308, 1504, 3205, 1276, 1482, 3397, 2497, 2043, 378, 334, 3227, 3479, 2869, 409, 1810, 2005, 282, 2162, 1941, 3181, 839, 591, 906, 3399, 452, 863, 2531, 3352, 479, 2379, 3193, 1882, 3124, 1428, 444, 1952, 2897, 2712, 3383, 3160, 2763, 1488, 606, 2732, 1899, 2325, 514, 106, 1228, 508, 1074, 190, 179, 1289, 1420, 2285, 2682, 3215, 488, 1823, 1980, 2247, 883, 490, 2269, 1795, 1793, 1307, 903, 3446, 161, 3430, 2184, 792, 3252, 2196, 2219, 2603, 623, 2125, 2821, 3175, 461, 1988, 1062, 483, 667, 2631, 2296, 1254, 3317, 417, 1357, 477, 29, 2331, 2081, 1892, 1380, 2262, 2453, 3401, 1905, 2018, 2405, 2726, 998, 1970, 436, 504, 390, 269, 3241, 1752, 2676, 86, 439, 1826, 1578, 1046, 539, 2536, 449, 1392, 1365, 983, 1727, 299, 1249, 1540, 2716, 537, 2072, 2703, 3364, 750, 2555, 1308, 3169, 1832, 1875, 841, 1770, 851, 2291, 2349, 2293, 3475]

solved select: 329 in 20879.38 seconds
iteration: 0, n requested: 329, n selected: 329, selected: [1094, 2693, 2356, 3488, 2442, 1382, 1024, 2347, 126, 1989, 3204, 868, 3370, 3468, 3441, 2327, 1937, 472, 1646, 3351, 509, 1342, 1285, 2791, 431, 2336, 1873, 443, 359, 1281, 2422, 1479, 2889, 162, 2299, 446, 3178, 385, 387, 1206, 3328, 3225, 2164, 1650, 2314, 2549, 1968, 3400, 316, 1238, 1414, 1359, 381, 91, 939, 3201, 3278, 465, 549, 844, 1778, 523, 438, 2901, 2737, 2348, 440, 502, 1940, 1033, 2237, 3189, 207, 1900, 380, 3308, 952, 1982, 2010, 3385, 1298, 3330, 1898, 445, 1267, 2078, 345, 2254, 3126, 538, 900, 819, 3183, 1856, 2742, 3236, 1794, 1395, 3355, 469, 208, 53, 3450, 3196, 1632, 2187, 389, 3486, 3197, 2694, 3358, 150, 2599, 1354, 1049, 500, 2739, 2281, 456, 2871, 2031, 2664, 2584, 3206, 1949, 2205, 2227, 2706, 1372, 3345, 1015, 1388, 312, 421, 1901, 1878, 243, 1394, 481, 848, 2301, 533, 1257, 1300, 3393, 833, 3365, 1426, 499, 520, 205, 2238, 2167, 2015, 470, 1288, 1979, 3260, 2320, 1790, 1830, 1268, 1520, 2354, 468, 528, 491, 2353, 571, 677, 507, 2337, 1523, 934, 2087, 2479, 2902, 850, 2218, 3337, 2308, 1504, 3205, 1276, 1482, 3397, 2497, 2043, 378, 334, 3227, 3479, 2869, 409, 1810, 2005, 282, 2162, 1941, 3181, 839, 591, 906, 3399, 452, 863, 2531, 3352, 479, 2379, 3193, 1882, 3124, 1428, 444, 1952, 2897, 2712, 3383, 3160, 2763, 1488, 606, 2732, 1899, 2325, 514, 106, 1228, 508, 1074, 190, 179, 1289, 1420, 2285, 2682, 3215, 488, 1823, 1980, 2247, 883, 490, 2269, 1795, 1793, 1307, 903, 3446, 161, 3430, 2184, 792, 3252, 2196, 2219, 2603, 623, 2125, 2821, 3175, 461, 1988, 1062, 483, 667, 2631, 2296, 1254, 3317, 417, 1357, 477, 29, 2331, 2081, 1892, 1380, 2262, 2453, 3401, 1905, 2018, 2405, 2726, 998, 1970, 436, 504, 390, 269, 3241, 1752, 2676, 86, 439, 1826, 1578, 1046, 539, 2536, 449, 1392, 1365, 983, 1727, 299, 1249, 1540, 2716, 537, 2072, 2703, 3364, 750, 2555, 1308, 3169, 1832, 1875, 841, 1770, 851, 2291, 2349, 2293, 3475, 909]

solved select: 330 in 21055.78 seconds
iteration: 0, n requested: 330, n selected: 330, selected: [1094, 2693, 2356, 3488, 2442, 1382, 1024, 2347, 126, 1989, 3204, 868, 3370, 3468, 3441, 2327, 1937, 472, 1646, 3351, 509, 1342, 1285, 2791, 431, 2336, 1873, 443, 359, 1281, 2422, 1479, 2889, 162, 2299, 446, 3178, 385, 387, 1206, 3328, 3225, 2164, 1650, 2314, 2549, 1968, 3400, 316, 1238, 1414, 1359, 381, 91, 939, 3201, 3278, 465, 549, 844, 1778, 523, 438, 2901, 2737, 2348, 440, 502, 1940, 1033, 2237, 3189, 207, 1900, 380, 3308, 952, 1982, 2010, 3385, 1298, 3330, 1898, 445, 1267, 2078, 345, 2254, 3126, 538, 900, 819, 3183, 1856, 2742, 3236, 1794, 1395, 3355, 469, 208, 53, 3450, 3196, 1632, 2187, 389, 3486, 3197, 2694, 3358, 150, 2599, 1354, 1049, 500, 2739, 2281, 456, 2871, 2031, 2664, 2584, 3206, 1949, 2205, 2227, 2706, 1372, 3345, 1015, 1388, 312, 421, 1901, 1878, 243, 1394, 481, 848, 2301, 533, 1257, 1300, 3393, 833, 3365, 1426, 499, 520, 205, 2238, 2167, 2015, 470, 1288, 1979, 3260, 2320, 1790, 1830, 1268, 1520, 2354, 468, 528, 491, 2353, 571, 677, 507, 2337, 1523, 934, 2087, 2479, 2902, 850, 2218, 3337, 2308, 1504, 3205, 1276, 1482, 3397, 2497, 2043, 378, 334, 3227, 3479, 2869, 409, 1810, 2005, 282, 2162, 1941, 3181, 839, 591, 906, 3399, 452, 863, 2531, 3352, 479, 2379, 3193, 1882, 3124, 1428, 444, 1952, 2897, 2712, 3383, 3160, 2763, 1488, 606, 2732, 1899, 2325, 514, 106, 1228, 508, 1074, 190, 179, 1289, 1420, 2285, 2682, 3215, 488, 1823, 1980, 2247, 883, 490, 2269, 1795, 1793, 1307, 903, 3446, 161, 3430, 2184, 792, 3252, 2196, 2219, 2603, 623, 2125, 2821, 3175, 461, 1988, 1062, 483, 667, 2631, 2296, 1254, 3317, 417, 1357, 477, 29, 2331, 2081, 1892, 1380, 2262, 2453, 3401, 1905, 2018, 2405, 2726, 998, 1970, 436, 504, 390, 269, 3241, 1752, 2676, 86, 439, 1826, 1578, 1046, 539, 2536, 449, 1392, 1365, 983, 1727, 299, 1249, 1540, 2716, 537, 2072, 2703, 3364, 750, 2555, 1308, 3169, 1832, 1875, 841, 1770, 851, 2291, 2349, 2293, 3475, 909, 198]

solved select: 331 in 21235.04 seconds
iteration: 0, n requested: 331, n selected: 331, selected: [1094, 2693, 2356, 3488, 2442, 1382, 1024, 2347, 126, 1989, 3204, 868, 3370, 3468, 3441, 2327, 1937, 472, 1646, 3351, 509, 1342, 1285, 2791, 431, 2336, 1873, 443, 359, 1281, 2422, 1479, 2889, 162, 2299, 446, 3178, 385, 387, 1206, 3328, 3225, 2164, 1650, 2314, 2549, 1968, 3400, 316, 1238, 1414, 1359, 381, 91, 939, 3201, 3278, 465, 549, 844, 1778, 523, 438, 2901, 2737, 2348, 440, 502, 1940, 1033, 2237, 3189, 207, 1900, 380, 3308, 952, 1982, 2010, 3385, 1298, 3330, 1898, 445, 1267, 2078, 345, 2254, 3126, 538, 900, 819, 3183, 1856, 2742, 3236, 1794, 1395, 3355, 469, 208, 53, 3450, 3196, 1632, 2187, 389, 3486, 3197, 2694, 3358, 150, 2599, 1354, 1049, 500, 2739, 2281, 456, 2871, 2031, 2664, 2584, 3206, 1949, 2205, 2227, 2706, 1372, 3345, 1015, 1388, 312, 421, 1901, 1878, 243, 1394, 481, 848, 2301, 533, 1257, 1300, 3393, 833, 3365, 1426, 499, 520, 205, 2238, 2167, 2015, 470, 1288, 1979, 3260, 2320, 1790, 1830, 1268, 1520, 2354, 468, 528, 491, 2353, 571, 677, 507, 2337, 1523, 934, 2087, 2479, 2902, 850, 2218, 3337, 2308, 1504, 3205, 1276, 1482, 3397, 2497, 2043, 378, 334, 3227, 3479, 2869, 409, 1810, 2005, 282, 2162, 1941, 3181, 839, 591, 906, 3399, 452, 863, 2531, 3352, 479, 2379, 3193, 1882, 3124, 1428, 444, 1952, 2897, 2712, 3383, 3160, 2763, 1488, 606, 2732, 1899, 2325, 514, 106, 1228, 508, 1074, 190, 179, 1289, 1420, 2285, 2682, 3215, 488, 1823, 1980, 2247, 883, 490, 2269, 1795, 1793, 1307, 903, 3446, 161, 3430, 2184, 792, 3252, 2196, 2219, 2603, 623, 2125, 2821, 3175, 461, 1988, 1062, 483, 667, 2631, 2296, 1254, 3317, 417, 1357, 477, 29, 2331, 2081, 1892, 1380, 2262, 2453, 3401, 1905, 2018, 2405, 2726, 998, 1970, 436, 504, 390, 269, 3241, 1752, 2676, 86, 439, 1826, 1578, 1046, 539, 2536, 449, 1392, 1365, 983, 1727, 299, 1249, 1540, 2716, 537, 2072, 2703, 3364, 750, 2555, 1308, 3169, 1832, 1875, 841, 1770, 851, 2291, 2349, 2293, 3475, 909, 198, 2875]

solved select: 332 in 21409.85 seconds
iteration: 0, n requested: 332, n selected: 332, selected: [1094, 2693, 2356, 3488, 2442, 1382, 1024, 2347, 126, 1989, 3204, 868, 3370, 3468, 3441, 2327, 1937, 472, 1646, 3351, 509, 1342, 1285, 2791, 431, 2336, 1873, 443, 359, 1281, 2422, 1479, 2889, 162, 2299, 446, 3178, 385, 387, 1206, 3328, 3225, 2164, 1650, 2314, 2549, 1968, 3400, 316, 1238, 1414, 1359, 381, 91, 939, 3201, 3278, 465, 549, 844, 1778, 523, 438, 2901, 2737, 2348, 440, 502, 1940, 1033, 2237, 3189, 207, 1900, 380, 3308, 952, 1982, 2010, 3385, 1298, 3330, 1898, 445, 1267, 2078, 345, 2254, 3126, 538, 900, 819, 3183, 1856, 2742, 3236, 1794, 1395, 3355, 469, 208, 53, 3450, 3196, 1632, 2187, 389, 3486, 3197, 2694, 3358, 150, 2599, 1354, 1049, 500, 2739, 2281, 456, 2871, 2031, 2664, 2584, 3206, 1949, 2205, 2227, 2706, 1372, 3345, 1015, 1388, 312, 421, 1901, 1878, 243, 1394, 481, 848, 2301, 533, 1257, 1300, 3393, 833, 3365, 1426, 499, 520, 205, 2238, 2167, 2015, 470, 1288, 1979, 3260, 2320, 1790, 1830, 1268, 1520, 2354, 468, 528, 491, 2353, 571, 677, 507, 2337, 1523, 934, 2087, 2479, 2902, 850, 2218, 3337, 2308, 1504, 3205, 1276, 1482, 3397, 2497, 2043, 378, 334, 3227, 3479, 2869, 409, 1810, 2005, 282, 2162, 1941, 3181, 839, 591, 906, 3399, 452, 863, 2531, 3352, 479, 2379, 3193, 1882, 3124, 1428, 444, 1952, 2897, 2712, 3383, 3160, 2763, 1488, 606, 2732, 1899, 2325, 514, 106, 1228, 508, 1074, 190, 179, 1289, 1420, 2285, 2682, 3215, 488, 1823, 1980, 2247, 883, 490, 2269, 1795, 1793, 1307, 903, 3446, 161, 3430, 2184, 792, 3252, 2196, 2219, 2603, 623, 2125, 2821, 3175, 461, 1988, 1062, 483, 667, 2631, 2296, 1254, 3317, 417, 1357, 477, 29, 2331, 2081, 1892, 1380, 2262, 2453, 3401, 1905, 2018, 2405, 2726, 998, 1970, 436, 504, 390, 269, 3241, 1752, 2676, 86, 439, 1826, 1578, 1046, 539, 2536, 449, 1392, 1365, 983, 1727, 299, 1249, 1540, 2716, 537, 2072, 2703, 3364, 750, 2555, 1308, 3169, 1832, 1875, 841, 1770, 851, 2291, 2349, 2293, 3475, 909, 198, 2875, 3090]

solved select: 333 in 21589.72 seconds
iteration: 0, n requested: 333, n selected: 333, selected: [1094, 2693, 2356, 3488, 2442, 1382, 1024, 2347, 126, 1989, 3204, 868, 3370, 3468, 3441, 2327, 1937, 472, 1646, 3351, 509, 1342, 1285, 2791, 431, 2336, 1873, 443, 359, 1281, 2422, 1479, 2889, 162, 2299, 446, 3178, 385, 387, 1206, 3328, 3225, 2164, 1650, 2314, 2549, 1968, 3400, 316, 1238, 1414, 1359, 381, 91, 939, 3201, 3278, 465, 549, 844, 1778, 523, 438, 2901, 2737, 2348, 440, 502, 1940, 1033, 2237, 3189, 207, 1900, 380, 3308, 952, 1982, 2010, 3385, 1298, 3330, 1898, 445, 1267, 2078, 345, 2254, 3126, 538, 900, 819, 3183, 1856, 2742, 3236, 1794, 1395, 3355, 469, 208, 53, 3450, 3196, 1632, 2187, 389, 3486, 3197, 2694, 3358, 150, 2599, 1354, 1049, 500, 2739, 2281, 456, 2871, 2031, 2664, 2584, 3206, 1949, 2205, 2227, 2706, 1372, 3345, 1015, 1388, 312, 421, 1901, 1878, 243, 1394, 481, 848, 2301, 533, 1257, 1300, 3393, 833, 3365, 1426, 499, 520, 205, 2238, 2167, 2015, 470, 1288, 1979, 3260, 2320, 1790, 1830, 1268, 1520, 2354, 468, 528, 491, 2353, 571, 677, 507, 2337, 1523, 934, 2087, 2479, 2902, 850, 2218, 3337, 2308, 1504, 3205, 1276, 1482, 3397, 2497, 2043, 378, 334, 3227, 3479, 2869, 409, 1810, 2005, 282, 2162, 1941, 3181, 839, 591, 906, 3399, 452, 863, 2531, 3352, 479, 2379, 3193, 1882, 3124, 1428, 444, 1952, 2897, 2712, 3383, 3160, 2763, 1488, 606, 2732, 1899, 2325, 514, 106, 1228, 508, 1074, 190, 179, 1289, 1420, 2285, 2682, 3215, 488, 1823, 1980, 2247, 883, 490, 2269, 1795, 1793, 1307, 903, 3446, 161, 3430, 2184, 792, 3252, 2196, 2219, 2603, 623, 2125, 2821, 3175, 461, 1988, 1062, 483, 667, 2631, 2296, 1254, 3317, 417, 1357, 477, 29, 2331, 2081, 1892, 1380, 2262, 2453, 3401, 1905, 2018, 2405, 2726, 998, 1970, 436, 504, 390, 269, 3241, 1752, 2676, 86, 439, 1826, 1578, 1046, 539, 2536, 449, 1392, 1365, 983, 1727, 299, 1249, 1540, 2716, 537, 2072, 2703, 3364, 750, 2555, 1308, 3169, 1832, 1875, 841, 1770, 851, 2291, 2349, 2293, 3475, 909, 198, 2875, 3090, 346]

solved select: 334 in 21771.76 seconds
iteration: 0, n requested: 334, n selected: 334, selected: [1094, 2693, 2356, 3488, 2442, 1382, 1024, 2347, 126, 1989, 3204, 868, 3370, 3468, 3441, 2327, 1937, 472, 1646, 3351, 509, 1342, 1285, 2791, 431, 2336, 1873, 443, 359, 1281, 2422, 1479, 2889, 162, 2299, 446, 3178, 385, 387, 1206, 3328, 3225, 2164, 1650, 2314, 2549, 1968, 3400, 316, 1238, 1414, 1359, 381, 91, 939, 3201, 3278, 465, 549, 844, 1778, 523, 438, 2901, 2737, 2348, 440, 502, 1940, 1033, 2237, 3189, 207, 1900, 380, 3308, 952, 1982, 2010, 3385, 1298, 3330, 1898, 445, 1267, 2078, 345, 2254, 3126, 538, 900, 819, 3183, 1856, 2742, 3236, 1794, 1395, 3355, 469, 208, 53, 3450, 3196, 1632, 2187, 389, 3486, 3197, 2694, 3358, 150, 2599, 1354, 1049, 500, 2739, 2281, 456, 2871, 2031, 2664, 2584, 3206, 1949, 2205, 2227, 2706, 1372, 3345, 1015, 1388, 312, 421, 1901, 1878, 243, 1394, 481, 848, 2301, 533, 1257, 1300, 3393, 833, 3365, 1426, 499, 520, 205, 2238, 2167, 2015, 470, 1288, 1979, 3260, 2320, 1790, 1830, 1268, 1520, 2354, 468, 528, 491, 2353, 571, 677, 507, 2337, 1523, 934, 2087, 2479, 2902, 850, 2218, 3337, 2308, 1504, 3205, 1276, 1482, 3397, 2497, 2043, 378, 334, 3227, 3479, 2869, 409, 1810, 2005, 282, 2162, 1941, 3181, 839, 591, 906, 3399, 452, 863, 2531, 3352, 479, 2379, 3193, 1882, 3124, 1428, 444, 1952, 2897, 2712, 3383, 3160, 2763, 1488, 606, 2732, 1899, 2325, 514, 106, 1228, 508, 1074, 190, 179, 1289, 1420, 2285, 2682, 3215, 488, 1823, 1980, 2247, 883, 490, 2269, 1795, 1793, 1307, 903, 3446, 161, 3430, 2184, 792, 3252, 2196, 2219, 2603, 623, 2125, 2821, 3175, 461, 1988, 1062, 483, 667, 2631, 2296, 1254, 3317, 417, 1357, 477, 29, 2331, 2081, 1892, 1380, 2262, 2453, 3401, 1905, 2018, 2405, 2726, 998, 1970, 436, 504, 390, 269, 3241, 1752, 2676, 86, 439, 1826, 1578, 1046, 539, 2536, 449, 1392, 1365, 983, 1727, 299, 1249, 1540, 2716, 537, 2072, 2703, 3364, 750, 2555, 1308, 3169, 1832, 1875, 841, 1770, 851, 2291, 2349, 2293, 3475, 909, 198, 2875, 3090, 346, 1401]

solved select: 335 in 21955.43 seconds
iteration: 0, n requested: 335, n selected: 335, selected: [1094, 2693, 2356, 3488, 2442, 1382, 1024, 2347, 126, 1989, 3204, 868, 3370, 3468, 3441, 2327, 1937, 472, 1646, 3351, 509, 1342, 1285, 2791, 431, 2336, 1873, 443, 359, 1281, 2422, 1479, 2889, 162, 2299, 446, 3178, 385, 387, 1206, 3328, 3225, 2164, 1650, 2314, 2549, 1968, 3400, 316, 1238, 1414, 1359, 381, 91, 939, 3201, 3278, 465, 549, 844, 1778, 523, 438, 2901, 2737, 2348, 440, 502, 1940, 1033, 2237, 3189, 207, 1900, 380, 3308, 952, 1982, 2010, 3385, 1298, 3330, 1898, 445, 1267, 2078, 345, 2254, 3126, 538, 900, 819, 3183, 1856, 2742, 3236, 1794, 1395, 3355, 469, 208, 53, 3450, 3196, 1632, 2187, 389, 3486, 3197, 2694, 3358, 150, 2599, 1354, 1049, 500, 2739, 2281, 456, 2871, 2031, 2664, 2584, 3206, 1949, 2205, 2227, 2706, 1372, 3345, 1015, 1388, 312, 421, 1901, 1878, 243, 1394, 481, 848, 2301, 533, 1257, 1300, 3393, 833, 3365, 1426, 499, 520, 205, 2238, 2167, 2015, 470, 1288, 1979, 3260, 2320, 1790, 1830, 1268, 1520, 2354, 468, 528, 491, 2353, 571, 677, 507, 2337, 1523, 934, 2087, 2479, 2902, 850, 2218, 3337, 2308, 1504, 3205, 1276, 1482, 3397, 2497, 2043, 378, 334, 3227, 3479, 2869, 409, 1810, 2005, 282, 2162, 1941, 3181, 839, 591, 906, 3399, 452, 863, 2531, 3352, 479, 2379, 3193, 1882, 3124, 1428, 444, 1952, 2897, 2712, 3383, 3160, 2763, 1488, 606, 2732, 1899, 2325, 514, 106, 1228, 508, 1074, 190, 179, 1289, 1420, 2285, 2682, 3215, 488, 1823, 1980, 2247, 883, 490, 2269, 1795, 1793, 1307, 903, 3446, 161, 3430, 2184, 792, 3252, 2196, 2219, 2603, 623, 2125, 2821, 3175, 461, 1988, 1062, 483, 667, 2631, 2296, 1254, 3317, 417, 1357, 477, 29, 2331, 2081, 1892, 1380, 2262, 2453, 3401, 1905, 2018, 2405, 2726, 998, 1970, 436, 504, 390, 269, 3241, 1752, 2676, 86, 439, 1826, 1578, 1046, 539, 2536, 449, 1392, 1365, 983, 1727, 299, 1249, 1540, 2716, 537, 2072, 2703, 3364, 750, 2555, 1308, 3169, 1832, 1875, 841, 1770, 851, 2291, 2349, 2293, 3475, 909, 198, 2875, 3090, 346, 1401, 3424]

solved select: 336 in 22133.88 seconds
iteration: 0, n requested: 336, n selected: 336, selected: [1094, 2693, 2356, 3488, 2442, 1382, 1024, 2347, 126, 1989, 3204, 868, 3370, 3468, 3441, 2327, 1937, 472, 1646, 3351, 509, 1342, 1285, 2791, 431, 2336, 1873, 443, 359, 1281, 2422, 1479, 2889, 162, 2299, 446, 3178, 385, 387, 1206, 3328, 3225, 2164, 1650, 2314, 2549, 1968, 3400, 316, 1238, 1414, 1359, 381, 91, 939, 3201, 3278, 465, 549, 844, 1778, 523, 438, 2901, 2737, 2348, 440, 502, 1940, 1033, 2237, 3189, 207, 1900, 380, 3308, 952, 1982, 2010, 3385, 1298, 3330, 1898, 445, 1267, 2078, 345, 2254, 3126, 538, 900, 819, 3183, 1856, 2742, 3236, 1794, 1395, 3355, 469, 208, 53, 3450, 3196, 1632, 2187, 389, 3486, 3197, 2694, 3358, 150, 2599, 1354, 1049, 500, 2739, 2281, 456, 2871, 2031, 2664, 2584, 3206, 1949, 2205, 2227, 2706, 1372, 3345, 1015, 1388, 312, 421, 1901, 1878, 243, 1394, 481, 848, 2301, 533, 1257, 1300, 3393, 833, 3365, 1426, 499, 520, 205, 2238, 2167, 2015, 470, 1288, 1979, 3260, 2320, 1790, 1830, 1268, 1520, 2354, 468, 528, 491, 2353, 571, 677, 507, 2337, 1523, 934, 2087, 2479, 2902, 850, 2218, 3337, 2308, 1504, 3205, 1276, 1482, 3397, 2497, 2043, 378, 334, 3227, 3479, 2869, 409, 1810, 2005, 282, 2162, 1941, 3181, 839, 591, 906, 3399, 452, 863, 2531, 3352, 479, 2379, 3193, 1882, 3124, 1428, 444, 1952, 2897, 2712, 3383, 3160, 2763, 1488, 606, 2732, 1899, 2325, 514, 106, 1228, 508, 1074, 190, 179, 1289, 1420, 2285, 2682, 3215, 488, 1823, 1980, 2247, 883, 490, 2269, 1795, 1793, 1307, 903, 3446, 161, 3430, 2184, 792, 3252, 2196, 2219, 2603, 623, 2125, 2821, 3175, 461, 1988, 1062, 483, 667, 2631, 2296, 1254, 3317, 417, 1357, 477, 29, 2331, 2081, 1892, 1380, 2262, 2453, 3401, 1905, 2018, 2405, 2726, 998, 1970, 436, 504, 390, 269, 3241, 1752, 2676, 86, 439, 1826, 1578, 1046, 539, 2536, 449, 1392, 1365, 983, 1727, 299, 1249, 1540, 2716, 537, 2072, 2703, 3364, 750, 2555, 1308, 3169, 1832, 1875, 841, 1770, 851, 2291, 2349, 2293, 3475, 909, 198, 2875, 3090, 346, 1401, 3424, 513]

solved select: 337 in 22318.41 seconds
iteration: 0, n requested: 337, n selected: 337, selected: [1094, 2693, 2356, 3488, 2442, 1382, 1024, 2347, 126, 1989, 3204, 868, 3370, 3468, 3441, 2327, 1937, 472, 1646, 3351, 509, 1342, 1285, 2791, 431, 2336, 1873, 443, 359, 1281, 2422, 1479, 2889, 162, 2299, 446, 3178, 385, 387, 1206, 3328, 3225, 2164, 1650, 2314, 2549, 1968, 3400, 316, 1238, 1414, 1359, 381, 91, 939, 3201, 3278, 465, 549, 844, 1778, 523, 438, 2901, 2737, 2348, 440, 502, 1940, 1033, 2237, 3189, 207, 1900, 380, 3308, 952, 1982, 2010, 3385, 1298, 3330, 1898, 445, 1267, 2078, 345, 2254, 3126, 538, 900, 819, 3183, 1856, 2742, 3236, 1794, 1395, 3355, 469, 208, 53, 3450, 3196, 1632, 2187, 389, 3486, 3197, 2694, 3358, 150, 2599, 1354, 1049, 500, 2739, 2281, 456, 2871, 2031, 2664, 2584, 3206, 1949, 2205, 2227, 2706, 1372, 3345, 1015, 1388, 312, 421, 1901, 1878, 243, 1394, 481, 848, 2301, 533, 1257, 1300, 3393, 833, 3365, 1426, 499, 520, 205, 2238, 2167, 2015, 470, 1288, 1979, 3260, 2320, 1790, 1830, 1268, 1520, 2354, 468, 528, 491, 2353, 571, 677, 507, 2337, 1523, 934, 2087, 2479, 2902, 850, 2218, 3337, 2308, 1504, 3205, 1276, 1482, 3397, 2497, 2043, 378, 334, 3227, 3479, 2869, 409, 1810, 2005, 282, 2162, 1941, 3181, 839, 591, 906, 3399, 452, 863, 2531, 3352, 479, 2379, 3193, 1882, 3124, 1428, 444, 1952, 2897, 2712, 3383, 3160, 2763, 1488, 606, 2732, 1899, 2325, 514, 106, 1228, 508, 1074, 190, 179, 1289, 1420, 2285, 2682, 3215, 488, 1823, 1980, 2247, 883, 490, 2269, 1795, 1793, 1307, 903, 3446, 161, 3430, 2184, 792, 3252, 2196, 2219, 2603, 623, 2125, 2821, 3175, 461, 1988, 1062, 483, 667, 2631, 2296, 1254, 3317, 417, 1357, 477, 29, 2331, 2081, 1892, 1380, 2262, 2453, 3401, 1905, 2018, 2405, 2726, 998, 1970, 436, 504, 390, 269, 3241, 1752, 2676, 86, 439, 1826, 1578, 1046, 539, 2536, 449, 1392, 1365, 983, 1727, 299, 1249, 1540, 2716, 537, 2072, 2703, 3364, 750, 2555, 1308, 3169, 1832, 1875, 841, 1770, 851, 2291, 2349, 2293, 3475, 909, 198, 2875, 3090, 346, 1401, 3424, 513, 2672]

solved select: 338 in 22498.50 seconds
iteration: 0, n requested: 338, n selected: 338, selected: [1094, 2693, 2356, 3488, 2442, 1382, 1024, 2347, 126, 1989, 3204, 868, 3370, 3468, 3441, 2327, 1937, 472, 1646, 3351, 509, 1342, 1285, 2791, 431, 2336, 1873, 443, 359, 1281, 2422, 1479, 2889, 162, 2299, 446, 3178, 385, 387, 1206, 3328, 3225, 2164, 1650, 2314, 2549, 1968, 3400, 316, 1238, 1414, 1359, 381, 91, 939, 3201, 3278, 465, 549, 844, 1778, 523, 438, 2901, 2737, 2348, 440, 502, 1940, 1033, 2237, 3189, 207, 1900, 380, 3308, 952, 1982, 2010, 3385, 1298, 3330, 1898, 445, 1267, 2078, 345, 2254, 3126, 538, 900, 819, 3183, 1856, 2742, 3236, 1794, 1395, 3355, 469, 208, 53, 3450, 3196, 1632, 2187, 389, 3486, 3197, 2694, 3358, 150, 2599, 1354, 1049, 500, 2739, 2281, 456, 2871, 2031, 2664, 2584, 3206, 1949, 2205, 2227, 2706, 1372, 3345, 1015, 1388, 312, 421, 1901, 1878, 243, 1394, 481, 848, 2301, 533, 1257, 1300, 3393, 833, 3365, 1426, 499, 520, 205, 2238, 2167, 2015, 470, 1288, 1979, 3260, 2320, 1790, 1830, 1268, 1520, 2354, 468, 528, 491, 2353, 571, 677, 507, 2337, 1523, 934, 2087, 2479, 2902, 850, 2218, 3337, 2308, 1504, 3205, 1276, 1482, 3397, 2497, 2043, 378, 334, 3227, 3479, 2869, 409, 1810, 2005, 282, 2162, 1941, 3181, 839, 591, 906, 3399, 452, 863, 2531, 3352, 479, 2379, 3193, 1882, 3124, 1428, 444, 1952, 2897, 2712, 3383, 3160, 2763, 1488, 606, 2732, 1899, 2325, 514, 106, 1228, 508, 1074, 190, 179, 1289, 1420, 2285, 2682, 3215, 488, 1823, 1980, 2247, 883, 490, 2269, 1795, 1793, 1307, 903, 3446, 161, 3430, 2184, 792, 3252, 2196, 2219, 2603, 623, 2125, 2821, 3175, 461, 1988, 1062, 483, 667, 2631, 2296, 1254, 3317, 417, 1357, 477, 29, 2331, 2081, 1892, 1380, 2262, 2453, 3401, 1905, 2018, 2405, 2726, 998, 1970, 436, 504, 390, 269, 3241, 1752, 2676, 86, 439, 1826, 1578, 1046, 539, 2536, 449, 1392, 1365, 983, 1727, 299, 1249, 1540, 2716, 537, 2072, 2703, 3364, 750, 2555, 1308, 3169, 1832, 1875, 841, 1770, 851, 2291, 2349, 2293, 3475, 909, 198, 2875, 3090, 346, 1401, 3424, 513, 2672, 2264]

solved select: 339 in 22685.65 seconds
iteration: 0, n requested: 339, n selected: 339, selected: [1094, 2693, 2356, 3488, 2442, 1382, 1024, 2347, 126, 1989, 3204, 868, 3370, 3468, 3441, 2327, 1937, 472, 1646, 3351, 509, 1342, 1285, 2791, 431, 2336, 1873, 443, 359, 1281, 2422, 1479, 2889, 162, 2299, 446, 3178, 385, 387, 1206, 3328, 3225, 2164, 1650, 2314, 2549, 1968, 3400, 316, 1238, 1414, 1359, 381, 91, 939, 3201, 3278, 465, 549, 844, 1778, 523, 438, 2901, 2737, 2348, 440, 502, 1940, 1033, 2237, 3189, 207, 1900, 380, 3308, 952, 1982, 2010, 3385, 1298, 3330, 1898, 445, 1267, 2078, 345, 2254, 3126, 538, 900, 819, 3183, 1856, 2742, 3236, 1794, 1395, 3355, 469, 208, 53, 3450, 3196, 1632, 2187, 389, 3486, 3197, 2694, 3358, 150, 2599, 1354, 1049, 500, 2739, 2281, 456, 2871, 2031, 2664, 2584, 3206, 1949, 2205, 2227, 2706, 1372, 3345, 1015, 1388, 312, 421, 1901, 1878, 243, 1394, 481, 848, 2301, 533, 1257, 1300, 3393, 833, 3365, 1426, 499, 520, 205, 2238, 2167, 2015, 470, 1288, 1979, 3260, 2320, 1790, 1830, 1268, 1520, 2354, 468, 528, 491, 2353, 571, 677, 507, 2337, 1523, 934, 2087, 2479, 2902, 850, 2218, 3337, 2308, 1504, 3205, 1276, 1482, 3397, 2497, 2043, 378, 334, 3227, 3479, 2869, 409, 1810, 2005, 282, 2162, 1941, 3181, 839, 591, 906, 3399, 452, 863, 2531, 3352, 479, 2379, 3193, 1882, 3124, 1428, 444, 1952, 2897, 2712, 3383, 3160, 2763, 1488, 606, 2732, 1899, 2325, 514, 106, 1228, 508, 1074, 190, 179, 1289, 1420, 2285, 2682, 3215, 488, 1823, 1980, 2247, 883, 490, 2269, 1795, 1793, 1307, 903, 3446, 161, 3430, 2184, 792, 3252, 2196, 2219, 2603, 623, 2125, 2821, 3175, 461, 1988, 1062, 483, 667, 2631, 2296, 1254, 3317, 417, 1357, 477, 29, 2331, 2081, 1892, 1380, 2262, 2453, 3401, 1905, 2018, 2405, 2726, 998, 1970, 436, 504, 390, 269, 3241, 1752, 2676, 86, 439, 1826, 1578, 1046, 539, 2536, 449, 1392, 1365, 983, 1727, 299, 1249, 1540, 2716, 537, 2072, 2703, 3364, 750, 2555, 1308, 3169, 1832, 1875, 841, 1770, 851, 2291, 2349, 2293, 3475, 909, 198, 2875, 3090, 346, 1401, 3424, 513, 2672, 2264, 3221]

solved select: 340 in 22869.87 seconds
iteration: 0, n requested: 340, n selected: 340, selected: [1094, 2693, 2356, 3488, 2442, 1382, 1024, 2347, 126, 1989, 3204, 868, 3370, 3468, 3441, 2327, 1937, 472, 1646, 3351, 509, 1342, 1285, 2791, 431, 2336, 1873, 443, 359, 1281, 2422, 1479, 2889, 162, 2299, 446, 3178, 385, 387, 1206, 3328, 3225, 2164, 1650, 2314, 2549, 1968, 3400, 316, 1238, 1414, 1359, 381, 91, 939, 3201, 3278, 465, 549, 844, 1778, 523, 438, 2901, 2737, 2348, 440, 502, 1940, 1033, 2237, 3189, 207, 1900, 380, 3308, 952, 1982, 2010, 3385, 1298, 3330, 1898, 445, 1267, 2078, 345, 2254, 3126, 538, 900, 819, 3183, 1856, 2742, 3236, 1794, 1395, 3355, 469, 208, 53, 3450, 3196, 1632, 2187, 389, 3486, 3197, 2694, 3358, 150, 2599, 1354, 1049, 500, 2739, 2281, 456, 2871, 2031, 2664, 2584, 3206, 1949, 2205, 2227, 2706, 1372, 3345, 1015, 1388, 312, 421, 1901, 1878, 243, 1394, 481, 848, 2301, 533, 1257, 1300, 3393, 833, 3365, 1426, 499, 520, 205, 2238, 2167, 2015, 470, 1288, 1979, 3260, 2320, 1790, 1830, 1268, 1520, 2354, 468, 528, 491, 2353, 571, 677, 507, 2337, 1523, 934, 2087, 2479, 2902, 850, 2218, 3337, 2308, 1504, 3205, 1276, 1482, 3397, 2497, 2043, 378, 334, 3227, 3479, 2869, 409, 1810, 2005, 282, 2162, 1941, 3181, 839, 591, 906, 3399, 452, 863, 2531, 3352, 479, 2379, 3193, 1882, 3124, 1428, 444, 1952, 2897, 2712, 3383, 3160, 2763, 1488, 606, 2732, 1899, 2325, 514, 106, 1228, 508, 1074, 190, 179, 1289, 1420, 2285, 2682, 3215, 488, 1823, 1980, 2247, 883, 490, 2269, 1795, 1793, 1307, 903, 3446, 161, 3430, 2184, 792, 3252, 2196, 2219, 2603, 623, 2125, 2821, 3175, 461, 1988, 1062, 483, 667, 2631, 2296, 1254, 3317, 417, 1357, 477, 29, 2331, 2081, 1892, 1380, 2262, 2453, 3401, 1905, 2018, 2405, 2726, 998, 1970, 436, 504, 390, 269, 3241, 1752, 2676, 86, 439, 1826, 1578, 1046, 539, 2536, 449, 1392, 1365, 983, 1727, 299, 1249, 1540, 2716, 537, 2072, 2703, 3364, 750, 2555, 1308, 3169, 1832, 1875, 841, 1770, 851, 2291, 2349, 2293, 3475, 909, 198, 2875, 3090, 346, 1401, 3424, 513, 2672, 2264, 3221, 2604]

solved select: 341 in 23050.50 seconds
iteration: 0, n requested: 341, n selected: 341, selected: [1094, 2693, 2356, 3488, 2442, 1382, 1024, 2347, 126, 1989, 3204, 868, 3370, 3468, 3441, 2327, 1937, 472, 1646, 3351, 509, 1342, 1285, 2791, 431, 2336, 1873, 443, 359, 1281, 2422, 1479, 2889, 162, 2299, 446, 3178, 385, 387, 1206, 3328, 3225, 2164, 1650, 2314, 2549, 1968, 3400, 316, 1238, 1414, 1359, 381, 91, 939, 3201, 3278, 465, 549, 844, 1778, 523, 438, 2901, 2737, 2348, 440, 502, 1940, 1033, 2237, 3189, 207, 1900, 380, 3308, 952, 1982, 2010, 3385, 1298, 3330, 1898, 445, 1267, 2078, 345, 2254, 3126, 538, 900, 819, 3183, 1856, 2742, 3236, 1794, 1395, 3355, 469, 208, 53, 3450, 3196, 1632, 2187, 389, 3486, 3197, 2694, 3358, 150, 2599, 1354, 1049, 500, 2739, 2281, 456, 2871, 2031, 2664, 2584, 3206, 1949, 2205, 2227, 2706, 1372, 3345, 1015, 1388, 312, 421, 1901, 1878, 243, 1394, 481, 848, 2301, 533, 1257, 1300, 3393, 833, 3365, 1426, 499, 520, 205, 2238, 2167, 2015, 470, 1288, 1979, 3260, 2320, 1790, 1830, 1268, 1520, 2354, 468, 528, 491, 2353, 571, 677, 507, 2337, 1523, 934, 2087, 2479, 2902, 850, 2218, 3337, 2308, 1504, 3205, 1276, 1482, 3397, 2497, 2043, 378, 334, 3227, 3479, 2869, 409, 1810, 2005, 282, 2162, 1941, 3181, 839, 591, 906, 3399, 452, 863, 2531, 3352, 479, 2379, 3193, 1882, 3124, 1428, 444, 1952, 2897, 2712, 3383, 3160, 2763, 1488, 606, 2732, 1899, 2325, 514, 106, 1228, 508, 1074, 190, 179, 1289, 1420, 2285, 2682, 3215, 488, 1823, 1980, 2247, 883, 490, 2269, 1795, 1793, 1307, 903, 3446, 161, 3430, 2184, 792, 3252, 2196, 2219, 2603, 623, 2125, 2821, 3175, 461, 1988, 1062, 483, 667, 2631, 2296, 1254, 3317, 417, 1357, 477, 29, 2331, 2081, 1892, 1380, 2262, 2453, 3401, 1905, 2018, 2405, 2726, 998, 1970, 436, 504, 390, 269, 3241, 1752, 2676, 86, 439, 1826, 1578, 1046, 539, 2536, 449, 1392, 1365, 983, 1727, 299, 1249, 1540, 2716, 537, 2072, 2703, 3364, 750, 2555, 1308, 3169, 1832, 1875, 841, 1770, 851, 2291, 2349, 2293, 3475, 909, 198, 2875, 3090, 346, 1401, 3424, 513, 2672, 2264, 3221, 2604, 2154]

solved select: 342 in 23235.75 seconds
iteration: 0, n requested: 342, n selected: 342, selected: [1094, 2693, 2356, 3488, 2442, 1382, 1024, 2347, 126, 1989, 3204, 868, 3370, 3468, 3441, 2327, 1937, 472, 1646, 3351, 509, 1342, 1285, 2791, 431, 2336, 1873, 443, 359, 1281, 2422, 1479, 2889, 162, 2299, 446, 3178, 385, 387, 1206, 3328, 3225, 2164, 1650, 2314, 2549, 1968, 3400, 316, 1238, 1414, 1359, 381, 91, 939, 3201, 3278, 465, 549, 844, 1778, 523, 438, 2901, 2737, 2348, 440, 502, 1940, 1033, 2237, 3189, 207, 1900, 380, 3308, 952, 1982, 2010, 3385, 1298, 3330, 1898, 445, 1267, 2078, 345, 2254, 3126, 538, 900, 819, 3183, 1856, 2742, 3236, 1794, 1395, 3355, 469, 208, 53, 3450, 3196, 1632, 2187, 389, 3486, 3197, 2694, 3358, 150, 2599, 1354, 1049, 500, 2739, 2281, 456, 2871, 2031, 2664, 2584, 3206, 1949, 2205, 2227, 2706, 1372, 3345, 1015, 1388, 312, 421, 1901, 1878, 243, 1394, 481, 848, 2301, 533, 1257, 1300, 3393, 833, 3365, 1426, 499, 520, 205, 2238, 2167, 2015, 470, 1288, 1979, 3260, 2320, 1790, 1830, 1268, 1520, 2354, 468, 528, 491, 2353, 571, 677, 507, 2337, 1523, 934, 2087, 2479, 2902, 850, 2218, 3337, 2308, 1504, 3205, 1276, 1482, 3397, 2497, 2043, 378, 334, 3227, 3479, 2869, 409, 1810, 2005, 282, 2162, 1941, 3181, 839, 591, 906, 3399, 452, 863, 2531, 3352, 479, 2379, 3193, 1882, 3124, 1428, 444, 1952, 2897, 2712, 3383, 3160, 2763, 1488, 606, 2732, 1899, 2325, 514, 106, 1228, 508, 1074, 190, 179, 1289, 1420, 2285, 2682, 3215, 488, 1823, 1980, 2247, 883, 490, 2269, 1795, 1793, 1307, 903, 3446, 161, 3430, 2184, 792, 3252, 2196, 2219, 2603, 623, 2125, 2821, 3175, 461, 1988, 1062, 483, 667, 2631, 2296, 1254, 3317, 417, 1357, 477, 29, 2331, 2081, 1892, 1380, 2262, 2453, 3401, 1905, 2018, 2405, 2726, 998, 1970, 436, 504, 390, 269, 3241, 1752, 2676, 86, 439, 1826, 1578, 1046, 539, 2536, 449, 1392, 1365, 983, 1727, 299, 1249, 1540, 2716, 537, 2072, 2703, 3364, 750, 2555, 1308, 3169, 1832, 1875, 841, 1770, 851, 2291, 2349, 2293, 3475, 909, 198, 2875, 3090, 346, 1401, 3424, 513, 2672, 2264, 3221, 2604, 2154, 2170]

solved select: 343 in 23422.38 seconds
iteration: 0, n requested: 343, n selected: 343, selected: [1094, 2693, 2356, 3488, 2442, 1382, 1024, 2347, 126, 1989, 3204, 868, 3370, 3468, 3441, 2327, 1937, 472, 1646, 3351, 509, 1342, 1285, 2791, 431, 2336, 1873, 443, 359, 1281, 2422, 1479, 2889, 162, 2299, 446, 3178, 385, 387, 1206, 3328, 3225, 2164, 1650, 2314, 2549, 1968, 3400, 316, 1238, 1414, 1359, 381, 91, 939, 3201, 3278, 465, 549, 844, 1778, 523, 438, 2901, 2737, 2348, 440, 502, 1940, 1033, 2237, 3189, 207, 1900, 380, 3308, 952, 1982, 2010, 3385, 1298, 3330, 1898, 445, 1267, 2078, 345, 2254, 3126, 538, 900, 819, 3183, 1856, 2742, 3236, 1794, 1395, 3355, 469, 208, 53, 3450, 3196, 1632, 2187, 389, 3486, 3197, 2694, 3358, 150, 2599, 1354, 1049, 500, 2739, 2281, 456, 2871, 2031, 2664, 2584, 3206, 1949, 2205, 2227, 2706, 1372, 3345, 1015, 1388, 312, 421, 1901, 1878, 243, 1394, 481, 848, 2301, 533, 1257, 1300, 3393, 833, 3365, 1426, 499, 520, 205, 2238, 2167, 2015, 470, 1288, 1979, 3260, 2320, 1790, 1830, 1268, 1520, 2354, 468, 528, 491, 2353, 571, 677, 507, 2337, 1523, 934, 2087, 2479, 2902, 850, 2218, 3337, 2308, 1504, 3205, 1276, 1482, 3397, 2497, 2043, 378, 334, 3227, 3479, 2869, 409, 1810, 2005, 282, 2162, 1941, 3181, 839, 591, 906, 3399, 452, 863, 2531, 3352, 479, 2379, 3193, 1882, 3124, 1428, 444, 1952, 2897, 2712, 3383, 3160, 2763, 1488, 606, 2732, 1899, 2325, 514, 106, 1228, 508, 1074, 190, 179, 1289, 1420, 2285, 2682, 3215, 488, 1823, 1980, 2247, 883, 490, 2269, 1795, 1793, 1307, 903, 3446, 161, 3430, 2184, 792, 3252, 2196, 2219, 2603, 623, 2125, 2821, 3175, 461, 1988, 1062, 483, 667, 2631, 2296, 1254, 3317, 417, 1357, 477, 29, 2331, 2081, 1892, 1380, 2262, 2453, 3401, 1905, 2018, 2405, 2726, 998, 1970, 436, 504, 390, 269, 3241, 1752, 2676, 86, 439, 1826, 1578, 1046, 539, 2536, 449, 1392, 1365, 983, 1727, 299, 1249, 1540, 2716, 537, 2072, 2703, 3364, 750, 2555, 1308, 3169, 1832, 1875, 841, 1770, 851, 2291, 2349, 2293, 3475, 909, 198, 2875, 3090, 346, 1401, 3424, 513, 2672, 2264, 3221, 2604, 2154, 2170, 1258]

solved select: 344 in 23609.98 seconds
iteration: 0, n requested: 344, n selected: 344, selected: [1094, 2693, 2356, 3488, 2442, 1382, 1024, 2347, 126, 1989, 3204, 868, 3370, 3468, 3441, 2327, 1937, 472, 1646, 3351, 509, 1342, 1285, 2791, 431, 2336, 1873, 443, 359, 1281, 2422, 1479, 2889, 162, 2299, 446, 3178, 385, 387, 1206, 3328, 3225, 2164, 1650, 2314, 2549, 1968, 3400, 316, 1238, 1414, 1359, 381, 91, 939, 3201, 3278, 465, 549, 844, 1778, 523, 438, 2901, 2737, 2348, 440, 502, 1940, 1033, 2237, 3189, 207, 1900, 380, 3308, 952, 1982, 2010, 3385, 1298, 3330, 1898, 445, 1267, 2078, 345, 2254, 3126, 538, 900, 819, 3183, 1856, 2742, 3236, 1794, 1395, 3355, 469, 208, 53, 3450, 3196, 1632, 2187, 389, 3486, 3197, 2694, 3358, 150, 2599, 1354, 1049, 500, 2739, 2281, 456, 2871, 2031, 2664, 2584, 3206, 1949, 2205, 2227, 2706, 1372, 3345, 1015, 1388, 312, 421, 1901, 1878, 243, 1394, 481, 848, 2301, 533, 1257, 1300, 3393, 833, 3365, 1426, 499, 520, 205, 2238, 2167, 2015, 470, 1288, 1979, 3260, 2320, 1790, 1830, 1268, 1520, 2354, 468, 528, 491, 2353, 571, 677, 507, 2337, 1523, 934, 2087, 2479, 2902, 850, 2218, 3337, 2308, 1504, 3205, 1276, 1482, 3397, 2497, 2043, 378, 334, 3227, 3479, 2869, 409, 1810, 2005, 282, 2162, 1941, 3181, 839, 591, 906, 3399, 452, 863, 2531, 3352, 479, 2379, 3193, 1882, 3124, 1428, 444, 1952, 2897, 2712, 3383, 3160, 2763, 1488, 606, 2732, 1899, 2325, 514, 106, 1228, 508, 1074, 190, 179, 1289, 1420, 2285, 2682, 3215, 488, 1823, 1980, 2247, 883, 490, 2269, 1795, 1793, 1307, 903, 3446, 161, 3430, 2184, 792, 3252, 2196, 2219, 2603, 623, 2125, 2821, 3175, 461, 1988, 1062, 483, 667, 2631, 2296, 1254, 3317, 417, 1357, 477, 29, 2331, 2081, 1892, 1380, 2262, 2453, 3401, 1905, 2018, 2405, 2726, 998, 1970, 436, 504, 390, 269, 3241, 1752, 2676, 86, 439, 1826, 1578, 1046, 539, 2536, 449, 1392, 1365, 983, 1727, 299, 1249, 1540, 2716, 537, 2072, 2703, 3364, 750, 2555, 1308, 3169, 1832, 1875, 841, 1770, 851, 2291, 2349, 2293, 3475, 909, 198, 2875, 3090, 346, 1401, 3424, 513, 2672, 2264, 3221, 2604, 2154, 2170, 1258, 1413]

solved select: 345 in 23807.80 seconds
iteration: 0, n requested: 345, n selected: 345, selected: [1094, 2693, 2356, 3488, 2442, 1382, 1024, 2347, 126, 1989, 3204, 868, 3370, 3468, 3441, 2327, 1937, 472, 1646, 3351, 509, 1342, 1285, 2791, 431, 2336, 1873, 443, 359, 1281, 2422, 1479, 2889, 162, 2299, 446, 3178, 385, 387, 1206, 3328, 3225, 2164, 1650, 2314, 2549, 1968, 3400, 316, 1238, 1414, 1359, 381, 91, 939, 3201, 3278, 465, 549, 844, 1778, 523, 438, 2901, 2737, 2348, 440, 502, 1940, 1033, 2237, 3189, 207, 1900, 380, 3308, 952, 1982, 2010, 3385, 1298, 3330, 1898, 445, 1267, 2078, 345, 2254, 3126, 538, 900, 819, 3183, 1856, 2742, 3236, 1794, 1395, 3355, 469, 208, 53, 3450, 3196, 1632, 2187, 389, 3486, 3197, 2694, 3358, 150, 2599, 1354, 1049, 500, 2739, 2281, 456, 2871, 2031, 2664, 2584, 3206, 1949, 2205, 2227, 2706, 1372, 3345, 1015, 1388, 312, 421, 1901, 1878, 243, 1394, 481, 848, 2301, 533, 1257, 1300, 3393, 833, 3365, 1426, 499, 520, 205, 2238, 2167, 2015, 470, 1288, 1979, 3260, 2320, 1790, 1830, 1268, 1520, 2354, 468, 528, 491, 2353, 571, 677, 507, 2337, 1523, 934, 2087, 2479, 2902, 850, 2218, 3337, 2308, 1504, 3205, 1276, 1482, 3397, 2497, 2043, 378, 334, 3227, 3479, 2869, 409, 1810, 2005, 282, 2162, 1941, 3181, 839, 591, 906, 3399, 452, 863, 2531, 3352, 479, 2379, 3193, 1882, 3124, 1428, 444, 1952, 2897, 2712, 3383, 3160, 2763, 1488, 606, 2732, 1899, 2325, 514, 106, 1228, 508, 1074, 190, 179, 1289, 1420, 2285, 2682, 3215, 488, 1823, 1980, 2247, 883, 490, 2269, 1795, 1793, 1307, 903, 3446, 161, 3430, 2184, 792, 3252, 2196, 2219, 2603, 623, 2125, 2821, 3175, 461, 1988, 1062, 483, 667, 2631, 2296, 1254, 3317, 417, 1357, 477, 29, 2331, 2081, 1892, 1380, 2262, 2453, 3401, 1905, 2018, 2405, 2726, 998, 1970, 436, 504, 390, 269, 3241, 1752, 2676, 86, 439, 1826, 1578, 1046, 539, 2536, 449, 1392, 1365, 983, 1727, 299, 1249, 1540, 2716, 537, 2072, 2703, 3364, 750, 2555, 1308, 3169, 1832, 1875, 841, 1770, 851, 2291, 2349, 2293, 3475, 909, 198, 2875, 3090, 346, 1401, 3424, 513, 2672, 2264, 3221, 2604, 2154, 2170, 1258, 1413, 948]

solved select: 346 in 23997.47 seconds
iteration: 0, n requested: 346, n selected: 346, selected: [1094, 2693, 2356, 3488, 2442, 1382, 1024, 2347, 126, 1989, 3204, 868, 3370, 3468, 3441, 2327, 1937, 472, 1646, 3351, 509, 1342, 1285, 2791, 431, 2336, 1873, 443, 359, 1281, 2422, 1479, 2889, 162, 2299, 446, 3178, 385, 387, 1206, 3328, 3225, 2164, 1650, 2314, 2549, 1968, 3400, 316, 1238, 1414, 1359, 381, 91, 939, 3201, 3278, 465, 549, 844, 1778, 523, 438, 2901, 2737, 2348, 440, 502, 1940, 1033, 2237, 3189, 207, 1900, 380, 3308, 952, 1982, 2010, 3385, 1298, 3330, 1898, 445, 1267, 2078, 345, 2254, 3126, 538, 900, 819, 3183, 1856, 2742, 3236, 1794, 1395, 3355, 469, 208, 53, 3450, 3196, 1632, 2187, 389, 3486, 3197, 2694, 3358, 150, 2599, 1354, 1049, 500, 2739, 2281, 456, 2871, 2031, 2664, 2584, 3206, 1949, 2205, 2227, 2706, 1372, 3345, 1015, 1388, 312, 421, 1901, 1878, 243, 1394, 481, 848, 2301, 533, 1257, 1300, 3393, 833, 3365, 1426, 499, 520, 205, 2238, 2167, 2015, 470, 1288, 1979, 3260, 2320, 1790, 1830, 1268, 1520, 2354, 468, 528, 491, 2353, 571, 677, 507, 2337, 1523, 934, 2087, 2479, 2902, 850, 2218, 3337, 2308, 1504, 3205, 1276, 1482, 3397, 2497, 2043, 378, 334, 3227, 3479, 2869, 409, 1810, 2005, 282, 2162, 1941, 3181, 839, 591, 906, 3399, 452, 863, 2531, 3352, 479, 2379, 3193, 1882, 3124, 1428, 444, 1952, 2897, 2712, 3383, 3160, 2763, 1488, 606, 2732, 1899, 2325, 514, 106, 1228, 508, 1074, 190, 179, 1289, 1420, 2285, 2682, 3215, 488, 1823, 1980, 2247, 883, 490, 2269, 1795, 1793, 1307, 903, 3446, 161, 3430, 2184, 792, 3252, 2196, 2219, 2603, 623, 2125, 2821, 3175, 461, 1988, 1062, 483, 667, 2631, 2296, 1254, 3317, 417, 1357, 477, 29, 2331, 2081, 1892, 1380, 2262, 2453, 3401, 1905, 2018, 2405, 2726, 998, 1970, 436, 504, 390, 269, 3241, 1752, 2676, 86, 439, 1826, 1578, 1046, 539, 2536, 449, 1392, 1365, 983, 1727, 299, 1249, 1540, 2716, 537, 2072, 2703, 3364, 750, 2555, 1308, 3169, 1832, 1875, 841, 1770, 851, 2291, 2349, 2293, 3475, 909, 198, 2875, 3090, 346, 1401, 3424, 513, 2672, 2264, 3221, 2604, 2154, 2170, 1258, 1413, 948, 1864]

solved select: 347 in 24182.69 seconds
iteration: 0, n requested: 347, n selected: 347, selected: [1094, 2693, 2356, 3488, 2442, 1382, 1024, 2347, 126, 1989, 3204, 868, 3370, 3468, 3441, 2327, 1937, 472, 1646, 3351, 509, 1342, 1285, 2791, 431, 2336, 1873, 443, 359, 1281, 2422, 1479, 2889, 162, 2299, 446, 3178, 385, 387, 1206, 3328, 3225, 2164, 1650, 2314, 2549, 1968, 3400, 316, 1238, 1414, 1359, 381, 91, 939, 3201, 3278, 465, 549, 844, 1778, 523, 438, 2901, 2737, 2348, 440, 502, 1940, 1033, 2237, 3189, 207, 1900, 380, 3308, 952, 1982, 2010, 3385, 1298, 3330, 1898, 445, 1267, 2078, 345, 2254, 3126, 538, 900, 819, 3183, 1856, 2742, 3236, 1794, 1395, 3355, 469, 208, 53, 3450, 3196, 1632, 2187, 389, 3486, 3197, 2694, 3358, 150, 2599, 1354, 1049, 500, 2739, 2281, 456, 2871, 2031, 2664, 2584, 3206, 1949, 2205, 2227, 2706, 1372, 3345, 1015, 1388, 312, 421, 1901, 1878, 243, 1394, 481, 848, 2301, 533, 1257, 1300, 3393, 833, 3365, 1426, 499, 520, 205, 2238, 2167, 2015, 470, 1288, 1979, 3260, 2320, 1790, 1830, 1268, 1520, 2354, 468, 528, 491, 2353, 571, 677, 507, 2337, 1523, 934, 2087, 2479, 2902, 850, 2218, 3337, 2308, 1504, 3205, 1276, 1482, 3397, 2497, 2043, 378, 334, 3227, 3479, 2869, 409, 1810, 2005, 282, 2162, 1941, 3181, 839, 591, 906, 3399, 452, 863, 2531, 3352, 479, 2379, 3193, 1882, 3124, 1428, 444, 1952, 2897, 2712, 3383, 3160, 2763, 1488, 606, 2732, 1899, 2325, 514, 106, 1228, 508, 1074, 190, 179, 1289, 1420, 2285, 2682, 3215, 488, 1823, 1980, 2247, 883, 490, 2269, 1795, 1793, 1307, 903, 3446, 161, 3430, 2184, 792, 3252, 2196, 2219, 2603, 623, 2125, 2821, 3175, 461, 1988, 1062, 483, 667, 2631, 2296, 1254, 3317, 417, 1357, 477, 29, 2331, 2081, 1892, 1380, 2262, 2453, 3401, 1905, 2018, 2405, 2726, 998, 1970, 436, 504, 390, 269, 3241, 1752, 2676, 86, 439, 1826, 1578, 1046, 539, 2536, 449, 1392, 1365, 983, 1727, 299, 1249, 1540, 2716, 537, 2072, 2703, 3364, 750, 2555, 1308, 3169, 1832, 1875, 841, 1770, 851, 2291, 2349, 2293, 3475, 909, 198, 2875, 3090, 346, 1401, 3424, 513, 2672, 2264, 3221, 2604, 2154, 2170, 1258, 1413, 948, 1864, 428]

solved select: 348 in 24363.66 seconds
iteration: 0, n requested: 348, n selected: 348, selected: [1094, 2693, 2356, 3488, 2442, 1382, 1024, 2347, 126, 1989, 3204, 868, 3370, 3468, 3441, 2327, 1937, 472, 1646, 3351, 509, 1342, 1285, 2791, 431, 2336, 1873, 443, 359, 1281, 2422, 1479, 2889, 162, 2299, 446, 3178, 385, 387, 1206, 3328, 3225, 2164, 1650, 2314, 2549, 1968, 3400, 316, 1238, 1414, 1359, 381, 91, 939, 3201, 3278, 465, 549, 844, 1778, 523, 438, 2901, 2737, 2348, 440, 502, 1940, 1033, 2237, 3189, 207, 1900, 380, 3308, 952, 1982, 2010, 3385, 1298, 3330, 1898, 445, 1267, 2078, 345, 2254, 3126, 538, 900, 819, 3183, 1856, 2742, 3236, 1794, 1395, 3355, 469, 208, 53, 3450, 3196, 1632, 2187, 389, 3486, 3197, 2694, 3358, 150, 2599, 1354, 1049, 500, 2739, 2281, 456, 2871, 2031, 2664, 2584, 3206, 1949, 2205, 2227, 2706, 1372, 3345, 1015, 1388, 312, 421, 1901, 1878, 243, 1394, 481, 848, 2301, 533, 1257, 1300, 3393, 833, 3365, 1426, 499, 520, 205, 2238, 2167, 2015, 470, 1288, 1979, 3260, 2320, 1790, 1830, 1268, 1520, 2354, 468, 528, 491, 2353, 571, 677, 507, 2337, 1523, 934, 2087, 2479, 2902, 850, 2218, 3337, 2308, 1504, 3205, 1276, 1482, 3397, 2497, 2043, 378, 334, 3227, 3479, 2869, 409, 1810, 2005, 282, 2162, 1941, 3181, 839, 591, 906, 3399, 452, 863, 2531, 3352, 479, 2379, 3193, 1882, 3124, 1428, 444, 1952, 2897, 2712, 3383, 3160, 2763, 1488, 606, 2732, 1899, 2325, 514, 106, 1228, 508, 1074, 190, 179, 1289, 1420, 2285, 2682, 3215, 488, 1823, 1980, 2247, 883, 490, 2269, 1795, 1793, 1307, 903, 3446, 161, 3430, 2184, 792, 3252, 2196, 2219, 2603, 623, 2125, 2821, 3175, 461, 1988, 1062, 483, 667, 2631, 2296, 1254, 3317, 417, 1357, 477, 29, 2331, 2081, 1892, 1380, 2262, 2453, 3401, 1905, 2018, 2405, 2726, 998, 1970, 436, 504, 390, 269, 3241, 1752, 2676, 86, 439, 1826, 1578, 1046, 539, 2536, 449, 1392, 1365, 983, 1727, 299, 1249, 1540, 2716, 537, 2072, 2703, 3364, 750, 2555, 1308, 3169, 1832, 1875, 841, 1770, 851, 2291, 2349, 2293, 3475, 909, 198, 2875, 3090, 346, 1401, 3424, 513, 2672, 2264, 3221, 2604, 2154, 2170, 1258, 1413, 948, 1864, 428, 1083]

solved select: 349 in 24553.55 seconds
iteration: 0, n requested: 349, n selected: 349, selected: [1094, 2693, 2356, 3488, 2442, 1382, 1024, 2347, 126, 1989, 3204, 868, 3370, 3468, 3441, 2327, 1937, 472, 1646, 3351, 509, 1342, 1285, 2791, 431, 2336, 1873, 443, 359, 1281, 2422, 1479, 2889, 162, 2299, 446, 3178, 385, 387, 1206, 3328, 3225, 2164, 1650, 2314, 2549, 1968, 3400, 316, 1238, 1414, 1359, 381, 91, 939, 3201, 3278, 465, 549, 844, 1778, 523, 438, 2901, 2737, 2348, 440, 502, 1940, 1033, 2237, 3189, 207, 1900, 380, 3308, 952, 1982, 2010, 3385, 1298, 3330, 1898, 445, 1267, 2078, 345, 2254, 3126, 538, 900, 819, 3183, 1856, 2742, 3236, 1794, 1395, 3355, 469, 208, 53, 3450, 3196, 1632, 2187, 389, 3486, 3197, 2694, 3358, 150, 2599, 1354, 1049, 500, 2739, 2281, 456, 2871, 2031, 2664, 2584, 3206, 1949, 2205, 2227, 2706, 1372, 3345, 1015, 1388, 312, 421, 1901, 1878, 243, 1394, 481, 848, 2301, 533, 1257, 1300, 3393, 833, 3365, 1426, 499, 520, 205, 2238, 2167, 2015, 470, 1288, 1979, 3260, 2320, 1790, 1830, 1268, 1520, 2354, 468, 528, 491, 2353, 571, 677, 507, 2337, 1523, 934, 2087, 2479, 2902, 850, 2218, 3337, 2308, 1504, 3205, 1276, 1482, 3397, 2497, 2043, 378, 334, 3227, 3479, 2869, 409, 1810, 2005, 282, 2162, 1941, 3181, 839, 591, 906, 3399, 452, 863, 2531, 3352, 479, 2379, 3193, 1882, 3124, 1428, 444, 1952, 2897, 2712, 3383, 3160, 2763, 1488, 606, 2732, 1899, 2325, 514, 106, 1228, 508, 1074, 190, 179, 1289, 1420, 2285, 2682, 3215, 488, 1823, 1980, 2247, 883, 490, 2269, 1795, 1793, 1307, 903, 3446, 161, 3430, 2184, 792, 3252, 2196, 2219, 2603, 623, 2125, 2821, 3175, 461, 1988, 1062, 483, 667, 2631, 2296, 1254, 3317, 417, 1357, 477, 29, 2331, 2081, 1892, 1380, 2262, 2453, 3401, 1905, 2018, 2405, 2726, 998, 1970, 436, 504, 390, 269, 3241, 1752, 2676, 86, 439, 1826, 1578, 1046, 539, 2536, 449, 1392, 1365, 983, 1727, 299, 1249, 1540, 2716, 537, 2072, 2703, 3364, 750, 2555, 1308, 3169, 1832, 1875, 841, 1770, 851, 2291, 2349, 2293, 3475, 909, 198, 2875, 3090, 346, 1401, 3424, 513, 2672, 2264, 3221, 2604, 2154, 2170, 1258, 1413, 948, 1864, 428, 1083, 2989]

solved select: 350 in 24740.85 seconds
iteration: 0, n requested: 350, n selected: 350, selected: [1094, 2693, 2356, 3488, 2442, 1382, 1024, 2347, 126, 1989, 3204, 868, 3370, 3468, 3441, 2327, 1937, 472, 1646, 3351, 509, 1342, 1285, 2791, 431, 2336, 1873, 443, 359, 1281, 2422, 1479, 2889, 162, 2299, 446, 3178, 385, 387, 1206, 3328, 3225, 2164, 1650, 2314, 2549, 1968, 3400, 316, 1238, 1414, 1359, 381, 91, 939, 3201, 3278, 465, 549, 844, 1778, 523, 438, 2901, 2737, 2348, 440, 502, 1940, 1033, 2237, 3189, 207, 1900, 380, 3308, 952, 1982, 2010, 3385, 1298, 3330, 1898, 445, 1267, 2078, 345, 2254, 3126, 538, 900, 819, 3183, 1856, 2742, 3236, 1794, 1395, 3355, 469, 208, 53, 3450, 3196, 1632, 2187, 389, 3486, 3197, 2694, 3358, 150, 2599, 1354, 1049, 500, 2739, 2281, 456, 2871, 2031, 2664, 2584, 3206, 1949, 2205, 2227, 2706, 1372, 3345, 1015, 1388, 312, 421, 1901, 1878, 243, 1394, 481, 848, 2301, 533, 1257, 1300, 3393, 833, 3365, 1426, 499, 520, 205, 2238, 2167, 2015, 470, 1288, 1979, 3260, 2320, 1790, 1830, 1268, 1520, 2354, 468, 528, 491, 2353, 571, 677, 507, 2337, 1523, 934, 2087, 2479, 2902, 850, 2218, 3337, 2308, 1504, 3205, 1276, 1482, 3397, 2497, 2043, 378, 334, 3227, 3479, 2869, 409, 1810, 2005, 282, 2162, 1941, 3181, 839, 591, 906, 3399, 452, 863, 2531, 3352, 479, 2379, 3193, 1882, 3124, 1428, 444, 1952, 2897, 2712, 3383, 3160, 2763, 1488, 606, 2732, 1899, 2325, 514, 106, 1228, 508, 1074, 190, 179, 1289, 1420, 2285, 2682, 3215, 488, 1823, 1980, 2247, 883, 490, 2269, 1795, 1793, 1307, 903, 3446, 161, 3430, 2184, 792, 3252, 2196, 2219, 2603, 623, 2125, 2821, 3175, 461, 1988, 1062, 483, 667, 2631, 2296, 1254, 3317, 417, 1357, 477, 29, 2331, 2081, 1892, 1380, 2262, 2453, 3401, 1905, 2018, 2405, 2726, 998, 1970, 436, 504, 390, 269, 3241, 1752, 2676, 86, 439, 1826, 1578, 1046, 539, 2536, 449, 1392, 1365, 983, 1727, 299, 1249, 1540, 2716, 537, 2072, 2703, 3364, 750, 2555, 1308, 3169, 1832, 1875, 841, 1770, 851, 2291, 2349, 2293, 3475, 909, 198, 2875, 3090, 346, 1401, 3424, 513, 2672, 2264, 3221, 2604, 2154, 2170, 1258, 1413, 948, 1864, 428, 1083, 2989, 1424]

solved select: 351 in 24929.58 seconds
iteration: 0, n requested: 351, n selected: 351, selected: [1094, 2693, 2356, 3488, 2442, 1382, 1024, 2347, 126, 1989, 3204, 868, 3370, 3468, 3441, 2327, 1937, 472, 1646, 3351, 509, 1342, 1285, 2791, 431, 2336, 1873, 443, 359, 1281, 2422, 1479, 2889, 162, 2299, 446, 3178, 385, 387, 1206, 3328, 3225, 2164, 1650, 2314, 2549, 1968, 3400, 316, 1238, 1414, 1359, 381, 91, 939, 3201, 3278, 465, 549, 844, 1778, 523, 438, 2901, 2737, 2348, 440, 502, 1940, 1033, 2237, 3189, 207, 1900, 380, 3308, 952, 1982, 2010, 3385, 1298, 3330, 1898, 445, 1267, 2078, 345, 2254, 3126, 538, 900, 819, 3183, 1856, 2742, 3236, 1794, 1395, 3355, 469, 208, 53, 3450, 3196, 1632, 2187, 389, 3486, 3197, 2694, 3358, 150, 2599, 1354, 1049, 500, 2739, 2281, 456, 2871, 2031, 2664, 2584, 3206, 1949, 2205, 2227, 2706, 1372, 3345, 1015, 1388, 312, 421, 1901, 1878, 243, 1394, 481, 848, 2301, 533, 1257, 1300, 3393, 833, 3365, 1426, 499, 520, 205, 2238, 2167, 2015, 470, 1288, 1979, 3260, 2320, 1790, 1830, 1268, 1520, 2354, 468, 528, 491, 2353, 571, 677, 507, 2337, 1523, 934, 2087, 2479, 2902, 850, 2218, 3337, 2308, 1504, 3205, 1276, 1482, 3397, 2497, 2043, 378, 334, 3227, 3479, 2869, 409, 1810, 2005, 282, 2162, 1941, 3181, 839, 591, 906, 3399, 452, 863, 2531, 3352, 479, 2379, 3193, 1882, 3124, 1428, 444, 1952, 2897, 2712, 3383, 3160, 2763, 1488, 606, 2732, 1899, 2325, 514, 106, 1228, 508, 1074, 190, 179, 1289, 1420, 2285, 2682, 3215, 488, 1823, 1980, 2247, 883, 490, 2269, 1795, 1793, 1307, 903, 3446, 161, 3430, 2184, 792, 3252, 2196, 2219, 2603, 623, 2125, 2821, 3175, 461, 1988, 1062, 483, 667, 2631, 2296, 1254, 3317, 417, 1357, 477, 29, 2331, 2081, 1892, 1380, 2262, 2453, 3401, 1905, 2018, 2405, 2726, 998, 1970, 436, 504, 390, 269, 3241, 1752, 2676, 86, 439, 1826, 1578, 1046, 539, 2536, 449, 1392, 1365, 983, 1727, 299, 1249, 1540, 2716, 537, 2072, 2703, 3364, 750, 2555, 1308, 3169, 1832, 1875, 841, 1770, 851, 2291, 2349, 2293, 3475, 909, 198, 2875, 3090, 346, 1401, 3424, 513, 2672, 2264, 3221, 2604, 2154, 2170, 1258, 1413, 948, 1864, 428, 1083, 2989, 1424, 1975]

solved select: 352 in 25115.09 seconds
iteration: 0, n requested: 352, n selected: 352, selected: [1094, 2693, 2356, 3488, 2442, 1382, 1024, 2347, 126, 1989, 3204, 868, 3370, 3468, 3441, 2327, 1900, 472, 1646, 3351, 509, 1342, 1285, 2791, 431, 2336, 1873, 443, 359, 1281, 2422, 1479, 2889, 162, 2299, 446, 3178, 385, 387, 1206, 3328, 3225, 2164, 1650, 2314, 2549, 1968, 3400, 316, 1238, 1414, 1359, 381, 91, 939, 3201, 3278, 465, 549, 844, 1778, 523, 438, 2901, 2737, 2348, 440, 502, 1940, 1033, 2237, 3189, 207, 312, 380, 3308, 952, 1982, 2010, 3385, 1298, 3330, 1898, 445, 1267, 2078, 345, 2254, 3126, 538, 900, 819, 3183, 1856, 2742, 3236, 1794, 1395, 3355, 469, 208, 53, 3450, 3196, 1632, 2187, 389, 3486, 3197, 2694, 3358, 150, 2599, 1354, 1049, 500, 2739, 2281, 456, 2871, 2031, 2664, 2584, 3206, 1949, 2205, 2227, 2706, 1372, 3345, 1015, 1388, 2723, 421, 1901, 1878, 243, 1394, 481, 848, 2301, 533, 1257, 1300, 3393, 833, 3365, 1426, 499, 520, 205, 2238, 2167, 2015, 470, 1288, 1979, 3260, 2320, 1790, 1830, 1268, 1520, 2354, 468, 528, 491, 2353, 571, 677, 507, 2337, 1523, 934, 2087, 2479, 2902, 850, 2218, 3337, 2308, 1504, 3205, 1276, 1482, 3397, 2497, 2043, 378, 334, 3227, 3479, 2869, 409, 1810, 2005, 282, 2162, 1941, 3181, 839, 591, 906, 3399, 452, 863, 2531, 3352, 479, 2379, 3193, 1882, 3124, 1428, 444, 1952, 2897, 2712, 3383, 3160, 2763, 1488, 606, 2732, 1899, 2325, 514, 106, 1228, 508, 1074, 190, 179, 1289, 1420, 2285, 2682, 3215, 488, 1823, 1980, 2247, 883, 490, 2269, 1795, 1793, 1307, 903, 3446, 161, 3430, 2184, 792, 3252, 2196, 2219, 2603, 623, 2125, 2821, 3175, 461, 1988, 1062, 483, 667, 2631, 2296, 1254, 3317, 417, 1357, 477, 29, 2331, 2081, 1892, 1380, 2262, 2453, 3401, 1905, 2018, 2405, 2726, 998, 1970, 436, 504, 390, 269, 3241, 1752, 2676, 86, 439, 1826, 1578, 1046, 539, 2536, 449, 1392, 1365, 983, 1727, 299, 1249, 1540, 2716, 537, 2072, 2703, 3364, 750, 2555, 1308, 3169, 1832, 1875, 841, 1770, 851, 2291, 2349, 2293, 3475, 909, 198, 2875, 3090, 346, 1401, 3424, 513, 2672, 2264, 3221, 2604, 2154, 2170, 1258, 1413, 948, 1864, 428, 1083, 2989, 1424, 1975, 1945]

solved select: 353 in 25308.26 seconds
iteration: 0, n requested: 353, n selected: 353, selected: [1094, 2693, 2356, 3488, 2442, 1382, 1024, 2347, 126, 1989, 3204, 868, 3370, 3468, 3441, 2327, 1900, 472, 1646, 3351, 509, 1342, 1285, 2791, 431, 2336, 1873, 443, 359, 1281, 2422, 1479, 2889, 162, 2299, 446, 3178, 385, 387, 1206, 3328, 3225, 2164, 1650, 2314, 2549, 1968, 3400, 316, 1238, 1414, 1359, 381, 91, 939, 3201, 3278, 465, 549, 844, 1778, 523, 438, 2901, 2737, 2348, 440, 502, 1940, 1033, 2237, 3189, 207, 312, 380, 3308, 952, 1982, 2010, 3385, 1298, 3330, 1898, 445, 1267, 2078, 345, 2254, 3126, 538, 900, 819, 3183, 1856, 2742, 3236, 1794, 1395, 3355, 469, 208, 53, 3450, 3196, 1632, 2187, 389, 3486, 3197, 2694, 3358, 150, 2599, 1354, 1049, 500, 2739, 2281, 456, 2871, 2031, 2664, 2584, 3206, 1949, 2205, 2227, 2706, 1372, 3345, 1015, 1388, 2723, 421, 1901, 1878, 243, 1394, 481, 848, 2301, 533, 1257, 1300, 3393, 833, 3365, 1426, 499, 520, 205, 2238, 2167, 2015, 470, 1288, 1979, 3260, 2320, 1790, 1830, 1268, 1520, 2354, 468, 528, 491, 2353, 571, 677, 507, 2337, 1523, 934, 2087, 2479, 2902, 850, 2218, 3337, 2308, 1504, 3205, 1276, 1482, 3397, 2497, 2043, 378, 334, 3227, 3479, 2869, 409, 1810, 2005, 282, 2162, 1941, 3181, 839, 591, 906, 3399, 452, 863, 2531, 3352, 479, 2379, 3193, 1882, 3124, 1428, 444, 1952, 2897, 2712, 3383, 3160, 2763, 1488, 606, 2732, 1899, 2325, 514, 106, 1228, 508, 1074, 190, 179, 1289, 1420, 2285, 2682, 3215, 488, 1823, 1980, 2247, 883, 490, 2269, 1795, 1793, 1307, 903, 3446, 161, 3430, 2184, 792, 3252, 2196, 2219, 2603, 623, 2125, 2821, 3175, 461, 1988, 1062, 483, 667, 2631, 2296, 1254, 3317, 417, 1357, 477, 29, 2331, 2081, 1892, 1380, 2262, 2453, 3401, 1905, 2018, 2405, 2726, 998, 1970, 436, 504, 390, 269, 3241, 1752, 2676, 86, 439, 1826, 1578, 1046, 539, 2536, 449, 1392, 1365, 983, 1727, 299, 1249, 1540, 2716, 537, 2072, 2703, 3364, 750, 2555, 1308, 3169, 1832, 1875, 841, 1770, 851, 2291, 2349, 2293, 3475, 909, 198, 2875, 3090, 346, 1401, 3424, 513, 2672, 2264, 3221, 2604, 2154, 2170, 1258, 1413, 948, 1864, 428, 1083, 2989, 1424, 1975, 1945, 894]

solved select: 354 in 25501.83 seconds
iteration: 0, n requested: 354, n selected: 354, selected: [1094, 2693, 2356, 3488, 2442, 1382, 1024, 2347, 126, 1989, 3204, 868, 3370, 3468, 3441, 2327, 1900, 472, 1646, 3351, 509, 1342, 1285, 2791, 431, 2336, 1873, 443, 359, 1281, 2422, 1479, 2889, 162, 2299, 446, 3178, 385, 387, 1206, 3328, 3225, 2164, 1650, 2314, 2549, 1968, 3400, 316, 1238, 1414, 1359, 381, 91, 939, 3201, 3278, 465, 549, 844, 1778, 523, 438, 2901, 2737, 2348, 440, 502, 1940, 1033, 2237, 3189, 207, 312, 380, 3308, 952, 1982, 2010, 3385, 1298, 3330, 1898, 445, 1267, 2078, 345, 2254, 3126, 538, 900, 819, 3183, 1856, 2742, 3236, 1794, 1395, 3355, 469, 208, 53, 3450, 3196, 1632, 2187, 389, 3486, 3197, 2694, 3358, 150, 2599, 1354, 1049, 500, 2739, 2281, 456, 2871, 2031, 2664, 2584, 3206, 1949, 2205, 2227, 2706, 1372, 3345, 1015, 1388, 2723, 421, 1901, 1878, 243, 1394, 481, 848, 2301, 533, 1257, 1300, 3393, 833, 3365, 1426, 499, 520, 205, 2238, 2167, 2015, 470, 1288, 1979, 3260, 2320, 1790, 1830, 1268, 1520, 2354, 468, 528, 491, 2353, 571, 677, 507, 2337, 1523, 934, 2087, 2479, 2902, 850, 2218, 3337, 2308, 1504, 3205, 1276, 1482, 3397, 2497, 2043, 378, 334, 3227, 3479, 2869, 409, 1810, 2005, 282, 2162, 1941, 3181, 839, 591, 906, 3399, 452, 863, 2531, 3352, 479, 2379, 3193, 1882, 3124, 1428, 444, 1952, 2897, 2712, 3383, 3160, 2763, 1488, 606, 2732, 1899, 2325, 514, 106, 1228, 508, 1074, 190, 179, 1289, 1420, 2285, 2682, 3215, 488, 1823, 1980, 2247, 883, 490, 2269, 1795, 1793, 1307, 903, 3446, 161, 3430, 2184, 792, 3252, 2196, 2219, 2603, 623, 2125, 2821, 3175, 461, 1988, 1062, 483, 667, 2631, 2296, 1254, 3317, 417, 1357, 477, 29, 2331, 2081, 1892, 1380, 2262, 2453, 3401, 1905, 2018, 2405, 2726, 998, 1970, 436, 504, 390, 269, 3241, 1752, 2676, 86, 439, 1826, 1578, 1046, 539, 2536, 449, 1392, 1365, 983, 1727, 299, 1249, 1540, 2716, 537, 2072, 2703, 3364, 750, 2555, 1308, 3169, 1832, 1875, 841, 1770, 851, 2291, 2349, 2293, 3475, 909, 198, 2875, 3090, 346, 1401, 3424, 513, 2672, 2264, 3221, 2604, 2154, 2170, 1258, 1413, 948, 1864, 428, 1083, 2989, 1424, 1975, 1945, 894, 3489]

solved select: 355 in 25690.50 seconds
iteration: 0, n requested: 355, n selected: 355, selected: [1094, 2693, 2356, 3488, 2442, 1382, 1024, 2347, 126, 1989, 3204, 868, 3370, 3468, 3441, 2327, 1900, 472, 1646, 3351, 509, 1342, 1285, 2791, 431, 2336, 1873, 443, 359, 1281, 2422, 1479, 2889, 162, 2299, 446, 3178, 385, 387, 1206, 3328, 3225, 2164, 1650, 2314, 2549, 1968, 3400, 316, 1238, 1414, 1359, 381, 91, 939, 3201, 3278, 465, 549, 844, 1778, 523, 438, 2901, 2737, 2348, 440, 502, 1940, 1033, 2237, 3189, 207, 312, 380, 3308, 952, 1982, 2010, 3385, 1298, 3330, 1898, 445, 1267, 2078, 345, 2254, 3126, 538, 900, 819, 3183, 1856, 2742, 3236, 1794, 1395, 3355, 469, 208, 53, 3450, 3196, 1632, 2187, 389, 3486, 3197, 2694, 3358, 150, 2599, 1354, 1049, 500, 2739, 2281, 456, 2871, 2031, 2664, 2584, 3206, 1949, 2205, 2227, 2706, 1372, 3345, 1015, 1388, 2723, 421, 1901, 1878, 243, 1394, 481, 848, 2301, 533, 1257, 1300, 3393, 833, 3365, 1426, 499, 520, 205, 2238, 2167, 2015, 470, 1288, 1979, 3260, 2320, 1790, 1830, 1268, 1520, 2354, 468, 528, 491, 2353, 571, 677, 507, 2337, 1523, 934, 2087, 2479, 2902, 850, 2218, 3337, 2308, 1504, 3205, 1276, 1482, 3397, 2497, 2043, 378, 334, 3227, 3479, 2869, 409, 1810, 2005, 282, 2162, 1941, 3181, 839, 591, 906, 3399, 452, 863, 2531, 3352, 479, 2379, 3193, 1882, 3124, 1428, 444, 1952, 2897, 2712, 3383, 3160, 2763, 1488, 606, 2732, 1899, 2325, 514, 106, 1228, 508, 1074, 190, 179, 1289, 1420, 2285, 2682, 3215, 488, 1823, 1980, 2247, 883, 490, 2269, 1795, 1793, 1307, 903, 3446, 161, 3430, 2184, 792, 3252, 2196, 2219, 2603, 623, 2125, 2821, 3175, 461, 1988, 1062, 483, 667, 2631, 2296, 1254, 3317, 417, 1357, 477, 29, 2331, 2081, 1892, 1380, 2262, 2453, 3401, 1905, 2018, 2405, 2726, 998, 1970, 436, 504, 390, 269, 3241, 1752, 2676, 86, 439, 1826, 1578, 1046, 539, 2536, 449, 1392, 1365, 983, 1727, 299, 1249, 1540, 2716, 537, 2072, 2703, 3364, 750, 2555, 1308, 3169, 1832, 1875, 841, 1770, 851, 2291, 2349, 2293, 3475, 909, 198, 2875, 3090, 346, 1401, 3424, 513, 2672, 2264, 3221, 2604, 2154, 2170, 1258, 1413, 948, 1864, 428, 1083, 2989, 1424, 1975, 1945, 894, 3489, 578]

solved select: 356 in 25879.69 seconds
iteration: 0, n requested: 356, n selected: 356, selected: [1094, 2693, 2356, 3488, 2442, 1382, 1024, 2347, 126, 1989, 3204, 868, 3370, 3468, 3441, 2327, 1900, 472, 1646, 3351, 509, 1342, 1285, 2791, 431, 2336, 1873, 443, 359, 1281, 2422, 1479, 2889, 162, 2299, 446, 3178, 385, 387, 1206, 3328, 3225, 2164, 1650, 2314, 2549, 1968, 3400, 316, 1238, 1414, 1359, 381, 91, 939, 3201, 3278, 465, 549, 844, 1778, 523, 438, 2901, 2737, 2348, 440, 502, 1940, 1033, 2237, 3189, 207, 312, 380, 3308, 952, 1982, 2010, 3385, 1298, 3330, 1898, 445, 1267, 2078, 345, 2254, 3126, 538, 900, 819, 3183, 1856, 2742, 3236, 1794, 1395, 3355, 469, 208, 53, 3450, 3196, 1632, 2187, 389, 3486, 3197, 2694, 3358, 150, 2599, 1354, 1049, 500, 2739, 2281, 456, 2871, 2031, 2664, 2584, 3206, 1949, 2205, 2227, 2706, 1372, 3345, 1015, 1388, 2723, 421, 1901, 1878, 243, 1394, 481, 848, 2301, 533, 1257, 1300, 3393, 833, 3365, 1426, 499, 520, 205, 2238, 2167, 2015, 470, 1288, 1979, 3260, 2320, 1790, 1830, 1268, 1520, 2354, 468, 528, 491, 2353, 571, 677, 507, 2337, 1523, 934, 2087, 2479, 2902, 850, 2218, 3337, 2308, 1504, 3205, 1276, 1482, 3397, 2497, 2043, 378, 334, 3227, 3479, 2869, 409, 1810, 2005, 282, 2162, 1941, 3181, 839, 591, 906, 3399, 452, 863, 2531, 3352, 479, 2379, 3193, 1882, 3124, 1428, 444, 1952, 2897, 2712, 3383, 3160, 2763, 1488, 606, 2732, 1899, 2325, 514, 106, 1228, 508, 1074, 190, 179, 1289, 1420, 2285, 2682, 3215, 488, 1823, 1980, 2247, 883, 490, 2269, 1795, 1793, 1307, 903, 3446, 161, 3430, 2184, 792, 3252, 2196, 2219, 2603, 623, 2125, 2821, 3175, 461, 1988, 1062, 483, 667, 2631, 2296, 1254, 3317, 417, 1357, 477, 29, 2331, 2081, 1892, 1380, 2262, 2453, 3401, 1905, 2018, 2405, 2726, 998, 1970, 436, 504, 390, 269, 3241, 1752, 2676, 86, 439, 1826, 1578, 1046, 539, 2536, 449, 1392, 1365, 983, 1727, 299, 1249, 1540, 2716, 537, 2072, 2703, 3364, 750, 2555, 1308, 3169, 1832, 1875, 841, 1770, 851, 2291, 2349, 2293, 3475, 909, 198, 2875, 3090, 346, 1401, 3424, 513, 2672, 2264, 3221, 2604, 2154, 2170, 1258, 1413, 948, 1864, 428, 1083, 2989, 1424, 1975, 1945, 894, 3489, 578, 2776]

solved select: 357 in 26068.60 seconds
iteration: 0, n requested: 357, n selected: 357, selected: [1094, 2693, 2356, 3488, 2442, 1382, 1024, 2347, 126, 1989, 3204, 868, 3370, 3468, 3441, 2327, 1900, 472, 1646, 3351, 509, 1342, 1285, 2791, 431, 2336, 1873, 443, 359, 1281, 2422, 1479, 2889, 162, 2299, 446, 3178, 385, 387, 1206, 3328, 3225, 2164, 1650, 2314, 2549, 1968, 3400, 316, 1238, 1414, 1359, 381, 91, 939, 3201, 3278, 465, 549, 844, 1778, 523, 438, 2901, 2737, 2348, 440, 502, 1940, 1033, 2237, 3189, 207, 312, 380, 3308, 952, 1982, 2010, 3385, 1298, 3330, 1898, 445, 1267, 2078, 345, 2254, 3126, 538, 900, 819, 3183, 1856, 2742, 3236, 1794, 1395, 3355, 469, 208, 53, 3450, 3196, 1632, 2187, 389, 3486, 3197, 2694, 3358, 150, 2599, 1354, 1049, 500, 2739, 2281, 456, 2871, 2031, 2664, 2584, 3206, 1949, 2205, 2227, 2706, 1372, 3345, 1015, 1388, 2723, 421, 1901, 1878, 243, 1394, 481, 848, 2301, 533, 1257, 1300, 3393, 833, 3365, 1426, 499, 520, 205, 2238, 2167, 2015, 470, 1288, 1979, 3260, 2320, 1790, 1830, 1268, 1520, 2354, 468, 528, 491, 2353, 571, 677, 507, 2337, 1523, 934, 2087, 2479, 2902, 850, 2218, 3337, 2308, 1504, 3205, 1276, 1482, 3397, 2497, 2043, 378, 334, 3227, 3479, 2869, 409, 1810, 2005, 282, 2162, 1941, 3181, 839, 591, 906, 3399, 452, 863, 2531, 3352, 479, 2379, 3193, 1882, 3124, 1428, 444, 1952, 2897, 2712, 3383, 3160, 2763, 1488, 606, 2732, 1899, 2325, 514, 106, 1228, 508, 1074, 190, 179, 1289, 1420, 2285, 2682, 3215, 488, 1823, 1980, 2247, 883, 490, 2269, 1795, 1793, 1307, 903, 3446, 161, 3430, 2184, 792, 3252, 2196, 2219, 2603, 623, 2125, 2821, 3175, 461, 1988, 1062, 483, 667, 2631, 2296, 1254, 3317, 417, 1357, 477, 29, 2331, 2081, 1892, 1380, 2262, 2453, 3401, 1905, 2018, 2405, 2726, 998, 1970, 436, 504, 390, 269, 3241, 1752, 2676, 86, 439, 1826, 1578, 1046, 539, 2536, 449, 1392, 1365, 983, 1727, 299, 1249, 1540, 2716, 537, 2072, 2703, 3364, 750, 2555, 1308, 3169, 1832, 1875, 841, 1770, 851, 2291, 2349, 2293, 3475, 909, 198, 2875, 3090, 346, 1401, 3424, 513, 2672, 2264, 3221, 2604, 2154, 2170, 1258, 1413, 948, 1864, 428, 1083, 2989, 1424, 1975, 1945, 894, 3489, 578, 2776, 3134]

solved select: 358 in 26257.49 seconds
iteration: 0, n requested: 358, n selected: 358, selected: [1094, 2693, 2356, 3488, 2442, 1382, 1024, 2347, 126, 1989, 3204, 868, 3370, 3468, 3441, 2327, 1900, 472, 1646, 3351, 509, 1342, 1285, 2791, 431, 2336, 1873, 443, 359, 1281, 2422, 1479, 2889, 162, 2299, 446, 3178, 385, 387, 1206, 3328, 3225, 2164, 1650, 2314, 2549, 1968, 3400, 316, 1238, 1414, 1359, 381, 91, 939, 3201, 3278, 465, 549, 844, 1778, 523, 438, 2901, 2737, 2348, 440, 502, 1940, 1033, 2237, 3189, 207, 312, 380, 3308, 952, 1982, 2010, 3385, 1298, 3330, 1898, 445, 1267, 2078, 345, 2254, 3126, 538, 900, 819, 3183, 1856, 2742, 3236, 1794, 1395, 3355, 469, 208, 53, 3450, 3196, 1632, 2187, 389, 3486, 3197, 2694, 3358, 150, 2599, 1354, 1049, 500, 2739, 2281, 456, 2871, 2031, 2664, 2584, 3206, 1949, 2205, 2227, 2706, 1372, 3345, 1015, 1388, 2723, 421, 1901, 1878, 243, 1394, 481, 848, 2301, 533, 1257, 1300, 3393, 833, 3365, 1426, 499, 520, 205, 2238, 2167, 2015, 470, 1288, 1979, 3260, 2320, 1790, 1830, 1268, 1520, 2354, 468, 528, 491, 2353, 571, 677, 507, 2337, 1523, 934, 2087, 2479, 2902, 850, 2218, 3337, 2308, 1504, 3205, 1276, 1482, 3397, 2497, 2043, 378, 334, 3227, 3479, 2869, 409, 1810, 2005, 282, 2162, 1941, 3181, 839, 591, 906, 3399, 452, 863, 2531, 3352, 479, 2379, 3193, 1882, 3124, 1428, 444, 1952, 2897, 2712, 3383, 3160, 2763, 1488, 606, 2732, 1899, 2325, 514, 106, 1228, 508, 1074, 190, 179, 1289, 1420, 2285, 2682, 3215, 488, 1823, 1980, 2247, 883, 490, 2269, 1795, 1793, 1307, 903, 3446, 161, 3430, 2184, 792, 3252, 2196, 2219, 2603, 623, 2125, 2821, 3175, 461, 1988, 1062, 483, 667, 2631, 2296, 1254, 3317, 417, 1357, 477, 29, 2331, 2081, 1892, 1380, 2262, 2453, 3401, 1905, 2018, 2405, 2726, 998, 1970, 436, 504, 390, 269, 3241, 1752, 2676, 86, 439, 1826, 1578, 1046, 539, 2536, 449, 1392, 1365, 983, 1727, 299, 1249, 1540, 2716, 537, 2072, 2703, 3364, 750, 2555, 1308, 3169, 1832, 1875, 841, 1770, 851, 2291, 2349, 2293, 3475, 909, 198, 2875, 3090, 346, 1401, 3424, 513, 2672, 2264, 3221, 2604, 2154, 2170, 1258, 1413, 948, 1864, 428, 1083, 2989, 1424, 1975, 1945, 894, 3489, 578, 2776, 3134, 1279]

solved select: 359 in 26453.00 seconds
iteration: 0, n requested: 359, n selected: 359, selected: [1094, 2693, 2356, 3488, 2442, 1382, 1024, 2347, 126, 1989, 3204, 868, 3370, 3468, 3441, 2327, 1900, 472, 1646, 3351, 509, 1342, 1285, 2791, 431, 2336, 1873, 443, 359, 1281, 2422, 1479, 2889, 162, 2299, 446, 3178, 385, 387, 1206, 3328, 3225, 2164, 1650, 2314, 2549, 1968, 3400, 316, 1238, 1414, 1359, 381, 91, 939, 3201, 3278, 465, 549, 844, 1778, 523, 438, 2901, 2737, 2348, 440, 502, 1940, 1033, 2237, 3189, 207, 312, 380, 3308, 952, 1982, 2010, 3385, 1298, 3330, 1898, 445, 1267, 2078, 345, 2254, 3126, 538, 900, 819, 3183, 1856, 2742, 3236, 1794, 1395, 3355, 469, 208, 53, 3450, 3196, 1632, 2187, 389, 3486, 3197, 2694, 3358, 150, 2599, 1354, 1049, 500, 2739, 2281, 456, 2871, 2031, 2664, 2584, 3206, 1949, 2205, 2227, 2706, 1372, 3345, 1015, 1388, 2723, 421, 1901, 1878, 243, 1394, 481, 848, 2301, 533, 1257, 1300, 3393, 833, 3365, 1426, 499, 520, 205, 2238, 2167, 2015, 470, 1288, 1979, 3260, 2320, 1790, 1830, 1268, 1520, 2354, 468, 528, 491, 2353, 571, 677, 507, 2337, 1523, 934, 2087, 2479, 2902, 850, 2218, 3337, 2308, 1504, 3205, 1276, 1482, 3397, 2497, 2043, 378, 334, 3227, 3479, 2869, 409, 1810, 2005, 282, 2162, 1941, 3181, 839, 591, 906, 3399, 452, 863, 2531, 3352, 479, 2379, 3193, 1882, 3124, 1428, 444, 1952, 2897, 2712, 3383, 3160, 2763, 1488, 606, 2732, 1899, 2325, 514, 106, 1228, 508, 1074, 190, 179, 1289, 1420, 2285, 2682, 3215, 488, 1823, 1980, 2247, 883, 490, 2269, 1795, 1793, 1307, 903, 3446, 161, 3430, 2184, 792, 3252, 2196, 2219, 2603, 623, 2125, 2821, 3175, 461, 1988, 1062, 483, 667, 2631, 2296, 1254, 3317, 417, 1357, 477, 29, 2331, 2081, 1892, 1380, 2262, 2453, 3401, 1905, 2018, 2405, 2726, 998, 1970, 436, 504, 390, 269, 3241, 1752, 2676, 86, 439, 1826, 1578, 1046, 539, 2536, 449, 1392, 1365, 983, 1727, 299, 1249, 1540, 2716, 537, 2072, 2703, 3364, 750, 2555, 1308, 3169, 1832, 1875, 841, 1770, 851, 2291, 2349, 2293, 3475, 909, 198, 2875, 3090, 346, 1401, 3424, 513, 2672, 2264, 3221, 2604, 2154, 2170, 1258, 1413, 948, 1864, 428, 1083, 2989, 1424, 1975, 1945, 894, 3489, 578, 2776, 3134, 1279, 3411]

solved select: 360 in 26652.36 seconds
iteration: 0, n requested: 360, n selected: 360, selected: [1094, 2693, 2356, 3488, 2442, 1382, 1024, 2347, 126, 1989, 3204, 868, 3370, 3468, 3441, 2327, 1900, 472, 1646, 3351, 509, 1342, 1285, 2791, 431, 2336, 1873, 443, 359, 1281, 2422, 1479, 2889, 162, 2299, 446, 3178, 385, 387, 1206, 3328, 3225, 2164, 1650, 2314, 2549, 1968, 3400, 316, 1238, 1414, 1359, 381, 91, 939, 3201, 3278, 465, 549, 844, 1778, 523, 438, 2901, 2737, 2348, 440, 502, 1940, 1033, 2237, 3189, 207, 312, 380, 3308, 952, 1982, 2010, 3385, 1298, 3330, 1898, 445, 1267, 2078, 345, 2254, 3126, 538, 900, 819, 3183, 1856, 2742, 3236, 1794, 1395, 3355, 469, 208, 53, 3450, 3196, 1632, 2187, 389, 3486, 3197, 2694, 3358, 150, 2599, 1354, 1049, 500, 2739, 2281, 456, 2871, 2031, 2664, 2584, 3206, 1949, 2205, 2227, 2706, 1372, 3345, 1015, 1388, 2723, 421, 1901, 1878, 243, 1394, 481, 848, 2301, 533, 1257, 1300, 3393, 833, 3365, 1426, 499, 520, 205, 2238, 2167, 2015, 470, 1288, 1979, 3260, 2320, 1790, 1830, 1268, 1520, 2354, 468, 528, 491, 2353, 571, 677, 507, 2337, 1523, 934, 2087, 2479, 2902, 850, 2218, 3337, 2308, 1504, 3205, 1276, 1482, 3397, 2497, 2043, 378, 334, 3227, 3479, 2869, 409, 1810, 2005, 282, 2162, 1941, 3181, 839, 591, 906, 3399, 452, 863, 2531, 3352, 479, 2379, 3193, 1882, 3124, 1428, 444, 1952, 2897, 2712, 3383, 3160, 2763, 1488, 606, 2732, 1899, 2325, 514, 106, 1228, 508, 1074, 190, 179, 1289, 1420, 2285, 2682, 3215, 488, 1823, 1980, 2247, 883, 490, 2269, 1795, 1793, 1307, 903, 3446, 161, 3430, 2184, 792, 3252, 2196, 2219, 2603, 623, 2125, 2821, 3175, 461, 1988, 1062, 483, 667, 2631, 2296, 1254, 3317, 417, 1357, 477, 29, 2331, 2081, 1892, 1380, 2262, 2453, 3401, 1905, 2018, 2405, 2726, 998, 1970, 436, 504, 390, 269, 3241, 1752, 2676, 86, 439, 1826, 1578, 1046, 539, 2536, 449, 1392, 1365, 983, 1727, 299, 1249, 1540, 2716, 537, 2072, 2703, 3364, 750, 2555, 1308, 3169, 1832, 1875, 841, 1770, 851, 2291, 2349, 2293, 3475, 909, 198, 2875, 3090, 346, 1401, 3424, 513, 2672, 2264, 3221, 2604, 2154, 2170, 1258, 1413, 948, 1864, 428, 1083, 2989, 1424, 1975, 1945, 894, 3489, 578, 2776, 3134, 1279, 3411, 2550]

solved select: 361 in 26843.97 seconds
iteration: 0, n requested: 361, n selected: 361, selected: [1094, 2693, 2356, 3488, 2442, 1382, 1024, 2347, 126, 1989, 3204, 868, 3370, 3468, 3441, 2327, 1900, 472, 1646, 3351, 509, 1342, 1285, 2791, 431, 2336, 1873, 443, 359, 1281, 2422, 1479, 2889, 162, 2299, 446, 3178, 385, 387, 1206, 3328, 3225, 2164, 1650, 2314, 2549, 1968, 3400, 316, 1238, 1414, 1359, 381, 91, 939, 3201, 3278, 465, 549, 844, 1778, 523, 438, 2901, 2737, 2348, 440, 502, 1940, 1033, 2237, 3189, 207, 312, 380, 3308, 952, 1982, 2010, 3385, 1298, 3330, 1898, 445, 1267, 2078, 345, 2254, 3126, 538, 900, 819, 3183, 1856, 2742, 3236, 1794, 1395, 3355, 469, 208, 53, 3450, 3196, 1632, 2187, 389, 3486, 3197, 2694, 3358, 150, 2599, 1354, 1049, 500, 2739, 2281, 456, 2871, 2031, 2664, 2584, 3206, 1949, 2205, 2227, 2706, 1372, 3345, 1015, 1388, 2723, 421, 1901, 1878, 243, 1394, 481, 848, 2301, 533, 1257, 1300, 3393, 833, 3365, 1426, 499, 520, 205, 2238, 2167, 2015, 470, 1288, 1979, 3260, 2320, 1790, 1830, 1268, 1520, 2354, 468, 528, 491, 2353, 571, 677, 507, 2337, 1523, 934, 2087, 2479, 2902, 850, 2218, 3337, 2308, 1504, 3205, 1276, 1482, 3397, 2497, 2043, 378, 334, 3227, 3479, 2869, 409, 1810, 2005, 282, 2162, 1941, 3181, 839, 591, 906, 3399, 452, 863, 2531, 3352, 479, 2379, 3193, 1882, 3124, 1428, 444, 1952, 2897, 2712, 3383, 3160, 2763, 1488, 606, 2732, 1899, 2325, 514, 106, 1228, 508, 1074, 190, 179, 1289, 1420, 2285, 2682, 3215, 488, 1823, 1980, 2247, 883, 490, 2269, 1795, 1793, 1307, 903, 3446, 161, 3430, 2184, 792, 3252, 2196, 2219, 2603, 623, 2125, 2821, 3175, 461, 1988, 1062, 483, 667, 2631, 2296, 1254, 3317, 417, 1357, 477, 29, 2331, 2081, 1892, 1380, 2262, 2453, 3401, 1905, 2018, 2405, 2726, 998, 1970, 436, 504, 390, 269, 3241, 1752, 2676, 86, 439, 1826, 1578, 1046, 539, 2536, 449, 1392, 1365, 983, 1727, 299, 1249, 1540, 2716, 537, 2072, 2703, 3364, 750, 2555, 1308, 3169, 1832, 1875, 841, 1770, 851, 2291, 2349, 2293, 3475, 909, 198, 2875, 3090, 346, 1401, 3424, 513, 2672, 2264, 3221, 2604, 2154, 2170, 1258, 1413, 948, 1864, 428, 1083, 2989, 1424, 1975, 1945, 894, 3489, 578, 2776, 3134, 1279, 3411, 2550, 2174]

solved select: 362 in 27040.54 seconds
iteration: 0, n requested: 362, n selected: 362, selected: [1094, 2693, 2356, 3488, 2442, 1382, 1024, 2347, 126, 1989, 3204, 868, 3370, 3468, 3441, 2327, 1900, 472, 1646, 3351, 509, 1342, 1285, 2791, 431, 2336, 1873, 443, 359, 1281, 2422, 1479, 2889, 162, 2299, 446, 3178, 385, 387, 1206, 3328, 3225, 2164, 1650, 2314, 2549, 1968, 3400, 316, 1238, 1414, 1359, 381, 91, 939, 3201, 3278, 465, 549, 844, 1778, 523, 438, 2901, 2737, 2348, 440, 502, 1940, 1033, 2237, 3189, 207, 312, 380, 3308, 952, 1982, 2010, 3385, 1298, 3330, 1898, 445, 1267, 2078, 345, 2254, 3126, 538, 900, 819, 3183, 1856, 2742, 3236, 1794, 1395, 3355, 469, 208, 53, 3450, 3196, 1632, 2187, 389, 3486, 3197, 2694, 3358, 150, 2599, 1354, 1049, 500, 2739, 2281, 456, 2871, 2031, 2664, 2584, 3206, 1949, 2205, 2227, 2706, 1372, 3345, 1015, 1388, 2723, 421, 1901, 1878, 243, 1394, 481, 848, 2301, 533, 1257, 1300, 3393, 833, 3365, 1426, 499, 520, 205, 2238, 2167, 2015, 470, 1288, 1979, 3260, 2320, 1790, 1830, 1268, 1520, 2354, 468, 528, 491, 2353, 571, 677, 507, 2337, 1523, 934, 2087, 2479, 2902, 850, 2218, 3337, 2308, 1504, 3205, 1276, 1482, 3397, 2497, 2043, 378, 334, 3227, 3479, 2869, 409, 1810, 2005, 282, 2162, 1941, 3181, 839, 591, 906, 3399, 452, 863, 2531, 3352, 479, 2379, 3193, 1882, 3124, 1428, 444, 1952, 2897, 2712, 3383, 3160, 2763, 1488, 606, 2732, 1899, 2325, 514, 106, 1228, 508, 1074, 190, 179, 1289, 1420, 2285, 2682, 3215, 488, 1823, 1980, 2247, 883, 490, 2269, 1795, 1793, 1307, 903, 3446, 161, 3430, 2184, 792, 3252, 2196, 2219, 2603, 623, 2125, 2821, 3175, 461, 1988, 1062, 483, 667, 2631, 2296, 1254, 3317, 417, 1357, 477, 29, 2331, 2081, 1892, 1380, 2262, 2453, 3401, 1905, 2018, 2405, 2726, 998, 1970, 436, 504, 390, 269, 3241, 1752, 2676, 86, 439, 1826, 1578, 1046, 539, 2536, 449, 1392, 1365, 983, 1727, 299, 1249, 1540, 2716, 537, 2072, 2703, 3364, 750, 2555, 1308, 3169, 1832, 1875, 841, 1770, 851, 2291, 2349, 2293, 3475, 909, 198, 2875, 3090, 346, 1401, 3424, 513, 2672, 2264, 3221, 2604, 2154, 2170, 1258, 1413, 948, 1864, 428, 1083, 2989, 1424, 1975, 1945, 894, 3489, 578, 2776, 3134, 1279, 3411, 2550, 2174, 1229]

solved select: 363 in 27235.40 seconds
iteration: 0, n requested: 363, n selected: 363, selected: [1094, 2693, 2356, 3488, 2442, 1382, 1024, 2347, 126, 1989, 3204, 868, 3370, 3468, 3441, 2327, 1900, 472, 1646, 3351, 509, 1342, 1285, 2791, 431, 2336, 1873, 443, 359, 1281, 2422, 1479, 2889, 162, 2299, 446, 3178, 385, 387, 1206, 3328, 3225, 2164, 1650, 2314, 2549, 1968, 3400, 316, 1238, 1414, 1359, 381, 91, 939, 3201, 3278, 465, 549, 844, 1778, 523, 438, 2901, 2737, 2348, 440, 502, 1940, 1033, 2237, 3189, 207, 312, 380, 3308, 952, 1982, 2010, 3385, 1298, 3330, 1898, 445, 1267, 2078, 345, 2254, 3126, 538, 900, 819, 3183, 1856, 2742, 3236, 1794, 1395, 3355, 469, 208, 53, 3450, 3196, 1632, 2187, 389, 3486, 3197, 2694, 3358, 150, 2599, 1354, 1049, 500, 2739, 2281, 456, 2871, 2031, 2664, 2584, 3206, 1949, 2205, 2227, 2706, 1372, 3345, 1015, 1388, 2723, 421, 1901, 1878, 243, 1394, 481, 848, 2301, 533, 1257, 1300, 3393, 833, 3365, 1426, 499, 520, 205, 2238, 2167, 2015, 470, 1288, 1979, 3260, 2320, 1790, 1830, 1268, 1520, 2354, 468, 528, 491, 2353, 571, 677, 507, 2337, 1523, 934, 2087, 2479, 2902, 850, 2218, 3337, 2308, 1504, 3205, 1276, 1482, 3397, 2497, 2043, 378, 334, 3227, 3479, 2869, 409, 1810, 2005, 282, 2162, 1941, 3181, 839, 591, 906, 3399, 452, 863, 2531, 3352, 479, 2379, 3193, 1882, 3124, 1428, 444, 1952, 2897, 2712, 3383, 3160, 2763, 1488, 606, 2732, 1899, 2325, 514, 106, 1228, 508, 1074, 190, 179, 1289, 1420, 2285, 2682, 3215, 488, 1823, 1980, 2247, 883, 490, 2269, 1795, 1793, 1307, 903, 3446, 161, 3430, 2184, 792, 3252, 2196, 2219, 2603, 623, 2125, 2821, 3175, 461, 1988, 1062, 483, 667, 2631, 2296, 1254, 3317, 417, 1357, 477, 29, 2331, 2081, 1892, 1380, 2262, 2453, 3401, 1905, 2018, 2405, 2726, 998, 1970, 436, 504, 390, 269, 3241, 1752, 2676, 86, 439, 1826, 1578, 1046, 539, 2536, 449, 1392, 1365, 983, 1727, 299, 1249, 1540, 2716, 537, 2072, 2703, 3364, 750, 2555, 1308, 3169, 1832, 1875, 841, 1770, 851, 2291, 2349, 2293, 3475, 909, 198, 2875, 3090, 346, 1401, 3424, 513, 2672, 2264, 3221, 2604, 2154, 2170, 1258, 1413, 948, 1864, 428, 1083, 2989, 1424, 1975, 1945, 894, 3489, 578, 2776, 3134, 1279, 3411, 2550, 2174, 1229, 1938]

solved select: 364 in 27434.89 seconds
iteration: 0, n requested: 364, n selected: 364, selected: [1094, 2693, 2356, 3488, 2442, 1382, 1024, 2347, 126, 1989, 3204, 868, 3370, 3468, 3441, 2327, 1900, 472, 1646, 3351, 509, 1342, 1285, 2791, 431, 2336, 1873, 443, 359, 1281, 2422, 1479, 2889, 162, 2299, 446, 3178, 385, 387, 1206, 3328, 3225, 2164, 1650, 2314, 2549, 1968, 3400, 316, 1238, 1414, 1359, 381, 91, 939, 3201, 3278, 465, 549, 844, 1778, 523, 438, 2901, 2737, 2348, 440, 502, 1940, 1033, 2237, 3189, 207, 312, 380, 3308, 952, 1982, 2010, 3385, 1298, 3330, 1898, 445, 1267, 2078, 345, 2254, 3126, 538, 900, 819, 3183, 1856, 2742, 3236, 1794, 1395, 3355, 469, 208, 53, 3450, 3196, 1632, 2187, 389, 3486, 3197, 2694, 3358, 150, 2599, 1354, 1049, 500, 2739, 2281, 456, 2871, 2031, 2664, 2584, 3206, 1949, 2205, 2227, 2706, 1372, 3345, 1015, 1388, 2723, 421, 1901, 1878, 243, 1394, 481, 848, 2301, 533, 1257, 1300, 3393, 833, 3365, 1426, 499, 520, 205, 2238, 2167, 2015, 470, 1288, 1979, 3260, 2320, 1790, 1830, 1268, 1520, 2354, 468, 528, 491, 2353, 571, 677, 507, 2337, 1523, 934, 2087, 2479, 2902, 850, 2218, 3337, 2308, 1504, 3205, 1276, 1482, 3397, 2497, 2043, 378, 334, 3227, 3479, 2869, 409, 1810, 2005, 282, 2162, 1941, 3181, 839, 591, 906, 3399, 452, 863, 2531, 3352, 479, 2379, 3193, 1882, 3124, 1428, 444, 1952, 2897, 2712, 3383, 3160, 2763, 1488, 606, 2732, 1899, 2325, 514, 106, 1228, 508, 1074, 190, 179, 1289, 1420, 2285, 2682, 3215, 488, 1823, 1980, 2247, 883, 490, 2269, 1795, 1793, 1307, 903, 3446, 161, 3430, 2184, 792, 3252, 2196, 2219, 2603, 623, 2125, 2821, 3175, 461, 1988, 1062, 483, 667, 2631, 2296, 1254, 3317, 417, 1357, 477, 29, 2331, 2081, 1892, 1380, 2262, 2453, 3401, 1905, 2018, 2405, 2726, 998, 1970, 436, 504, 390, 269, 3241, 1752, 2676, 86, 439, 1826, 1578, 1046, 539, 2536, 449, 1392, 1365, 983, 1727, 299, 1249, 1540, 2716, 537, 2072, 2703, 3364, 750, 2555, 1308, 3169, 1832, 1875, 841, 1770, 851, 2291, 2349, 2293, 3475, 909, 198, 2875, 3090, 346, 1401, 3424, 513, 2672, 2264, 3221, 2604, 2154, 2170, 1258, 1413, 948, 1864, 428, 1083, 2989, 1424, 1975, 1945, 894, 3489, 578, 2776, 3134, 1279, 3411, 2550, 2174, 1229, 1938, 534]

solved select: 365 in 27628.89 seconds
iteration: 0, n requested: 365, n selected: 365, selected: [1094, 2693, 2356, 3488, 2442, 1382, 1024, 2347, 126, 1989, 3204, 868, 3370, 3468, 3441, 2327, 1900, 472, 1646, 3351, 509, 1342, 1285, 2791, 431, 2336, 1873, 443, 359, 1281, 2422, 1479, 2889, 162, 2299, 446, 3178, 385, 387, 1206, 3328, 3225, 2164, 1650, 2314, 2549, 1968, 3400, 316, 1238, 1414, 1359, 381, 91, 939, 3201, 3278, 465, 549, 844, 1778, 523, 438, 2901, 2737, 2348, 440, 502, 1940, 1033, 2237, 3189, 207, 312, 380, 3308, 952, 1982, 2010, 3385, 1298, 3330, 1898, 445, 1267, 2078, 345, 2254, 3126, 538, 900, 819, 3183, 1856, 2742, 3236, 1794, 1395, 3355, 469, 208, 53, 3450, 3196, 1632, 2187, 389, 3486, 3197, 2694, 3358, 150, 2599, 1354, 1049, 500, 2739, 2281, 456, 2871, 2031, 2664, 2584, 3206, 1949, 2205, 2227, 2706, 1372, 3345, 1015, 1388, 2723, 421, 1901, 1878, 243, 1394, 481, 848, 2301, 533, 1257, 1300, 3393, 833, 3365, 1426, 499, 520, 205, 2238, 2167, 2015, 470, 1288, 1979, 3260, 2320, 1790, 1830, 1268, 1520, 2354, 468, 528, 491, 2353, 571, 677, 507, 2337, 1523, 934, 2087, 2479, 2902, 850, 2218, 3337, 2308, 1504, 3205, 1276, 1482, 3397, 2497, 2043, 378, 334, 3227, 3479, 2869, 409, 1810, 2005, 282, 2162, 1941, 3181, 839, 591, 906, 3399, 452, 863, 2531, 3352, 479, 2379, 3193, 1882, 3124, 1428, 444, 1952, 2897, 2712, 3383, 3160, 2763, 1488, 606, 2732, 1899, 2325, 514, 106, 1228, 508, 1074, 190, 179, 1289, 1420, 2285, 2682, 3215, 488, 1823, 1980, 2247, 883, 490, 2269, 1795, 1793, 1307, 903, 3446, 161, 3430, 2184, 792, 3252, 2196, 2219, 2603, 623, 2125, 2821, 3175, 461, 1988, 1062, 483, 667, 2631, 2296, 1254, 3317, 417, 1357, 477, 29, 2331, 2081, 1892, 1380, 2262, 2453, 3401, 1905, 2018, 2405, 2726, 998, 1970, 436, 504, 390, 269, 3241, 1752, 2676, 86, 439, 1826, 1578, 1046, 539, 2536, 449, 1392, 1365, 983, 1727, 299, 1249, 1540, 2716, 537, 2072, 2703, 3364, 750, 2555, 1308, 3169, 1832, 1875, 841, 1770, 851, 2291, 2349, 2293, 3475, 909, 198, 2875, 3090, 346, 1401, 3424, 513, 2672, 2264, 3221, 2604, 2154, 2170, 1258, 1413, 948, 1864, 428, 1083, 2989, 1424, 1975, 1945, 894, 3489, 578, 2776, 3134, 1279, 3411, 2550, 2174, 1229, 1938, 534, 1386]

solved select: 366 in 27821.36 seconds
iteration: 0, n requested: 366, n selected: 366, selected: [1094, 2693, 2356, 3488, 2442, 1382, 1024, 2347, 126, 1989, 3204, 868, 3370, 3468, 3441, 2327, 1900, 472, 1646, 3351, 509, 1342, 1285, 2791, 431, 2336, 1873, 443, 359, 1281, 2422, 1479, 2889, 162, 2299, 446, 3178, 385, 387, 1206, 3328, 3225, 2164, 1650, 2314, 2549, 1968, 3400, 316, 1238, 1414, 1359, 381, 91, 939, 3201, 3278, 465, 549, 844, 1778, 523, 438, 2901, 2737, 2348, 440, 502, 1940, 1033, 2237, 3189, 207, 312, 380, 3308, 952, 1982, 2010, 3385, 1298, 3330, 1898, 445, 1267, 2078, 345, 2254, 3126, 538, 900, 819, 3183, 1856, 2742, 3236, 1794, 1395, 3355, 469, 208, 53, 3450, 3196, 1632, 2187, 389, 3486, 3197, 2694, 3358, 150, 2599, 1354, 1049, 500, 2739, 2281, 456, 2871, 2031, 2664, 2584, 3206, 1949, 2205, 2227, 2706, 1372, 3345, 1015, 1388, 2723, 421, 1901, 1878, 243, 1394, 481, 848, 2301, 533, 1257, 1300, 3393, 833, 3365, 1426, 499, 520, 205, 2238, 2167, 2015, 470, 1288, 1979, 3260, 2320, 1790, 1830, 1268, 1520, 2354, 468, 528, 491, 2353, 571, 677, 507, 2337, 1523, 934, 2087, 2479, 2902, 850, 2218, 3337, 2308, 1504, 3205, 1276, 1482, 3397, 2497, 2043, 378, 334, 3227, 3479, 2869, 409, 1810, 2005, 282, 2162, 1941, 3181, 839, 591, 906, 3399, 452, 863, 2531, 3352, 479, 2379, 3193, 1882, 3124, 1428, 444, 1952, 2897, 2712, 3383, 3160, 2763, 1488, 606, 2732, 1899, 2325, 514, 106, 1228, 508, 1074, 190, 179, 1289, 1420, 2285, 2682, 3215, 488, 1823, 1980, 2247, 883, 490, 2269, 1795, 1793, 1307, 903, 3446, 161, 3430, 2184, 792, 3252, 2196, 2219, 2603, 623, 2125, 2821, 3175, 461, 1988, 1062, 483, 667, 2631, 2296, 1254, 3317, 417, 1357, 477, 29, 2331, 2081, 1892, 1380, 2262, 2453, 3401, 1905, 2018, 2405, 2726, 998, 1970, 436, 504, 390, 269, 3241, 1752, 2676, 86, 439, 1826, 1578, 1046, 539, 2536, 449, 1392, 1365, 983, 1727, 299, 1249, 1540, 2716, 537, 2072, 2703, 3364, 750, 2555, 1308, 3169, 1832, 1875, 841, 1770, 851, 2291, 2349, 2293, 3475, 909, 198, 2875, 3090, 346, 1401, 3424, 513, 2672, 2264, 3221, 2604, 2154, 2170, 1258, 1413, 948, 1864, 428, 1083, 2989, 1424, 1975, 1945, 894, 3489, 578, 2776, 3134, 1279, 3411, 2550, 2174, 1229, 1938, 534, 1386, 1278]

solved select: 367 in 28015.61 seconds
iteration: 0, n requested: 367, n selected: 367, selected: [1094, 2693, 2356, 3488, 2442, 1382, 1024, 2347, 126, 1989, 3204, 868, 3370, 3468, 3441, 2327, 1900, 472, 1646, 3351, 509, 1342, 1285, 2791, 431, 2336, 1873, 443, 359, 1281, 2422, 1479, 2889, 162, 2299, 446, 3178, 385, 387, 1206, 3328, 3225, 2164, 1650, 2314, 2549, 1968, 3400, 316, 1238, 1414, 1359, 381, 91, 939, 3201, 3278, 465, 549, 844, 1778, 523, 438, 2901, 2737, 2348, 440, 502, 1940, 1033, 2237, 3189, 207, 312, 380, 3308, 952, 1982, 2010, 3385, 1298, 3330, 1898, 445, 1267, 2078, 345, 2254, 3126, 538, 900, 819, 3183, 1856, 2742, 3236, 1794, 1395, 3355, 469, 208, 53, 3450, 3196, 1632, 2187, 389, 3486, 3197, 2694, 3358, 150, 2599, 1354, 1049, 500, 2739, 2281, 456, 2871, 2031, 2664, 2584, 3206, 1949, 2205, 2227, 2706, 1372, 3345, 1015, 1388, 2723, 421, 1901, 1878, 243, 1394, 481, 848, 2301, 533, 1257, 1300, 3393, 833, 3365, 1426, 499, 520, 205, 2238, 2167, 2015, 470, 1288, 1979, 3260, 2320, 1790, 1830, 1268, 1520, 2354, 468, 528, 491, 2353, 571, 677, 507, 2337, 1523, 934, 2087, 2479, 2902, 850, 2218, 3337, 2308, 1504, 3205, 1276, 1482, 3397, 2497, 2043, 378, 334, 3227, 3479, 2869, 409, 1810, 2005, 282, 2162, 1941, 3181, 839, 591, 906, 3399, 452, 863, 2531, 3352, 479, 2379, 3193, 1882, 3124, 1428, 444, 1952, 2897, 2712, 3383, 3160, 2763, 1488, 606, 2732, 1899, 2325, 514, 106, 1228, 508, 1074, 190, 179, 1289, 1420, 2285, 2682, 3215, 488, 1823, 1980, 2247, 883, 490, 2269, 1795, 1793, 1307, 903, 3446, 161, 3430, 2184, 792, 3252, 2196, 2219, 2603, 623, 2125, 2821, 3175, 461, 1988, 1062, 483, 667, 2631, 2296, 1254, 3317, 417, 1357, 477, 29, 2331, 2081, 1892, 1380, 2262, 2453, 3401, 1905, 2018, 2405, 2726, 998, 1970, 436, 504, 390, 269, 3241, 1752, 2676, 86, 439, 1826, 1578, 1046, 539, 2536, 449, 1392, 1365, 983, 1727, 299, 1249, 1540, 2716, 537, 2072, 2703, 3364, 750, 2555, 1308, 3169, 1832, 1875, 841, 1770, 851, 2291, 2349, 2293, 3475, 909, 198, 2875, 3090, 346, 1401, 3424, 513, 2672, 2264, 3221, 2604, 2154, 2170, 1258, 1413, 948, 1864, 428, 1083, 2989, 1424, 1975, 1945, 894, 3489, 578, 2776, 3134, 1279, 3411, 2550, 2174, 1229, 1938, 534, 1386, 1278, 158]

solved select: 368 in 28210.73 seconds
iteration: 0, n requested: 368, n selected: 368, selected: [1094, 2693, 2356, 3488, 2442, 1382, 1024, 2347, 126, 1989, 3204, 868, 3370, 3468, 3441, 2327, 1900, 472, 1646, 3351, 509, 1342, 1285, 2791, 431, 2336, 1873, 443, 359, 1281, 2422, 1479, 2889, 162, 2299, 446, 3178, 385, 387, 1206, 3328, 3225, 2164, 1650, 2314, 2549, 1968, 3400, 316, 1238, 1414, 1359, 381, 91, 939, 3201, 3278, 465, 549, 844, 1778, 523, 438, 2901, 2737, 2348, 440, 502, 1940, 1033, 2237, 3189, 207, 312, 380, 3308, 952, 1982, 2010, 3385, 1298, 3330, 1898, 445, 1267, 2078, 345, 2254, 3126, 538, 900, 819, 3183, 1856, 2742, 3236, 1794, 1395, 3355, 469, 208, 53, 3450, 3196, 1632, 2187, 389, 3486, 3197, 2694, 3358, 150, 2599, 1354, 1049, 500, 2739, 2281, 456, 2871, 2031, 2664, 2584, 3206, 1949, 2205, 2227, 2706, 1372, 3345, 1015, 1388, 2723, 421, 1901, 1878, 243, 1394, 481, 848, 2301, 533, 1257, 1300, 3393, 833, 3365, 1426, 499, 520, 205, 2238, 2167, 2015, 470, 1288, 1979, 3260, 2320, 1790, 1830, 1268, 1520, 2354, 468, 528, 491, 2353, 571, 677, 507, 2337, 1523, 934, 2087, 2479, 2902, 850, 2218, 3337, 2308, 1504, 3205, 1276, 1482, 3397, 2497, 2043, 378, 334, 3227, 3479, 2869, 409, 1810, 2005, 282, 2162, 1941, 3181, 839, 591, 906, 3399, 452, 863, 2531, 3352, 479, 2379, 3193, 1882, 3124, 1428, 444, 1952, 2897, 2712, 3383, 3160, 2763, 1488, 606, 2732, 1899, 2325, 514, 106, 1228, 508, 1074, 190, 179, 1289, 1420, 2285, 2682, 3215, 488, 1823, 1980, 2247, 883, 490, 2269, 1795, 1793, 1307, 903, 3446, 161, 3430, 2184, 792, 3252, 2196, 2219, 2603, 623, 2125, 2821, 3175, 461, 1988, 1062, 483, 667, 2631, 2296, 1254, 3317, 417, 1357, 477, 29, 2331, 2081, 1892, 1380, 2262, 2453, 3401, 1905, 2018, 2405, 2726, 998, 1970, 436, 504, 390, 269, 3241, 1752, 2676, 86, 439, 1826, 1578, 1046, 539, 2536, 449, 1392, 1365, 983, 1727, 299, 1249, 1540, 2716, 537, 2072, 2703, 3364, 750, 2555, 1308, 3169, 1832, 1875, 841, 1770, 851, 2291, 2349, 2293, 3475, 909, 198, 2875, 3090, 346, 1401, 3424, 513, 2672, 2264, 3221, 2604, 2154, 2170, 1258, 1413, 948, 1864, 428, 1083, 2989, 1424, 1975, 1945, 894, 3489, 578, 2776, 3134, 1279, 3411, 2550, 2174, 1229, 1938, 534, 1386, 1278, 158, 2207]

solved select: 369 in 28413.58 seconds
iteration: 0, n requested: 369, n selected: 369, selected: [1094, 2693, 2356, 3488, 2442, 1382, 1024, 2347, 126, 1989, 3204, 868, 3370, 3468, 3441, 2327, 1900, 472, 1646, 3351, 509, 1342, 1285, 2791, 431, 2336, 1873, 443, 359, 1281, 2422, 1479, 2889, 162, 2299, 446, 3178, 385, 387, 1206, 3328, 3225, 2164, 1650, 2314, 2549, 1968, 3400, 316, 1238, 1414, 1359, 381, 91, 939, 3201, 3278, 465, 549, 844, 1778, 523, 438, 2901, 2737, 2348, 440, 502, 1940, 1033, 2237, 3189, 207, 312, 380, 3308, 952, 1982, 2010, 3385, 1298, 3330, 1898, 445, 1267, 2078, 345, 2254, 3126, 538, 900, 819, 3183, 1856, 2742, 3236, 1794, 1395, 3355, 469, 208, 53, 3450, 3196, 1632, 2187, 389, 3486, 3197, 2694, 3358, 150, 2599, 1354, 1049, 500, 2739, 2281, 456, 2871, 2031, 2664, 2584, 3206, 1949, 2205, 2227, 2706, 1372, 3345, 1015, 1388, 2723, 421, 1901, 1878, 243, 1394, 481, 848, 2301, 533, 1257, 1300, 3393, 833, 3365, 1426, 499, 520, 205, 2238, 2167, 2015, 470, 1288, 1979, 3260, 2320, 1790, 1830, 1268, 1520, 2354, 468, 528, 491, 2353, 571, 677, 507, 2337, 1523, 934, 2087, 2479, 2902, 850, 2218, 3337, 2308, 1504, 3205, 1276, 1482, 3397, 2497, 2043, 378, 334, 3227, 3479, 2869, 409, 1810, 2005, 282, 2162, 1941, 3181, 839, 591, 906, 3399, 452, 863, 2531, 3352, 479, 2379, 3193, 1882, 3124, 1428, 444, 1952, 2897, 2712, 3383, 3160, 2763, 1488, 606, 2732, 1899, 2325, 514, 106, 1228, 508, 1074, 190, 179, 1289, 1420, 2285, 2682, 3215, 488, 1823, 1980, 2247, 883, 490, 2269, 1795, 1793, 1307, 903, 3446, 161, 3430, 2184, 792, 3252, 2196, 2219, 2603, 623, 2125, 2821, 3175, 461, 1988, 1062, 483, 667, 2631, 2296, 1254, 3317, 417, 1357, 477, 29, 2331, 2081, 1892, 1380, 2262, 2453, 3401, 1905, 2018, 2405, 2726, 998, 1970, 436, 504, 390, 269, 3241, 1752, 2676, 86, 439, 1826, 1578, 1046, 539, 2536, 449, 1392, 1365, 983, 1727, 299, 1249, 1540, 2716, 537, 2072, 2703, 3364, 750, 2555, 1308, 3169, 1832, 1875, 841, 1770, 851, 2291, 2349, 2293, 3475, 909, 198, 2875, 3090, 346, 1401, 3424, 513, 2672, 2264, 3221, 2604, 2154, 2170, 1258, 1413, 948, 1864, 428, 1083, 2989, 1424, 1975, 1945, 894, 3489, 578, 2776, 3134, 1279, 3411, 2550, 2174, 1229, 1938, 534, 1386, 1278, 158, 2207, 870]

solved select: 370 in 28616.33 seconds
iteration: 0, n requested: 370, n selected: 370, selected: [1094, 2693, 2356, 3488, 2442, 1382, 1024, 2347, 126, 1989, 3204, 868, 3370, 3468, 3441, 2327, 1900, 472, 1646, 3351, 509, 1342, 1285, 2791, 431, 2336, 1873, 443, 359, 1281, 2422, 1479, 2889, 162, 2299, 446, 3178, 385, 387, 1206, 3328, 3225, 2164, 1650, 2314, 2549, 1968, 3400, 316, 1238, 1414, 1359, 381, 91, 939, 3201, 3278, 465, 549, 844, 1778, 523, 438, 2901, 2737, 2348, 440, 502, 1940, 1033, 2237, 3189, 207, 312, 380, 3308, 952, 1982, 2010, 3385, 1298, 3330, 1898, 445, 1267, 2078, 345, 2254, 3126, 538, 900, 819, 3183, 1856, 2742, 3236, 1794, 1395, 3355, 469, 208, 53, 3450, 3196, 1632, 2187, 389, 3486, 3197, 2694, 3358, 150, 2599, 1354, 1049, 500, 2739, 2281, 456, 2871, 2031, 2664, 2584, 3206, 1949, 2205, 2227, 2706, 1372, 3345, 1015, 1388, 2723, 421, 1901, 1878, 243, 1394, 481, 848, 2301, 533, 1257, 1300, 3393, 833, 3365, 1426, 499, 520, 205, 2238, 2167, 2015, 470, 1288, 1979, 3260, 2320, 1790, 1830, 1268, 1520, 2354, 468, 528, 491, 2353, 571, 677, 507, 2337, 1523, 934, 2087, 2479, 2902, 850, 2218, 3337, 2308, 1504, 3205, 1276, 1482, 3397, 2497, 2043, 378, 334, 3227, 3479, 2869, 409, 1810, 2005, 282, 2162, 1941, 3181, 839, 591, 906, 3399, 452, 863, 2531, 3352, 479, 2379, 3193, 1882, 3124, 1428, 444, 1952, 2897, 2712, 3383, 3160, 2763, 1488, 606, 2732, 1899, 2325, 514, 106, 1228, 508, 1074, 190, 179, 1289, 1420, 2285, 2682, 3215, 488, 1823, 1980, 2247, 883, 490, 2269, 1795, 1793, 1307, 903, 3446, 161, 3430, 2184, 792, 3252, 2196, 2219, 2603, 623, 2125, 2821, 3175, 461, 1988, 1062, 483, 667, 2631, 2296, 1254, 3317, 417, 1357, 477, 29, 2331, 2081, 1892, 1380, 2262, 2453, 3401, 1905, 2018, 2405, 2726, 998, 1970, 436, 504, 390, 269, 3241, 1752, 2676, 86, 439, 1826, 1578, 1046, 539, 2536, 449, 1392, 1365, 983, 1727, 299, 1249, 1540, 2716, 537, 2072, 2703, 3364, 750, 2555, 1308, 3169, 1832, 1875, 841, 1770, 851, 2291, 2349, 2293, 3475, 909, 198, 2875, 3090, 346, 1401, 3424, 513, 2672, 2264, 3221, 2604, 2154, 2170, 1258, 1413, 948, 1864, 428, 1083, 2989, 1424, 1975, 1945, 894, 3489, 578, 2776, 3134, 1279, 3411, 2550, 2174, 1229, 1938, 534, 1386, 1278, 158, 2207, 870, 3294]

solved select: 371 in 28815.79 seconds
iteration: 0, n requested: 371, n selected: 371, selected: [1094, 2693, 2356, 3488, 2442, 1382, 1024, 2347, 126, 1989, 3204, 868, 3370, 3468, 3441, 2327, 1900, 472, 1646, 3351, 509, 1342, 1285, 2791, 431, 2336, 1873, 443, 359, 1281, 2422, 1479, 2889, 162, 2299, 446, 3178, 385, 387, 1206, 3328, 3225, 2164, 1650, 2314, 2549, 1968, 3400, 316, 1238, 1414, 1359, 381, 91, 939, 3201, 3278, 465, 549, 844, 1778, 523, 438, 2901, 2737, 2348, 440, 502, 1940, 1033, 2237, 3189, 207, 312, 380, 3308, 952, 1982, 2010, 3385, 1298, 3330, 1898, 445, 1267, 2078, 345, 2254, 3126, 538, 900, 819, 3183, 1856, 2742, 3236, 1794, 1395, 3355, 469, 208, 53, 3450, 3196, 1632, 2187, 389, 3486, 3197, 2694, 3358, 150, 2599, 1354, 1049, 500, 2739, 2281, 456, 2871, 2031, 2664, 2584, 3206, 1949, 2205, 2227, 2706, 1372, 3345, 1015, 1388, 2723, 421, 1901, 1878, 243, 1394, 481, 848, 2301, 533, 1257, 1300, 3393, 833, 3365, 1426, 499, 520, 205, 2238, 2167, 2015, 470, 1288, 1979, 3260, 2320, 1790, 1830, 1268, 1520, 2354, 468, 528, 491, 2353, 571, 677, 507, 2337, 1523, 934, 2087, 2479, 2902, 850, 2218, 3337, 2308, 1504, 3205, 1276, 1482, 3397, 2497, 2043, 378, 334, 3227, 3479, 2869, 409, 1810, 2005, 282, 2162, 1941, 3181, 839, 591, 906, 3399, 452, 863, 2531, 3352, 479, 2379, 3193, 1882, 3124, 1428, 444, 1952, 2897, 2712, 3383, 3160, 2763, 1488, 606, 2732, 1899, 2325, 514, 106, 1228, 508, 1074, 190, 179, 1289, 1420, 2285, 2682, 3215, 488, 1823, 1980, 2247, 883, 490, 2269, 1795, 1793, 1307, 903, 3446, 161, 3430, 2184, 792, 3252, 2196, 2219, 2603, 623, 2125, 2821, 3175, 461, 1988, 1062, 483, 667, 2631, 2296, 1254, 3317, 417, 1357, 477, 29, 2331, 2081, 1892, 1380, 2262, 2453, 3401, 1905, 2018, 2405, 2726, 998, 1970, 436, 504, 390, 269, 3241, 1752, 2676, 86, 439, 1826, 1578, 1046, 539, 2536, 449, 1392, 1365, 983, 1727, 299, 1249, 1540, 2716, 537, 2072, 2703, 3364, 750, 2555, 1308, 3169, 1832, 1875, 841, 1770, 851, 2291, 2349, 2293, 3475, 909, 198, 2875, 3090, 346, 1401, 3424, 513, 2672, 2264, 3221, 2604, 2154, 2170, 1258, 1413, 948, 1864, 428, 1083, 2989, 1424, 1975, 1945, 894, 3489, 578, 2776, 3134, 1279, 3411, 2550, 2174, 1229, 1938, 534, 1386, 1278, 158, 2207, 870, 3294, 2517]

solved select: 372 in 29011.46 seconds
iteration: 0, n requested: 372, n selected: 372, selected: [1094, 2693, 2356, 3488, 2442, 1382, 1024, 2347, 126, 1989, 3204, 868, 3370, 3468, 3441, 2327, 1900, 472, 1646, 3351, 509, 1342, 1285, 2791, 431, 2336, 1873, 443, 359, 1281, 2422, 1479, 2889, 162, 2299, 446, 3178, 385, 387, 1206, 3328, 3225, 2164, 1650, 2314, 2549, 1968, 3400, 316, 1238, 1414, 1359, 381, 91, 939, 3201, 3278, 465, 549, 844, 1778, 523, 438, 2901, 2737, 2348, 440, 502, 1940, 1033, 2237, 3189, 207, 312, 380, 3308, 952, 1982, 2010, 3385, 1298, 3330, 1898, 445, 1267, 2078, 345, 2254, 3126, 538, 900, 819, 3183, 1856, 2742, 3236, 1794, 1395, 3355, 469, 208, 53, 3450, 3196, 1632, 2187, 389, 3486, 3197, 2694, 3358, 150, 2599, 1354, 1049, 500, 2739, 2281, 456, 2871, 2031, 2664, 2584, 3206, 1949, 2205, 2227, 2706, 1372, 3345, 1015, 1388, 2723, 421, 1901, 1878, 243, 1394, 481, 848, 2301, 533, 1257, 1300, 3393, 833, 3365, 1426, 499, 520, 205, 2238, 2167, 2015, 470, 1288, 1979, 3260, 2320, 1790, 1830, 1268, 1520, 2354, 468, 528, 491, 2353, 571, 677, 507, 2337, 1523, 934, 2087, 2479, 2902, 850, 2218, 3337, 2308, 1504, 3205, 1276, 1482, 3397, 2497, 2043, 378, 334, 3227, 3479, 2869, 409, 1810, 2005, 282, 2162, 1941, 3181, 839, 591, 906, 3399, 452, 863, 2531, 3352, 479, 2379, 3193, 1882, 3124, 1428, 444, 1952, 2897, 2712, 3383, 3160, 2763, 1488, 606, 2732, 1899, 2325, 514, 106, 1228, 508, 1074, 190, 179, 1289, 1420, 2285, 2682, 3215, 488, 1823, 1980, 2247, 883, 490, 2269, 1795, 1793, 1307, 903, 3446, 161, 3430, 2184, 792, 3252, 2196, 2219, 2603, 623, 2125, 2821, 3175, 461, 1988, 1062, 483, 667, 2631, 2296, 1254, 3317, 417, 1357, 477, 29, 2331, 2081, 1892, 1380, 2262, 2453, 3401, 1905, 2018, 2405, 2726, 998, 1970, 436, 504, 390, 269, 3241, 1752, 2676, 86, 439, 1826, 1578, 1046, 539, 2536, 449, 1392, 1365, 983, 1727, 299, 1249, 1540, 2716, 537, 2072, 2703, 3364, 750, 2555, 1308, 3169, 1832, 1875, 841, 1770, 851, 2291, 2349, 2293, 3475, 909, 198, 2875, 3090, 346, 1401, 3424, 513, 2672, 2264, 3221, 2604, 2154, 2170, 1258, 1413, 948, 1864, 428, 1083, 2989, 1424, 1975, 1945, 894, 3489, 578, 2776, 3134, 1279, 3411, 2550, 2174, 1229, 1938, 534, 1386, 1278, 158, 2207, 870, 3294, 2517, 1993]

solved select: 373 in 29208.47 seconds
iteration: 0, n requested: 373, n selected: 373, selected: [1094, 2693, 2356, 3488, 2442, 1382, 1024, 2347, 126, 1989, 3204, 868, 3370, 3468, 3441, 2327, 1900, 472, 1646, 3351, 509, 1342, 1285, 2791, 431, 2336, 1873, 443, 359, 1281, 2422, 1479, 2889, 162, 2299, 446, 3178, 385, 387, 1206, 3328, 3225, 2164, 1650, 2314, 2549, 1968, 3400, 316, 1238, 1414, 1359, 381, 91, 939, 3201, 3278, 465, 549, 844, 1778, 523, 438, 2901, 2737, 2348, 440, 502, 1940, 1033, 2237, 3189, 207, 312, 380, 3308, 952, 1982, 2010, 3385, 1298, 3330, 1898, 445, 1267, 2078, 345, 2254, 3126, 538, 900, 819, 3183, 1856, 2742, 3236, 1794, 1395, 3355, 469, 208, 53, 3450, 3196, 1632, 2187, 389, 3486, 3197, 2694, 3358, 150, 2599, 1354, 1049, 500, 2739, 2281, 456, 2871, 2031, 2664, 2584, 3206, 1949, 2205, 2227, 2706, 1372, 3345, 1015, 1388, 2723, 421, 1901, 1878, 243, 1394, 481, 848, 2301, 533, 1257, 1300, 3393, 833, 3365, 1426, 499, 520, 205, 2238, 2167, 2015, 470, 1288, 1979, 3260, 2320, 1790, 1830, 1268, 1520, 2354, 468, 528, 491, 2353, 571, 677, 507, 2337, 1523, 934, 2087, 2479, 2902, 850, 2218, 3337, 2308, 1504, 3205, 1276, 1482, 3397, 2497, 2043, 378, 334, 3227, 3479, 2869, 409, 1810, 2005, 282, 2162, 1941, 3181, 839, 591, 906, 3399, 452, 863, 2531, 3352, 479, 2379, 3193, 1882, 3124, 1428, 444, 1952, 2897, 2712, 3383, 3160, 2763, 1488, 606, 2732, 1899, 2325, 514, 106, 1228, 508, 1074, 190, 179, 1289, 1420, 2285, 2682, 3215, 488, 1823, 1980, 2247, 883, 490, 2269, 1795, 1793, 1307, 903, 3446, 161, 3430, 2184, 792, 3252, 2196, 2219, 2603, 623, 2125, 2821, 3175, 461, 1988, 1062, 483, 667, 2631, 2296, 1254, 3317, 417, 1357, 477, 29, 2331, 2081, 1892, 1380, 2262, 2453, 3401, 1905, 2018, 2405, 2726, 998, 1970, 436, 504, 390, 269, 3241, 1752, 2676, 86, 439, 1826, 1578, 1046, 539, 2536, 449, 1392, 1365, 983, 1727, 299, 1249, 1540, 2716, 537, 2072, 2703, 3364, 750, 2555, 1308, 3169, 1832, 1875, 841, 1770, 851, 2291, 2349, 2293, 3475, 909, 198, 2875, 3090, 346, 1401, 3424, 513, 2672, 2264, 3221, 2604, 2154, 2170, 1258, 1413, 948, 1864, 428, 1083, 2989, 1424, 1975, 1945, 894, 3489, 578, 2776, 3134, 1279, 3411, 2550, 2174, 1229, 1938, 534, 1386, 1278, 158, 2207, 870, 3294, 2517, 1993, 2080]

solved select: 374 in 29406.62 seconds
iteration: 0, n requested: 374, n selected: 374, selected: [1094, 2693, 2356, 3488, 2442, 1382, 1024, 2347, 126, 1989, 3204, 868, 3370, 3468, 3441, 2327, 1900, 472, 1646, 3351, 509, 1342, 1285, 2791, 431, 2336, 1873, 443, 359, 1281, 2422, 1479, 2889, 162, 2299, 446, 3178, 385, 387, 1206, 3328, 3225, 2164, 1650, 2314, 2549, 1968, 3400, 316, 1238, 1414, 1359, 381, 91, 939, 3201, 3278, 465, 549, 844, 1778, 523, 438, 2901, 2737, 2348, 440, 502, 1940, 1033, 2237, 3189, 207, 312, 380, 3308, 952, 1982, 2010, 3385, 1298, 3330, 1898, 445, 1267, 2078, 345, 2254, 3126, 538, 900, 819, 3183, 1856, 2742, 3236, 1794, 1395, 3355, 469, 208, 53, 3450, 3196, 1632, 2187, 389, 3486, 3197, 2694, 3358, 150, 2599, 1354, 1049, 500, 2739, 2281, 456, 2871, 2031, 2664, 2584, 3206, 1949, 2205, 2227, 2706, 1372, 3345, 1015, 1388, 2723, 421, 1901, 1878, 243, 1394, 481, 848, 2301, 533, 1257, 1300, 3393, 833, 3365, 1426, 499, 520, 205, 2238, 2167, 2015, 470, 1288, 1979, 3260, 2320, 1790, 1830, 1268, 1520, 2354, 468, 528, 491, 2353, 571, 677, 507, 2337, 1523, 934, 2087, 2479, 2902, 850, 2218, 3337, 2308, 1504, 3205, 1276, 1482, 3397, 2497, 2043, 378, 334, 3227, 3479, 2869, 409, 1810, 2005, 282, 2162, 1941, 3181, 839, 591, 906, 3399, 452, 863, 2531, 3352, 479, 2379, 3193, 1882, 3124, 1428, 444, 1952, 2897, 2712, 3383, 3160, 2763, 1488, 606, 2732, 1899, 2325, 514, 106, 1228, 508, 1074, 190, 179, 1289, 1420, 2285, 2682, 3215, 488, 1823, 1980, 2247, 883, 490, 2269, 1795, 1793, 1307, 903, 3446, 161, 3430, 2184, 792, 3252, 2196, 2219, 2603, 623, 2125, 2821, 3175, 461, 1988, 1062, 483, 667, 2631, 2296, 1254, 3317, 417, 1357, 477, 29, 2331, 2081, 1892, 1380, 2262, 2453, 3401, 1905, 2018, 2405, 2726, 998, 1970, 436, 504, 390, 269, 3241, 1752, 2676, 86, 439, 1826, 1578, 1046, 539, 2536, 449, 1392, 1365, 983, 1727, 299, 1249, 1540, 2716, 537, 2072, 2703, 3364, 750, 2555, 1308, 3169, 1832, 1875, 841, 1770, 851, 2291, 2349, 2293, 3475, 909, 198, 2875, 3090, 346, 1401, 3424, 513, 2672, 2264, 3221, 2604, 2154, 2170, 1258, 1413, 948, 1864, 428, 1083, 2989, 1424, 1975, 1945, 894, 3489, 578, 2776, 3134, 1279, 3411, 2550, 2174, 1229, 1938, 534, 1386, 1278, 158, 2207, 870, 3294, 2517, 1993, 2080, 2151]

solved select: 375 in 29600.68 seconds
iteration: 0, n requested: 375, n selected: 375, selected: [1094, 2693, 2356, 3488, 2442, 1382, 1024, 2347, 126, 1989, 3204, 868, 3370, 3468, 3441, 2327, 1900, 472, 1646, 3351, 509, 1342, 1285, 2791, 431, 2336, 1873, 443, 359, 1281, 2422, 1479, 2889, 162, 2299, 446, 3178, 385, 387, 1206, 3328, 3225, 2164, 1650, 2314, 2549, 1968, 3400, 316, 1238, 1414, 1359, 381, 91, 939, 3201, 3278, 465, 549, 844, 1778, 523, 438, 2901, 2737, 2348, 440, 502, 1940, 1033, 2237, 3189, 207, 312, 380, 3308, 952, 1982, 2010, 3385, 1298, 3330, 1898, 445, 1267, 2078, 345, 2254, 3126, 538, 900, 819, 3183, 1856, 2742, 3236, 1794, 1395, 3355, 469, 208, 53, 3450, 3196, 1632, 2187, 389, 3486, 3197, 2694, 3358, 150, 2599, 1354, 1049, 500, 2739, 2281, 456, 2871, 2031, 2664, 2584, 3206, 1949, 2205, 2227, 2706, 1372, 3345, 1015, 1388, 2723, 421, 1901, 1878, 243, 1394, 481, 848, 2301, 533, 1257, 1300, 3393, 833, 3365, 1426, 499, 520, 205, 2238, 2167, 2015, 470, 1288, 1979, 3260, 2320, 1790, 1830, 1268, 1520, 2354, 468, 528, 491, 2353, 571, 677, 507, 2337, 1523, 934, 2087, 2479, 2902, 850, 2218, 3337, 2308, 1504, 3205, 1276, 1482, 3397, 2497, 2043, 378, 334, 3227, 3479, 2869, 409, 1810, 2005, 282, 2162, 1941, 3181, 839, 591, 906, 3399, 452, 863, 2531, 3352, 479, 2379, 3193, 1882, 3124, 1428, 444, 1952, 2897, 2712, 3383, 3160, 2763, 1488, 606, 2732, 1899, 2325, 514, 106, 1228, 508, 1074, 190, 179, 1289, 1420, 2285, 2682, 3215, 488, 1823, 1980, 2247, 883, 490, 2269, 1795, 1793, 1307, 903, 3446, 161, 3430, 2184, 792, 3252, 2196, 2219, 2603, 623, 2125, 2821, 3175, 461, 1988, 1062, 483, 667, 2631, 2296, 1254, 3317, 417, 1357, 477, 29, 2331, 2081, 1892, 1380, 2262, 2453, 3401, 1905, 2018, 2405, 2726, 998, 1970, 436, 504, 390, 269, 3241, 1752, 2676, 86, 439, 1826, 1578, 1046, 539, 2536, 449, 1392, 1365, 983, 1727, 299, 1249, 1540, 2716, 537, 2072, 2703, 3364, 750, 2555, 1308, 3169, 1832, 1875, 841, 1770, 851, 2291, 2349, 2293, 3475, 909, 198, 2875, 3090, 346, 1401, 3424, 513, 2672, 2264, 3221, 2604, 2154, 2170, 1258, 1413, 948, 1864, 428, 1083, 2989, 1424, 1975, 1945, 894, 3489, 578, 2776, 3134, 1279, 3411, 2550, 2174, 1229, 1938, 534, 1386, 1278, 158, 2207, 870, 3294, 2517, 1993, 2080, 2151, 2328]

solved select: 376 in 29797.26 seconds
iteration: 0, n requested: 376, n selected: 376, selected: [1094, 2693, 2356, 3488, 2442, 1382, 1024, 2347, 126, 1989, 3204, 868, 3370, 3468, 3441, 2327, 1900, 472, 1646, 3351, 509, 1342, 1285, 2791, 431, 2336, 1873, 443, 359, 1281, 2422, 1479, 2889, 162, 2299, 446, 3178, 385, 387, 1206, 3328, 3225, 2164, 1650, 2314, 2549, 1968, 3400, 316, 1238, 1414, 1359, 381, 91, 939, 3201, 3278, 465, 549, 844, 1778, 523, 438, 2901, 2737, 2348, 440, 502, 1940, 1033, 2237, 3189, 207, 312, 380, 3308, 952, 1982, 2010, 3385, 1298, 3330, 1898, 445, 1267, 2078, 345, 2254, 3126, 538, 900, 819, 3183, 1856, 2742, 3236, 1794, 1395, 3355, 469, 208, 53, 3450, 3196, 1632, 2187, 389, 3486, 3197, 2694, 3358, 150, 2599, 1354, 1049, 500, 2739, 2281, 456, 2871, 2031, 2664, 2584, 3206, 1949, 2205, 2227, 2706, 1372, 3345, 1015, 1388, 2723, 421, 1901, 1878, 243, 1394, 481, 848, 2301, 533, 1257, 1300, 3393, 833, 3365, 1426, 499, 520, 205, 2238, 2167, 2015, 470, 1288, 1979, 3260, 2320, 1790, 1830, 1268, 1520, 2354, 468, 528, 491, 2353, 571, 677, 507, 2337, 1523, 934, 2087, 2479, 2902, 850, 2218, 3337, 2308, 1504, 3205, 1276, 1482, 3397, 2497, 2043, 378, 334, 3227, 3479, 2869, 409, 1810, 2005, 282, 2162, 1941, 3181, 839, 591, 906, 3399, 452, 863, 2531, 3352, 479, 2379, 3193, 1882, 3124, 1428, 444, 1952, 2897, 2712, 3383, 3160, 2763, 1488, 606, 2732, 1899, 2325, 514, 106, 1228, 508, 1074, 190, 179, 1289, 1420, 2285, 2682, 3215, 488, 1823, 1980, 2247, 883, 490, 2269, 1795, 1793, 1307, 903, 3446, 161, 3430, 2184, 792, 3252, 2196, 2219, 2603, 623, 2125, 2821, 3175, 461, 1988, 1062, 483, 667, 2631, 2296, 1254, 3317, 417, 1357, 477, 29, 2331, 2081, 1892, 1380, 2262, 2453, 3401, 1905, 2018, 2405, 2726, 998, 1970, 436, 504, 390, 269, 3241, 1752, 2676, 86, 439, 1826, 1578, 1046, 539, 2536, 449, 1392, 1365, 983, 1727, 299, 1249, 1540, 2716, 537, 2072, 2703, 3364, 750, 2555, 1308, 3169, 1832, 1875, 841, 1770, 851, 2291, 2349, 2293, 3475, 909, 198, 2875, 3090, 346, 1401, 3424, 513, 2672, 2264, 3221, 2604, 2154, 2170, 1258, 1413, 948, 1864, 428, 1083, 2989, 1424, 1975, 1945, 894, 3489, 578, 2776, 3134, 1279, 3411, 2550, 2174, 1229, 1938, 534, 1386, 1278, 158, 2207, 870, 3294, 2517, 1993, 2080, 2151, 2328, 492]

solved select: 377 in 29993.34 seconds
iteration: 0, n requested: 377, n selected: 377, selected: [1094, 2693, 2356, 3488, 2442, 1382, 1024, 2347, 126, 1989, 3204, 868, 3370, 3468, 3441, 2327, 1900, 472, 1646, 3351, 509, 1342, 1285, 2791, 431, 2336, 1873, 443, 359, 1281, 2422, 1479, 2889, 162, 2299, 446, 3178, 385, 387, 1206, 3328, 3225, 2164, 1650, 2314, 2549, 1968, 3400, 316, 1238, 1414, 1359, 381, 91, 939, 3201, 3278, 465, 549, 844, 1778, 523, 438, 2901, 2737, 2348, 440, 502, 1940, 1033, 2237, 3189, 207, 312, 380, 3308, 952, 1982, 2010, 3385, 1298, 3330, 1898, 445, 1267, 2078, 345, 2254, 3126, 538, 900, 819, 3183, 1856, 2742, 3236, 1794, 1395, 3355, 469, 208, 53, 3450, 3196, 1632, 2187, 389, 3486, 3197, 2694, 3358, 150, 2599, 1354, 1049, 500, 2739, 2281, 456, 2871, 2031, 2664, 2584, 3206, 1949, 2205, 2227, 2706, 1372, 3345, 1015, 1388, 2723, 421, 1901, 1878, 243, 1394, 481, 848, 2301, 533, 1257, 1300, 3393, 833, 3365, 1426, 499, 520, 205, 2238, 2167, 2015, 470, 1288, 1979, 3260, 2320, 1790, 1830, 1268, 1520, 2354, 468, 528, 491, 2353, 571, 677, 507, 2337, 1523, 934, 2087, 2479, 2902, 850, 2218, 3337, 2308, 1504, 3205, 1276, 1482, 3397, 2497, 2043, 378, 334, 3227, 3479, 2869, 409, 1810, 2005, 282, 2162, 1941, 3181, 839, 591, 906, 3399, 452, 863, 2531, 3352, 479, 2379, 3193, 1882, 3124, 1428, 444, 1952, 2897, 2712, 3383, 3160, 2763, 1488, 606, 2732, 1899, 2325, 514, 106, 1228, 508, 1074, 190, 179, 1289, 1420, 2285, 2682, 3215, 488, 1823, 1980, 2247, 883, 490, 2269, 1795, 1793, 1307, 903, 3446, 161, 3430, 2184, 792, 3252, 2196, 2219, 2603, 623, 2125, 2821, 3175, 461, 1988, 1062, 483, 667, 2631, 2296, 1254, 3317, 417, 1357, 477, 29, 2331, 2081, 1892, 1380, 2262, 2453, 3401, 1905, 2018, 2405, 2726, 998, 1970, 436, 504, 390, 269, 3241, 1752, 2676, 86, 439, 1826, 1578, 1046, 539, 2536, 449, 1392, 1365, 983, 1727, 299, 1249, 1540, 2716, 537, 2072, 2703, 3364, 750, 2555, 1308, 3169, 1832, 1875, 841, 1770, 851, 2291, 2349, 2293, 3475, 909, 198, 2875, 3090, 346, 1401, 3424, 513, 2672, 2264, 3221, 2604, 2154, 2170, 1258, 1413, 948, 1864, 428, 1083, 2989, 1424, 1975, 1945, 894, 3489, 578, 2776, 3134, 1279, 3411, 2550, 2174, 1229, 1938, 534, 1386, 1278, 158, 2207, 870, 3294, 2517, 1993, 2080, 2151, 2328, 492, 1209]

solved select: 378 in 30192.30 seconds
iteration: 0, n requested: 378, n selected: 378, selected: [1094, 2693, 2356, 3488, 2442, 1382, 1024, 2347, 126, 1989, 3204, 868, 3370, 3468, 3441, 2327, 1900, 472, 1646, 3351, 509, 1342, 1285, 2791, 431, 2336, 1873, 443, 359, 1281, 2422, 1479, 2889, 162, 2299, 446, 3178, 385, 387, 1206, 3328, 3225, 2164, 1650, 2314, 2549, 1968, 3400, 316, 1238, 1414, 1359, 381, 91, 939, 3201, 3278, 465, 549, 844, 1778, 523, 438, 2901, 2737, 2348, 440, 502, 1940, 1033, 2237, 3189, 207, 312, 380, 3308, 952, 1982, 2010, 3385, 1298, 3330, 1898, 445, 1267, 2078, 345, 2254, 3126, 538, 900, 819, 3183, 1856, 2742, 3236, 1794, 1395, 3355, 469, 208, 53, 3450, 3196, 1632, 2187, 389, 3486, 3197, 2694, 3358, 150, 2599, 1354, 1049, 500, 2739, 2281, 456, 2871, 2031, 2664, 2584, 3206, 1949, 2205, 2227, 2706, 1372, 3345, 1015, 1388, 2723, 421, 1901, 1878, 243, 1394, 481, 848, 2301, 533, 1257, 1300, 3393, 833, 3365, 1426, 499, 520, 205, 2238, 2167, 2015, 470, 1288, 1979, 3260, 2320, 1790, 1830, 1268, 1520, 2354, 468, 528, 491, 2353, 571, 677, 507, 2337, 1523, 934, 2087, 2479, 2902, 850, 2218, 3337, 2308, 1504, 3205, 1276, 1482, 3397, 2497, 2043, 378, 334, 3227, 3479, 2869, 409, 1810, 2005, 282, 2162, 1941, 3181, 839, 591, 906, 3399, 452, 863, 2531, 3352, 479, 2379, 3193, 1882, 3124, 1428, 444, 1952, 2897, 2712, 3383, 3160, 2763, 1488, 606, 2732, 1899, 2325, 514, 106, 1228, 508, 1074, 190, 179, 1289, 1420, 2285, 2682, 3215, 488, 1823, 1980, 2247, 883, 490, 2269, 1795, 1793, 1307, 903, 3446, 161, 3430, 2184, 792, 3252, 2196, 2219, 2603, 623, 2125, 2821, 3175, 461, 1988, 1062, 483, 667, 2631, 2296, 1254, 3317, 417, 1357, 477, 29, 2331, 2081, 1892, 1380, 2262, 2453, 3401, 1905, 2018, 2405, 2726, 998, 1970, 436, 504, 390, 269, 3241, 1752, 2676, 86, 439, 1826, 1578, 1046, 539, 2536, 449, 1392, 1365, 983, 1727, 299, 1249, 1540, 2716, 537, 2072, 2703, 3364, 750, 2555, 1308, 3169, 1832, 1875, 841, 1770, 851, 2291, 2349, 2293, 3475, 909, 198, 2875, 3090, 346, 1401, 3424, 513, 2672, 2264, 3221, 2604, 2154, 2170, 1258, 1413, 948, 1864, 428, 1083, 2989, 1424, 1975, 1945, 894, 3489, 578, 2776, 3134, 1279, 3411, 2550, 2174, 1229, 1938, 534, 1386, 1278, 158, 2207, 870, 3294, 2517, 1993, 2080, 2151, 2328, 492, 1209, 2309]

solved select: 379 in 30396.10 seconds
iteration: 0, n requested: 379, n selected: 379, selected: [1094, 2693, 2356, 3488, 2442, 1382, 1024, 2347, 126, 1989, 3204, 868, 3370, 3468, 3441, 2327, 1900, 472, 1646, 3351, 509, 1342, 1285, 2791, 431, 2336, 1873, 443, 359, 1281, 2422, 1479, 2889, 162, 2299, 446, 3178, 385, 387, 1206, 3328, 3225, 2164, 1650, 2314, 2549, 1968, 3400, 316, 1238, 1414, 1359, 381, 91, 939, 3201, 3278, 465, 549, 844, 1778, 523, 438, 2901, 2737, 2348, 440, 502, 1940, 1033, 2237, 3189, 207, 312, 380, 3308, 952, 1982, 2010, 3385, 1298, 3330, 1898, 445, 1267, 2078, 345, 2254, 3126, 538, 900, 819, 3183, 1856, 2742, 3236, 1794, 1395, 3355, 469, 208, 53, 3450, 3196, 1632, 2187, 389, 3486, 3197, 2694, 3358, 150, 2599, 1354, 1049, 500, 2739, 2281, 456, 2871, 2031, 2664, 2584, 3206, 1949, 2205, 2227, 2706, 1372, 3345, 1015, 1388, 2723, 421, 1901, 1878, 243, 1394, 481, 848, 2301, 533, 1257, 1300, 3393, 833, 3365, 1426, 499, 520, 205, 2238, 2167, 2015, 470, 1288, 1979, 3260, 2320, 1790, 1830, 1268, 1520, 2354, 468, 528, 491, 2353, 571, 677, 507, 2337, 1523, 934, 2087, 2479, 2902, 850, 2218, 3337, 2308, 1504, 3205, 1276, 1482, 3397, 2497, 2043, 378, 334, 3227, 3479, 2869, 409, 1810, 2005, 282, 2162, 1941, 3181, 839, 591, 906, 3399, 452, 863, 2531, 3352, 479, 2379, 3193, 1882, 3124, 1428, 444, 1952, 2897, 2712, 3383, 3160, 2763, 1488, 606, 2732, 1899, 2325, 514, 106, 1228, 508, 1074, 190, 179, 1289, 1420, 2285, 2682, 3215, 488, 1823, 1980, 2247, 883, 490, 2269, 1795, 1793, 1307, 903, 3446, 161, 3430, 2184, 792, 3252, 2196, 2219, 2603, 623, 2125, 2821, 3175, 461, 1988, 1062, 483, 667, 2631, 2296, 1254, 3317, 417, 1357, 477, 29, 2331, 2081, 1892, 1380, 2262, 2453, 3401, 1905, 2018, 2405, 2726, 998, 1970, 436, 504, 390, 269, 3241, 1752, 2676, 86, 439, 1826, 1578, 1046, 539, 2536, 449, 1392, 1365, 983, 1727, 299, 1249, 1540, 2716, 537, 2072, 2703, 3364, 750, 2555, 1308, 3169, 1832, 1875, 841, 1770, 851, 2291, 2349, 2293, 3475, 909, 198, 2875, 3090, 346, 1401, 3424, 513, 2672, 2264, 3221, 2604, 2154, 2170, 1258, 1413, 948, 1864, 428, 1083, 2989, 1424, 1975, 1945, 894, 3489, 578, 2776, 3134, 1279, 3411, 2550, 2174, 1229, 1938, 534, 1386, 1278, 158, 2207, 870, 3294, 2517, 1993, 2080, 2151, 2328, 492, 1209, 2309, 1936]

solved select: 380 in 30594.24 seconds
iteration: 0, n requested: 380, n selected: 380, selected: [1094, 2693, 2356, 3488, 2442, 1382, 1024, 2347, 126, 1989, 3204, 868, 3370, 3468, 3441, 2327, 1900, 472, 1646, 3351, 509, 1342, 1285, 2791, 431, 2336, 1873, 443, 359, 1281, 2422, 1479, 2889, 162, 2299, 446, 3178, 385, 387, 1206, 3328, 3225, 2164, 1650, 2314, 2549, 1968, 3400, 316, 1238, 1414, 1359, 381, 91, 939, 3201, 3278, 465, 549, 844, 1778, 523, 438, 2901, 2737, 2348, 440, 502, 1940, 1033, 2237, 3189, 207, 312, 380, 3308, 952, 1982, 2010, 3385, 1298, 3330, 1898, 445, 1267, 2078, 345, 2254, 3126, 538, 900, 819, 3183, 1856, 2742, 3236, 1794, 1395, 3355, 469, 208, 53, 3450, 3196, 1632, 2187, 389, 3486, 3197, 2694, 3358, 150, 2599, 1354, 1049, 500, 2739, 2281, 456, 2871, 2031, 2664, 2584, 3206, 1949, 2205, 2227, 2706, 1372, 3345, 1015, 1388, 2723, 421, 1901, 1878, 243, 1394, 481, 848, 2301, 533, 1257, 1300, 3393, 833, 3365, 1426, 499, 520, 205, 2238, 2167, 2015, 470, 1288, 1979, 3260, 2320, 1790, 1830, 1268, 1520, 2354, 468, 528, 491, 2353, 571, 677, 507, 2337, 1523, 934, 2087, 2479, 2902, 850, 2218, 3337, 2308, 1504, 3205, 1276, 1482, 3397, 2497, 2043, 378, 334, 3227, 3479, 2869, 409, 1810, 2005, 282, 2162, 1941, 3181, 839, 591, 906, 3399, 452, 863, 2531, 3352, 479, 2379, 3193, 1882, 3124, 1428, 444, 1952, 2897, 2712, 3383, 3160, 2763, 1488, 606, 2732, 1899, 2325, 514, 106, 1228, 508, 1074, 190, 179, 1289, 1420, 2285, 2682, 3215, 488, 1823, 1980, 2247, 883, 490, 2269, 1795, 1793, 1307, 903, 3446, 161, 3430, 2184, 792, 3252, 2196, 2219, 2603, 623, 2125, 2821, 3175, 461, 1988, 1062, 483, 667, 2631, 2296, 1254, 3317, 417, 1357, 477, 29, 2331, 2081, 1892, 1380, 2262, 2453, 3401, 1905, 2018, 2405, 2726, 998, 1970, 436, 504, 390, 269, 3241, 1752, 2676, 86, 439, 1826, 1578, 1046, 539, 2536, 449, 1392, 1365, 983, 1727, 299, 1249, 1540, 2716, 537, 2072, 2703, 3364, 750, 2555, 1308, 3169, 1832, 1875, 841, 1770, 851, 2291, 2349, 2293, 3475, 909, 198, 2875, 3090, 346, 1401, 3424, 513, 2672, 2264, 3221, 2604, 2154, 2170, 1258, 1413, 948, 1864, 428, 1083, 2989, 1424, 1975, 1945, 894, 3489, 578, 2776, 3134, 1279, 3411, 2550, 2174, 1229, 1938, 534, 1386, 1278, 158, 2207, 870, 3294, 2517, 1993, 2080, 2151, 2328, 492, 1209, 2309, 1936, 2358]

solved select: 381 in 30795.59 seconds
iteration: 0, n requested: 381, n selected: 381, selected: [1094, 2693, 2356, 3488, 2442, 1382, 1024, 2347, 126, 1989, 3204, 868, 3370, 3468, 3441, 2327, 1900, 472, 1646, 3351, 509, 1342, 1285, 2791, 431, 2336, 1873, 443, 359, 1281, 2422, 1479, 2889, 162, 2299, 446, 3178, 385, 387, 1206, 3328, 3225, 2164, 1650, 2314, 2549, 1968, 3400, 316, 1238, 1414, 1359, 381, 91, 939, 3201, 3278, 465, 549, 844, 1778, 523, 438, 2901, 2737, 2348, 440, 502, 1940, 1033, 2237, 3189, 207, 312, 380, 3308, 952, 1982, 2010, 3385, 1298, 3330, 1898, 445, 1267, 2078, 345, 2254, 3126, 538, 900, 819, 3183, 1856, 2742, 3236, 1794, 1395, 3355, 469, 208, 53, 3450, 3196, 1632, 2187, 389, 3486, 3197, 2694, 3358, 150, 2599, 1354, 1049, 500, 2739, 2281, 456, 2871, 2031, 2664, 2584, 3206, 1949, 2205, 2227, 2706, 1372, 3345, 1015, 1388, 2723, 421, 1901, 1878, 243, 1394, 481, 848, 2301, 533, 1257, 1300, 3393, 833, 3365, 1426, 499, 520, 205, 2238, 2167, 2015, 470, 1288, 1979, 3260, 2320, 1790, 1830, 1268, 1520, 2354, 468, 528, 491, 2353, 571, 677, 507, 2337, 1523, 934, 2087, 2479, 2902, 850, 2218, 3337, 2308, 1504, 3205, 1276, 1482, 3397, 2497, 2043, 378, 334, 3227, 3479, 2869, 409, 1810, 2005, 282, 2162, 1941, 3181, 839, 591, 906, 3399, 452, 863, 2531, 3352, 479, 2379, 3193, 1882, 3124, 1428, 444, 1952, 2897, 2712, 3383, 3160, 2763, 1488, 606, 2732, 1899, 2325, 514, 106, 1228, 508, 1074, 190, 179, 1289, 1420, 2285, 2682, 3215, 488, 1823, 1980, 2247, 883, 490, 2269, 1795, 1793, 1307, 903, 3446, 161, 3430, 2184, 792, 3252, 2196, 2219, 2603, 623, 2125, 2821, 3175, 461, 1988, 1062, 483, 667, 2631, 2296, 1254, 3317, 417, 1357, 477, 29, 2331, 2081, 1892, 1380, 2262, 2453, 3401, 1905, 2018, 2405, 2726, 998, 1970, 436, 504, 390, 269, 3241, 1752, 2676, 86, 439, 1826, 1578, 1046, 539, 2536, 449, 1392, 1365, 983, 1727, 299, 1249, 1540, 2716, 537, 2072, 2703, 3364, 750, 2555, 1308, 3169, 1832, 1875, 841, 1770, 851, 2291, 2349, 2293, 3475, 909, 198, 2875, 3090, 346, 1401, 3424, 513, 2672, 2264, 3221, 2604, 2154, 2170, 1258, 1413, 948, 1864, 428, 1083, 2989, 1424, 1975, 1945, 894, 3489, 578, 2776, 3134, 1279, 3411, 2550, 2174, 1229, 1938, 534, 1386, 1278, 158, 2207, 870, 3294, 2517, 1993, 2080, 2151, 2328, 492, 1209, 2309, 1936, 2358, 164]

solved select: 382 in 30994.61 seconds
iteration: 0, n requested: 382, n selected: 382, selected: [1094, 2693, 2356, 3488, 2442, 1382, 1024, 2347, 126, 1989, 3204, 868, 3370, 3468, 3441, 2327, 1900, 472, 1646, 3351, 509, 1342, 1285, 2791, 431, 2336, 1873, 443, 359, 1281, 2422, 1479, 2889, 162, 2299, 446, 3178, 385, 387, 1206, 3328, 3225, 2164, 1650, 2314, 2549, 1968, 3400, 316, 1238, 1414, 1359, 381, 91, 939, 3201, 3278, 465, 549, 844, 1778, 523, 438, 2901, 2737, 2348, 440, 502, 1940, 1033, 2237, 3189, 207, 312, 380, 3308, 952, 1982, 2010, 3385, 1298, 3330, 1898, 445, 1267, 2078, 345, 2254, 3126, 538, 900, 819, 3183, 1856, 2742, 3236, 1794, 1395, 3355, 469, 208, 53, 3450, 3196, 1632, 2187, 389, 3486, 3197, 2694, 3358, 150, 2599, 1354, 1049, 500, 2739, 2281, 456, 2871, 2031, 2664, 2584, 3206, 1949, 2205, 2227, 2706, 1372, 3345, 1015, 1388, 2723, 421, 1901, 1878, 243, 1394, 481, 848, 2301, 533, 1257, 1300, 3393, 833, 3365, 1426, 499, 520, 205, 2238, 2167, 2015, 470, 1288, 1979, 3260, 2320, 1790, 1830, 1268, 1520, 2354, 468, 528, 491, 2353, 571, 677, 507, 2337, 1523, 934, 2087, 2479, 2902, 850, 2218, 3337, 2308, 1504, 3205, 1276, 1482, 3397, 2497, 2043, 378, 334, 3227, 3479, 2869, 409, 1810, 2005, 282, 2162, 1941, 3181, 839, 591, 906, 3399, 452, 863, 2531, 3352, 479, 2379, 3193, 1882, 3124, 1428, 444, 1952, 2897, 2712, 3383, 3160, 2763, 1488, 606, 2732, 1899, 2325, 514, 106, 1228, 508, 1074, 190, 179, 1289, 1420, 2285, 2682, 3215, 488, 1823, 1980, 2247, 883, 490, 2269, 1795, 1793, 1307, 903, 3446, 161, 3430, 2184, 792, 3252, 2196, 2219, 2603, 623, 2125, 2821, 3175, 461, 1988, 1062, 483, 667, 2631, 2296, 1254, 3317, 417, 1357, 477, 29, 2331, 2081, 1892, 1380, 2262, 2453, 3401, 1905, 2018, 2405, 2726, 998, 1970, 436, 504, 390, 269, 3241, 1752, 2676, 86, 439, 1826, 1578, 1046, 539, 2536, 449, 1392, 1365, 983, 1727, 299, 1249, 1540, 2716, 537, 2072, 2703, 3364, 750, 2555, 1308, 3169, 1832, 1875, 841, 1770, 851, 2291, 2349, 2293, 3475, 909, 198, 2875, 3090, 346, 1401, 3424, 513, 2672, 2264, 3221, 2604, 2154, 2170, 1258, 1413, 948, 1864, 428, 1083, 2989, 1424, 1975, 1945, 894, 3489, 578, 2776, 3134, 1279, 3411, 2550, 2174, 1229, 1938, 534, 1386, 1278, 158, 2207, 870, 3294, 2517, 1993, 2080, 2151, 2328, 492, 1209, 2309, 1936, 2358, 164, 2367]

solved select: 383 in 31196.11 seconds
iteration: 0, n requested: 383, n selected: 383, selected: [1094, 2693, 2356, 3488, 2442, 1382, 1024, 2347, 126, 1989, 3204, 868, 3370, 3468, 3441, 2327, 1900, 472, 1646, 3351, 509, 1342, 1285, 2791, 431, 2336, 1873, 443, 359, 1281, 2422, 1479, 2889, 162, 2299, 446, 3178, 385, 387, 1206, 3328, 3225, 2164, 1650, 2314, 2549, 1968, 3400, 316, 1238, 1414, 1359, 381, 91, 939, 3201, 3278, 465, 549, 844, 1778, 523, 438, 2901, 2737, 2348, 440, 502, 1940, 1033, 2237, 3189, 207, 312, 380, 3308, 952, 1982, 2010, 3385, 1298, 3330, 1898, 445, 1267, 2078, 345, 2254, 3126, 538, 900, 819, 3183, 1856, 2742, 3236, 1794, 1395, 3355, 469, 208, 53, 3450, 3196, 1632, 2187, 389, 3486, 3197, 2694, 3358, 150, 2599, 1354, 1049, 500, 2739, 2281, 456, 2871, 2031, 2664, 2584, 3206, 1949, 2205, 2227, 2706, 1372, 3345, 1015, 1388, 2723, 421, 1901, 1878, 243, 1394, 481, 848, 2301, 533, 1257, 1300, 3393, 833, 3365, 1426, 499, 520, 205, 2238, 2167, 2015, 470, 1288, 1979, 3260, 2320, 1790, 1830, 1268, 1520, 2354, 468, 528, 491, 2353, 571, 677, 507, 2337, 1523, 934, 2087, 2479, 2902, 850, 2218, 3337, 2308, 1504, 3205, 1276, 1482, 3397, 2497, 2043, 378, 334, 3227, 3479, 2869, 409, 1810, 2005, 282, 2162, 1941, 3181, 839, 591, 906, 3399, 452, 863, 2531, 3352, 479, 2379, 3193, 1882, 3124, 1428, 444, 1952, 2897, 2712, 3383, 3160, 2763, 1488, 606, 2732, 1899, 2325, 514, 106, 1228, 508, 1074, 190, 179, 1289, 1420, 2285, 2682, 3215, 488, 1823, 1980, 2247, 883, 490, 2269, 1795, 1793, 1307, 903, 3446, 161, 3430, 2184, 792, 3252, 2196, 2219, 2603, 623, 2125, 2821, 3175, 461, 1988, 1062, 483, 667, 2631, 2296, 1254, 3317, 417, 1357, 477, 29, 2331, 2081, 1892, 1380, 2262, 2453, 3401, 1905, 2018, 2405, 2726, 998, 1970, 436, 504, 390, 269, 3241, 1752, 2676, 86, 439, 1826, 1578, 1046, 539, 2536, 449, 1392, 1365, 983, 1727, 299, 1249, 1540, 2716, 537, 2072, 2703, 3364, 750, 2555, 1308, 3169, 1832, 1875, 841, 1770, 851, 2291, 2349, 2293, 3475, 909, 198, 2875, 3090, 346, 1401, 3424, 513, 2672, 2264, 3221, 2604, 2154, 2170, 1258, 1413, 948, 1864, 428, 1083, 2989, 1424, 1975, 1945, 894, 3489, 578, 2776, 3134, 1279, 3411, 2550, 2174, 1229, 1938, 534, 1386, 1278, 158, 2207, 870, 3294, 2517, 1993, 2080, 2151, 2328, 492, 1209, 2309, 1936, 2358, 164, 2367, 2333]

solved select: 384 in 31403.28 seconds
iteration: 0, n requested: 384, n selected: 384, selected: [1094, 2693, 2356, 3488, 2442, 1382, 1024, 2347, 126, 1989, 3204, 868, 3370, 3468, 3441, 2327, 1900, 472, 1646, 3351, 509, 1342, 1285, 2791, 431, 2336, 1873, 443, 359, 1281, 2422, 1479, 2889, 162, 2299, 446, 3178, 385, 387, 1206, 3328, 3225, 2164, 1650, 2314, 2549, 1968, 3400, 316, 1238, 1414, 1359, 381, 91, 939, 3201, 3278, 465, 549, 844, 1778, 523, 438, 2901, 2737, 2348, 440, 502, 1940, 1033, 2237, 3189, 207, 312, 380, 3308, 952, 1982, 2010, 3385, 1298, 3330, 1898, 445, 1267, 2078, 345, 2254, 3126, 538, 900, 819, 3183, 1856, 2742, 3236, 1794, 1395, 3355, 469, 208, 53, 3450, 3196, 1632, 2187, 389, 3486, 3197, 2694, 3358, 150, 2599, 1354, 1049, 500, 2739, 2281, 456, 2871, 2031, 2664, 2584, 3206, 1949, 2205, 2227, 2706, 1372, 3345, 1015, 1388, 2723, 421, 1901, 1878, 243, 1394, 481, 848, 2301, 533, 1257, 1300, 3393, 833, 3365, 1426, 499, 520, 205, 2238, 2167, 2015, 470, 1288, 1979, 3260, 2320, 1790, 1830, 1268, 1520, 2354, 468, 528, 491, 2353, 571, 677, 507, 2337, 1523, 934, 2087, 2479, 2902, 850, 2218, 3337, 2308, 1504, 3205, 1276, 1482, 3397, 2497, 2043, 378, 334, 3227, 3479, 2869, 409, 1810, 2005, 282, 2162, 1941, 3181, 839, 591, 906, 3399, 452, 863, 2531, 3352, 479, 2379, 3193, 1882, 3124, 1428, 444, 1952, 2897, 2712, 3383, 3160, 2763, 1488, 606, 2732, 1899, 2325, 514, 106, 1228, 508, 1074, 190, 179, 1289, 1420, 2285, 2682, 3215, 488, 1823, 1980, 2247, 883, 490, 2269, 1795, 1793, 1307, 903, 3446, 161, 3430, 2184, 792, 3252, 2196, 2219, 2603, 623, 2125, 2821, 3175, 461, 1988, 1062, 483, 667, 2631, 2296, 1254, 3317, 417, 1357, 477, 29, 2331, 2081, 1892, 1380, 2262, 2453, 3401, 1905, 2018, 2405, 2726, 998, 1970, 436, 504, 390, 269, 3241, 1752, 2676, 86, 439, 1826, 1578, 1046, 539, 2536, 449, 1392, 1365, 983, 1727, 299, 1249, 1540, 2716, 537, 2072, 2703, 3364, 750, 2555, 1308, 3169, 1832, 1875, 841, 1770, 851, 2291, 2349, 2293, 3475, 909, 198, 2875, 3090, 346, 1401, 3424, 513, 2672, 2264, 3221, 2604, 2154, 2170, 1258, 1413, 948, 1864, 428, 1083, 2989, 1424, 1975, 1945, 894, 3489, 578, 2776, 3134, 1279, 3411, 2550, 2174, 1229, 1938, 534, 1386, 1278, 158, 2207, 870, 3294, 2517, 1993, 2080, 2151, 2328, 492, 1209, 2309, 1936, 2358, 164, 2367, 2333, 3384]

solved select: 385 in 31623.59 seconds
iteration: 0, n requested: 385, n selected: 385, selected: [1094, 2693, 2356, 3488, 2442, 1382, 1024, 2347, 126, 1989, 3204, 868, 3370, 3468, 3441, 2327, 1900, 472, 1646, 3351, 509, 1342, 1285, 2791, 431, 2336, 1873, 443, 359, 1281, 2422, 1479, 2889, 162, 2299, 446, 3178, 385, 387, 1206, 3328, 3225, 2164, 1650, 2314, 2549, 1968, 3400, 316, 1238, 1414, 1359, 381, 91, 939, 3201, 3278, 465, 549, 844, 1778, 523, 438, 2901, 2737, 2348, 440, 502, 1940, 1033, 2237, 3189, 207, 312, 380, 3308, 952, 1982, 2010, 3385, 1298, 3330, 1898, 445, 1267, 2078, 345, 2254, 3126, 538, 900, 819, 3183, 1856, 2742, 3236, 1794, 1395, 3355, 469, 208, 53, 3450, 3196, 1632, 2187, 389, 3486, 3197, 2694, 3358, 150, 2599, 1354, 1049, 500, 2739, 2281, 456, 2871, 2031, 2664, 2584, 3206, 1949, 2205, 2227, 2706, 1372, 3345, 1015, 1388, 2723, 421, 1901, 1878, 243, 1394, 481, 848, 2301, 533, 1257, 1300, 3393, 833, 3365, 1426, 499, 520, 205, 2238, 2167, 2015, 470, 1288, 1979, 3260, 2320, 1790, 1830, 1268, 1520, 2354, 468, 528, 491, 2353, 571, 677, 507, 2337, 1523, 934, 2087, 2479, 2902, 850, 2218, 3337, 2308, 1504, 3205, 1276, 1482, 3397, 2497, 2043, 378, 334, 3227, 3479, 2869, 409, 1810, 2005, 282, 2162, 1941, 3181, 839, 591, 906, 3399, 452, 863, 2531, 3352, 479, 2379, 3193, 1882, 3124, 1428, 444, 1952, 2897, 2712, 3383, 3160, 2763, 1488, 606, 2732, 1899, 2325, 514, 106, 1228, 508, 1074, 190, 179, 1289, 1420, 2285, 2682, 3215, 488, 1823, 1980, 2247, 883, 490, 2269, 1795, 1793, 1307, 903, 3446, 161, 3430, 2184, 792, 3252, 2196, 2219, 2603, 623, 2125, 2821, 3175, 461, 1988, 1062, 483, 667, 2631, 2296, 1254, 3317, 417, 1357, 477, 29, 2331, 2081, 1892, 1380, 2262, 2453, 3401, 1905, 2018, 2405, 2726, 998, 1970, 436, 504, 390, 269, 3241, 1752, 2676, 86, 439, 1826, 1578, 1046, 539, 2536, 449, 1392, 1365, 983, 1727, 299, 1249, 1540, 2716, 537, 2072, 2703, 3364, 750, 2555, 1308, 3169, 1832, 1875, 841, 1770, 851, 2291, 2349, 2293, 3475, 909, 198, 2875, 3090, 346, 1401, 3424, 513, 2672, 2264, 3221, 2604, 2154, 2170, 1258, 1413, 948, 1864, 428, 1083, 2989, 1424, 1975, 1945, 894, 3489, 578, 2776, 3134, 1279, 3411, 2550, 2174, 1229, 1938, 534, 1386, 1278, 158, 2207, 870, 3294, 2517, 1993, 2080, 2151, 2328, 492, 1209, 2309, 1936, 2358, 164, 2367, 2333, 3384, 3251]

solved select: 386 in 31828.78 seconds
iteration: 0, n requested: 386, n selected: 386, selected: [1094, 2693, 2356, 3488, 2442, 1382, 1024, 2347, 126, 1989, 3204, 868, 3370, 3468, 3441, 2327, 1900, 472, 1646, 3351, 509, 1342, 1285, 2791, 431, 2336, 1873, 443, 359, 1281, 2422, 1479, 2889, 162, 2299, 446, 3178, 385, 387, 1206, 3328, 3225, 2164, 1650, 2314, 2549, 1968, 3400, 316, 1238, 1414, 1359, 381, 91, 939, 3201, 3278, 465, 549, 844, 1778, 523, 438, 2901, 2737, 2348, 440, 502, 1940, 1033, 2237, 3189, 207, 312, 380, 3308, 952, 1982, 2010, 3385, 1298, 3330, 1898, 445, 1267, 2078, 345, 2254, 3126, 538, 900, 819, 3183, 1856, 2742, 3236, 1794, 1395, 3355, 469, 208, 53, 3450, 3196, 1632, 2187, 389, 3486, 3197, 2694, 3358, 150, 2599, 1354, 1049, 500, 2739, 2281, 456, 2871, 2031, 2664, 2584, 3206, 1949, 2205, 2227, 2706, 1372, 3345, 1015, 1388, 2723, 421, 1901, 1878, 243, 1394, 481, 848, 2301, 533, 1257, 1300, 3393, 833, 3365, 1426, 499, 520, 205, 2238, 2167, 2015, 470, 1288, 1979, 3260, 2320, 1790, 1830, 1268, 1520, 2354, 468, 528, 491, 2353, 571, 677, 507, 2337, 1523, 934, 2087, 2479, 2902, 850, 2218, 3337, 2308, 1504, 3205, 1276, 1482, 3397, 2497, 2043, 378, 334, 3227, 3479, 2869, 409, 1810, 2005, 282, 2162, 1941, 3181, 839, 591, 906, 3399, 452, 863, 2531, 3352, 479, 2379, 3193, 1882, 3124, 1428, 444, 1952, 2897, 2712, 3383, 3160, 2763, 1488, 606, 2732, 1899, 2325, 514, 106, 1228, 508, 1074, 190, 179, 1289, 1420, 2285, 2682, 3215, 488, 1823, 1980, 2247, 883, 490, 2269, 1795, 1793, 1307, 903, 3446, 161, 3430, 2184, 792, 3252, 2196, 2219, 2603, 623, 2125, 2821, 3175, 461, 1988, 1062, 483, 667, 2631, 2296, 1254, 3317, 417, 1357, 477, 29, 2331, 2081, 1892, 1380, 2262, 2453, 3401, 1905, 2018, 2405, 2726, 998, 1970, 436, 504, 390, 269, 3241, 1752, 2676, 86, 439, 1826, 1578, 1046, 539, 2536, 449, 1392, 1365, 983, 1727, 299, 1249, 1540, 2716, 537, 2072, 2703, 3364, 750, 2555, 1308, 3169, 1832, 1875, 841, 1770, 851, 2291, 2349, 2293, 3475, 909, 198, 2875, 3090, 346, 1401, 3424, 513, 2672, 2264, 3221, 2604, 2154, 2170, 1258, 1413, 948, 1864, 428, 1083, 2989, 1424, 1975, 1945, 894, 3489, 578, 2776, 3134, 1279, 3411, 2550, 2174, 1229, 1938, 534, 1386, 1278, 158, 2207, 870, 3294, 2517, 1993, 2080, 2151, 2328, 492, 1209, 2309, 1936, 2358, 164, 2367, 2333, 3384, 3251, 2494]

solved select: 387 in 32030.23 seconds
iteration: 0, n requested: 387, n selected: 387, selected: [1094, 2693, 2356, 3488, 2442, 1382, 1024, 2347, 126, 1989, 3204, 868, 3370, 3468, 3441, 2327, 1900, 472, 1646, 3351, 509, 1342, 1285, 2791, 431, 2336, 1873, 443, 359, 1281, 2422, 1479, 2889, 162, 2299, 446, 3178, 385, 387, 1206, 3328, 3225, 2164, 1650, 2314, 2549, 1968, 3400, 316, 1238, 1414, 1359, 381, 91, 939, 3201, 3278, 465, 549, 844, 1778, 523, 438, 2901, 2737, 2348, 440, 502, 1940, 1033, 2237, 3189, 207, 312, 380, 3308, 952, 1982, 2010, 3385, 1298, 3330, 1898, 445, 1267, 2078, 345, 2254, 3126, 538, 900, 819, 3183, 1856, 2742, 3236, 1794, 1395, 3355, 469, 208, 53, 3450, 3196, 1632, 2187, 389, 3486, 3197, 2694, 3358, 150, 2599, 1354, 1049, 500, 2739, 2281, 456, 2871, 2031, 2664, 2584, 3206, 1949, 2205, 2227, 2706, 1372, 3345, 1015, 1388, 2723, 421, 1901, 1878, 243, 1394, 481, 848, 2301, 533, 1257, 1300, 3393, 833, 3365, 1426, 499, 520, 205, 2238, 2167, 2015, 470, 1288, 1979, 3260, 2320, 1790, 1830, 1268, 1520, 2354, 468, 528, 491, 2353, 571, 677, 507, 2337, 1523, 934, 2087, 2479, 2902, 850, 2218, 3337, 2308, 1504, 3205, 1276, 1482, 3397, 2497, 2043, 378, 334, 3227, 3479, 2869, 409, 1810, 2005, 282, 2162, 1941, 3181, 839, 591, 906, 3399, 452, 863, 2531, 3352, 479, 2379, 3193, 1882, 3124, 1428, 444, 1952, 2897, 2712, 3383, 3160, 2763, 1488, 606, 2732, 1899, 2325, 514, 106, 1228, 508, 1074, 190, 179, 1289, 1420, 2285, 2682, 3215, 488, 1823, 1980, 2247, 883, 490, 2269, 1795, 1793, 1307, 903, 3446, 161, 3430, 2184, 792, 3252, 2196, 2219, 2603, 623, 2125, 2821, 3175, 461, 1988, 1062, 483, 667, 2631, 2296, 1254, 3317, 417, 1357, 477, 29, 2331, 2081, 1892, 1380, 2262, 2453, 3401, 1905, 2018, 2405, 2726, 998, 1970, 436, 504, 390, 269, 3241, 1752, 2676, 86, 439, 1826, 1578, 1046, 539, 2536, 449, 1392, 1365, 983, 1727, 299, 1249, 1540, 2716, 537, 2072, 2703, 3364, 750, 2555, 1308, 3169, 1832, 1875, 841, 1770, 851, 2291, 2349, 2293, 3475, 909, 198, 2875, 3090, 346, 1401, 3424, 513, 2672, 2264, 3221, 2604, 2154, 2170, 1258, 1413, 948, 1864, 428, 1083, 2989, 1424, 1975, 1945, 894, 3489, 578, 2776, 3134, 1279, 3411, 2550, 2174, 1229, 1938, 534, 1386, 1278, 158, 2207, 870, 3294, 2517, 1993, 2080, 2151, 2328, 492, 1209, 2309, 1936, 2358, 164, 2367, 2333, 3384, 3251, 2494, 1645]

solved select: 388 in 32236.38 seconds
iteration: 0, n requested: 388, n selected: 388, selected: [1094, 2693, 2356, 3488, 2442, 1382, 1024, 2347, 126, 1989, 3204, 868, 3370, 3468, 3441, 2327, 1900, 472, 1646, 3351, 509, 1342, 1285, 2791, 431, 2336, 1873, 443, 359, 1281, 2422, 1479, 2889, 162, 2299, 446, 3178, 385, 387, 1206, 3328, 3225, 2164, 1650, 2314, 2549, 1968, 3400, 316, 1238, 1414, 1359, 381, 91, 939, 3201, 3278, 465, 549, 844, 1778, 523, 438, 2901, 2737, 2348, 440, 502, 1940, 1033, 2237, 3189, 207, 312, 380, 3308, 952, 1982, 2010, 3385, 1298, 3330, 1898, 445, 1267, 2078, 345, 2254, 3126, 538, 900, 819, 3183, 1856, 2742, 3236, 1794, 1395, 3355, 469, 208, 53, 3450, 3196, 1632, 2187, 389, 3486, 3197, 2694, 3358, 150, 2599, 1354, 1049, 500, 2739, 2281, 456, 2871, 2031, 2664, 2584, 3206, 1949, 2205, 2227, 2706, 1372, 3345, 1015, 1388, 2723, 421, 1901, 1878, 243, 1394, 481, 848, 2301, 533, 1257, 1300, 3393, 833, 3365, 1426, 499, 520, 205, 2238, 2167, 2015, 470, 1288, 1979, 3260, 2320, 1790, 1830, 1268, 1520, 2354, 468, 528, 491, 2353, 571, 677, 507, 2337, 1523, 934, 2087, 2479, 2902, 850, 2218, 3337, 2308, 1504, 3205, 1276, 1482, 3397, 2497, 2043, 378, 334, 3227, 3479, 2869, 409, 1810, 2005, 282, 2162, 1941, 3181, 839, 591, 906, 3399, 452, 863, 2531, 3352, 479, 2379, 3193, 1882, 3124, 1428, 444, 1952, 2897, 2712, 3383, 3160, 2763, 1488, 606, 2732, 1899, 2325, 514, 106, 1228, 508, 1074, 190, 179, 1289, 1420, 2285, 2682, 3215, 488, 1823, 1980, 2247, 883, 490, 2269, 1795, 1793, 1307, 903, 3446, 161, 3430, 2184, 792, 3252, 2196, 2219, 2603, 623, 2125, 2821, 3175, 461, 1988, 1062, 483, 667, 2631, 2296, 1254, 3317, 417, 1357, 477, 29, 2331, 2081, 1892, 1380, 2262, 2453, 3401, 1905, 2018, 2405, 2726, 998, 1970, 436, 504, 390, 269, 3241, 1752, 2676, 86, 439, 1826, 1578, 1046, 539, 2536, 449, 1392, 1365, 983, 1727, 299, 1249, 1540, 2716, 537, 2072, 2703, 3364, 750, 2555, 1308, 3169, 1832, 1875, 841, 1770, 851, 2291, 2349, 2293, 3475, 909, 198, 2875, 3090, 346, 1401, 3424, 513, 2672, 2264, 3221, 2604, 2154, 2170, 1258, 1413, 948, 1864, 428, 1083, 2989, 1424, 1975, 1945, 894, 3489, 578, 2776, 3134, 1279, 3411, 2550, 2174, 1229, 1938, 534, 1386, 1278, 158, 2207, 870, 3294, 2517, 1993, 2080, 2151, 2328, 492, 1209, 2309, 1936, 2358, 164, 2367, 2333, 3384, 3251, 2494, 1645, 562]

solved select: 389 in 32438.60 seconds
iteration: 0, n requested: 389, n selected: 389, selected: [1094, 2693, 2356, 3488, 2442, 1382, 1024, 2347, 126, 1989, 3204, 868, 3370, 3468, 3441, 2327, 1900, 472, 1646, 3351, 509, 1342, 1285, 2791, 431, 2336, 1873, 443, 359, 1281, 2422, 1479, 2889, 162, 2299, 446, 3178, 385, 387, 1206, 3328, 3225, 2164, 1650, 2314, 2549, 1968, 3400, 316, 1238, 1414, 1359, 381, 91, 939, 3201, 3278, 465, 549, 844, 1778, 523, 438, 2901, 2737, 2348, 440, 502, 1940, 1033, 2237, 3189, 207, 312, 380, 3308, 952, 1982, 2010, 3385, 1298, 3330, 1898, 445, 1267, 2078, 345, 2254, 3126, 538, 900, 819, 3183, 1856, 2742, 3236, 1794, 1395, 3355, 469, 208, 53, 3450, 3196, 1632, 2187, 389, 3486, 3197, 2694, 3358, 150, 2599, 1354, 1049, 500, 2739, 2281, 456, 2871, 2031, 2664, 2584, 3206, 1949, 2205, 2227, 2706, 1372, 3345, 1015, 1388, 2723, 421, 1901, 1878, 243, 1394, 481, 848, 2301, 533, 1257, 1300, 3393, 833, 3365, 1426, 499, 520, 205, 2238, 2167, 2015, 470, 1288, 1979, 3260, 2320, 1790, 1830, 1268, 1520, 2354, 468, 528, 491, 2353, 571, 677, 507, 2337, 1523, 934, 2087, 2479, 2902, 850, 2218, 3337, 2308, 1504, 3205, 1276, 1482, 3397, 2497, 2043, 378, 334, 3227, 3479, 2869, 409, 1810, 2005, 282, 2162, 1941, 3181, 839, 591, 906, 3399, 452, 863, 2531, 3352, 479, 2379, 3193, 1882, 3124, 1428, 444, 1952, 2897, 2712, 3383, 3160, 2763, 1488, 606, 2732, 1899, 2325, 514, 106, 1228, 508, 1074, 190, 179, 1289, 1420, 2285, 2682, 3215, 488, 1823, 1980, 2247, 883, 490, 2269, 1795, 1793, 1307, 903, 3446, 161, 3430, 2184, 792, 3252, 2196, 2219, 2603, 623, 2125, 2821, 3175, 461, 1988, 1062, 483, 667, 2631, 2296, 1254, 3317, 417, 1357, 477, 29, 2331, 2081, 1892, 1380, 2262, 2453, 3401, 1905, 2018, 2405, 2726, 998, 1970, 436, 504, 390, 269, 3241, 1752, 2676, 86, 439, 1826, 1578, 1046, 539, 2536, 449, 1392, 1365, 983, 1727, 299, 1249, 1540, 2716, 537, 2072, 2703, 3364, 750, 2555, 1308, 3169, 1832, 1875, 841, 1770, 851, 2291, 2349, 2293, 3475, 909, 198, 2875, 3090, 346, 1401, 3424, 513, 2672, 2264, 3221, 2604, 2154, 2170, 1258, 1413, 948, 1864, 428, 1083, 2989, 1424, 1975, 1945, 894, 3489, 578, 2776, 3134, 1279, 3411, 2550, 2174, 1229, 1938, 534, 1386, 1278, 158, 2207, 870, 3294, 2517, 1993, 2080, 2151, 2328, 492, 1209, 2309, 1936, 2358, 164, 2367, 2333, 3384, 3251, 2494, 1645, 562, 1345]

solved select: 390 in 32642.35 seconds
iteration: 0, n requested: 390, n selected: 390, selected: [1094, 2693, 2356, 3488, 2442, 1382, 1024, 2347, 126, 1989, 3204, 868, 3370, 3468, 3441, 2327, 1900, 472, 1646, 3351, 509, 1342, 1285, 2791, 431, 2336, 1873, 443, 359, 1281, 2422, 1479, 2889, 162, 2299, 446, 3178, 385, 387, 1206, 3328, 3225, 2164, 1650, 2314, 2549, 1968, 3400, 316, 1238, 1414, 1359, 381, 91, 939, 3201, 3278, 465, 549, 844, 1778, 523, 438, 2901, 2737, 2348, 440, 502, 1940, 1033, 2237, 3189, 207, 312, 380, 3308, 952, 1982, 2010, 3385, 1298, 3330, 1898, 445, 1267, 2078, 345, 2254, 3126, 538, 900, 819, 3183, 1856, 2742, 3236, 1794, 1395, 3355, 469, 208, 53, 3450, 3196, 1632, 2187, 389, 3486, 3197, 2694, 3358, 150, 2599, 1354, 1049, 500, 2739, 2281, 456, 2871, 2031, 2664, 2584, 3206, 1949, 2205, 2227, 2706, 1372, 3345, 1015, 1388, 2723, 421, 1901, 1878, 243, 1394, 481, 848, 2301, 533, 1257, 1300, 3393, 833, 3365, 1426, 499, 520, 205, 2238, 2167, 2015, 470, 1288, 1979, 3260, 2320, 1790, 1830, 1268, 1520, 2354, 468, 528, 491, 2353, 571, 677, 507, 2337, 1523, 934, 2087, 2479, 2902, 850, 2218, 3337, 2308, 1504, 3205, 1276, 1482, 3397, 2497, 2043, 378, 334, 3227, 3479, 2869, 409, 1810, 2005, 282, 2162, 1941, 3181, 839, 591, 906, 3399, 452, 863, 2531, 3352, 479, 2379, 3193, 1882, 3124, 1428, 444, 1952, 2897, 2712, 3383, 3160, 2763, 1488, 606, 2732, 1899, 2325, 514, 106, 1228, 508, 1074, 190, 179, 1289, 1420, 2285, 2682, 3215, 488, 1823, 1980, 2247, 883, 490, 2269, 1795, 1793, 1307, 903, 3446, 161, 3430, 2184, 792, 3252, 2196, 2219, 2603, 623, 2125, 2821, 3175, 461, 1988, 1062, 483, 667, 2631, 2296, 1254, 3317, 417, 1357, 477, 29, 2331, 2081, 1892, 1380, 2262, 2453, 3401, 1905, 2018, 2405, 2726, 998, 1970, 436, 504, 390, 269, 3241, 1752, 2676, 86, 439, 1826, 1578, 1046, 539, 2536, 449, 1392, 1365, 983, 1727, 299, 1249, 1540, 2716, 537, 2072, 2703, 3364, 750, 2555, 1308, 3169, 1832, 1875, 841, 1770, 851, 2291, 2349, 2293, 3475, 909, 198, 2875, 3090, 346, 1401, 3424, 513, 2672, 2264, 3221, 2604, 2154, 2170, 1258, 1413, 948, 1864, 428, 1083, 2989, 1424, 1975, 1945, 894, 3489, 578, 2776, 3134, 1279, 3411, 2550, 2174, 1229, 1938, 534, 1386, 1278, 158, 2207, 870, 3294, 2517, 1993, 2080, 2151, 2328, 492, 1209, 2309, 1936, 2358, 164, 2367, 2333, 3384, 3251, 2494, 1645, 562, 1345, 3452]

solved select: 391 in 32853.66 seconds
iteration: 0, n requested: 391, n selected: 391, selected: [1094, 2693, 2356, 3488, 2442, 1382, 1024, 2347, 126, 1989, 3204, 868, 3370, 3468, 3441, 2327, 1900, 472, 1646, 3351, 509, 1342, 1285, 2791, 431, 2336, 1873, 443, 359, 1281, 2422, 1479, 2889, 162, 2299, 446, 3178, 385, 387, 1206, 3328, 3225, 2164, 1650, 2314, 2549, 1968, 3400, 316, 1238, 1414, 1359, 381, 91, 939, 3201, 3278, 465, 549, 844, 1778, 523, 438, 2901, 2737, 2348, 440, 502, 1940, 1033, 2237, 3189, 207, 312, 380, 3308, 952, 1982, 2010, 3385, 1298, 3330, 1898, 445, 1267, 2078, 345, 2254, 3126, 538, 900, 819, 3183, 1856, 2742, 3236, 1794, 1395, 3355, 469, 208, 53, 3450, 3196, 1632, 2187, 389, 3486, 3197, 2694, 3358, 150, 2599, 1354, 1049, 500, 2739, 2281, 456, 2871, 2031, 2664, 2584, 3206, 1949, 2205, 2227, 2706, 1372, 3345, 1015, 1388, 2723, 421, 1901, 1878, 243, 1394, 481, 848, 2301, 533, 1257, 1300, 3393, 833, 3365, 1426, 499, 520, 205, 2238, 2167, 2015, 470, 1288, 1979, 3260, 2320, 1790, 1830, 1268, 1520, 2354, 468, 528, 491, 2353, 571, 677, 507, 2337, 1523, 934, 2087, 2479, 2902, 850, 2218, 3337, 2308, 1504, 3205, 1276, 1482, 3397, 2497, 2043, 378, 334, 3227, 3479, 2869, 409, 1810, 2005, 282, 2162, 1941, 3181, 839, 591, 906, 3399, 452, 863, 2531, 3352, 479, 2379, 3193, 1882, 3124, 1428, 444, 1952, 2897, 2712, 3383, 3160, 2763, 1488, 606, 2732, 1899, 2325, 514, 106, 1228, 508, 1074, 190, 179, 1289, 1420, 2285, 2682, 3215, 488, 1823, 1980, 2247, 883, 490, 2269, 1795, 1793, 1307, 903, 3446, 161, 3430, 2184, 792, 3252, 2196, 2219, 2603, 623, 2125, 2821, 3175, 461, 1988, 1062, 483, 667, 2631, 2296, 1254, 3317, 417, 1357, 477, 29, 2331, 2081, 1892, 1380, 2262, 2453, 3401, 1905, 2018, 2405, 2726, 998, 1970, 436, 504, 390, 269, 3241, 1752, 2676, 86, 439, 1826, 1578, 1046, 539, 2536, 449, 1392, 1365, 983, 1727, 299, 1249, 1540, 2716, 537, 2072, 2703, 3364, 750, 2555, 1308, 3169, 1832, 1875, 841, 1770, 851, 2291, 2349, 2293, 3475, 909, 198, 2875, 3090, 346, 1401, 3424, 513, 2672, 2264, 3221, 2604, 2154, 2170, 1258, 1413, 948, 1864, 428, 1083, 2989, 1424, 1975, 1945, 894, 3489, 578, 2776, 3134, 1279, 3411, 2550, 2174, 1229, 1938, 534, 1386, 1278, 158, 2207, 870, 3294, 2517, 1993, 2080, 2151, 2328, 492, 1209, 2309, 1936, 2358, 164, 2367, 2333, 3384, 3251, 2494, 1645, 562, 1345, 3452, 3223]

solved select: 392 in 33059.23 seconds
iteration: 0, n requested: 392, n selected: 392, selected: [1094, 2693, 2356, 3488, 2442, 1382, 1024, 2347, 126, 1989, 3204, 868, 3370, 3468, 3441, 2327, 1900, 472, 1646, 3351, 509, 1342, 1285, 2791, 431, 2336, 1873, 443, 359, 1281, 2422, 1479, 2889, 162, 2299, 446, 3178, 385, 387, 1206, 3328, 3225, 2164, 1650, 2314, 2549, 1968, 3400, 316, 1238, 1414, 1359, 381, 91, 939, 3201, 3278, 465, 549, 844, 1778, 523, 438, 2901, 2737, 2348, 440, 502, 1940, 1033, 2237, 3189, 207, 312, 380, 3308, 952, 1982, 2010, 3385, 1298, 3330, 1898, 445, 1267, 2078, 345, 2254, 3126, 538, 900, 819, 3183, 1856, 2742, 3236, 1794, 1395, 3355, 469, 208, 53, 3450, 3196, 1632, 2187, 389, 3486, 3197, 2694, 3358, 150, 2599, 1354, 1049, 500, 2739, 2281, 456, 2871, 2031, 2664, 2584, 3206, 1949, 2205, 2227, 2706, 1372, 3345, 1015, 1388, 2723, 421, 1901, 1878, 243, 1394, 481, 848, 2301, 533, 1257, 1300, 3393, 833, 3365, 1426, 499, 520, 205, 2238, 2167, 2015, 470, 1288, 1979, 3260, 2320, 1790, 1830, 1268, 1520, 2354, 468, 528, 491, 2353, 571, 677, 507, 2337, 1523, 934, 2087, 2479, 2902, 850, 2218, 3337, 2308, 1504, 3205, 1276, 1482, 3397, 2497, 2043, 378, 334, 3227, 3479, 2869, 409, 1810, 2005, 282, 2162, 1941, 3181, 839, 591, 906, 3399, 452, 863, 2531, 3352, 479, 2379, 3193, 1882, 3124, 1428, 444, 1952, 2897, 2712, 3383, 3160, 2763, 1488, 606, 2732, 1899, 2325, 514, 106, 1228, 508, 1074, 190, 179, 1289, 1420, 2285, 2682, 3215, 488, 1823, 1980, 2247, 883, 490, 2269, 1795, 1793, 1307, 903, 3446, 161, 3430, 2184, 792, 3252, 2196, 2219, 2603, 623, 2125, 2821, 3175, 461, 1988, 1062, 483, 667, 2631, 2296, 1254, 3317, 417, 1357, 477, 29, 2331, 2081, 1892, 1380, 2262, 2453, 3401, 1905, 2018, 2405, 2726, 998, 1970, 436, 504, 390, 269, 3241, 1752, 2676, 86, 439, 1826, 1578, 1046, 539, 2536, 449, 1392, 1365, 983, 1727, 299, 1249, 1540, 2716, 537, 2072, 2703, 3364, 750, 2555, 1308, 3169, 1832, 1875, 841, 1770, 851, 2291, 2349, 2293, 3475, 909, 198, 2875, 3090, 346, 1401, 3424, 513, 2672, 2264, 3221, 2604, 2154, 2170, 1258, 1413, 948, 1864, 428, 1083, 2989, 1424, 1975, 1945, 894, 3489, 578, 2776, 3134, 1279, 3411, 2550, 2174, 1229, 1938, 534, 1386, 1278, 158, 2207, 870, 3294, 2517, 1993, 2080, 2151, 2328, 492, 1209, 2309, 1936, 2358, 164, 2367, 2333, 3384, 3251, 2494, 1645, 562, 1345, 3452, 3223, 224]

solved select: 393 in 33266.09 seconds
iteration: 0, n requested: 393, n selected: 393, selected: [1094, 2693, 2356, 3488, 2442, 1382, 1024, 2347, 126, 1989, 3204, 868, 3370, 3468, 3441, 2327, 1900, 472, 1646, 3351, 509, 1342, 1285, 2791, 431, 2336, 1873, 443, 359, 1281, 2422, 1479, 2889, 162, 2299, 446, 3178, 385, 387, 1206, 3328, 3225, 2164, 1650, 2314, 2549, 1968, 3400, 316, 1238, 1414, 1359, 381, 91, 939, 3201, 3278, 465, 549, 844, 1778, 523, 438, 2901, 2737, 2348, 440, 502, 1940, 1033, 2237, 3189, 207, 312, 380, 3308, 952, 1982, 2010, 3385, 1298, 3330, 1898, 445, 1267, 2078, 345, 2254, 3126, 538, 900, 819, 3183, 1856, 2742, 3236, 1794, 1395, 3355, 469, 208, 53, 3450, 3196, 1632, 2187, 389, 3486, 3197, 2694, 3358, 150, 2599, 1354, 1049, 500, 2739, 2281, 456, 2871, 2031, 2664, 2584, 3206, 1949, 2205, 2227, 2706, 1372, 3345, 1015, 1388, 2723, 421, 1901, 1878, 243, 1394, 481, 848, 2301, 533, 1257, 1300, 3393, 833, 3365, 1426, 499, 520, 205, 2238, 2167, 2015, 470, 1288, 1979, 3260, 2320, 1790, 1830, 1268, 1520, 2354, 468, 528, 491, 2353, 571, 677, 507, 2337, 1523, 934, 2087, 2479, 2902, 850, 2218, 3337, 2308, 1504, 3205, 1276, 1482, 3397, 2497, 2043, 378, 334, 3227, 3479, 2869, 409, 1810, 2005, 282, 2162, 1941, 3181, 839, 591, 906, 3399, 452, 863, 2531, 3352, 479, 2379, 3193, 1882, 3124, 1428, 444, 1952, 2897, 2712, 3383, 3160, 2763, 1488, 606, 2732, 1899, 2325, 514, 106, 1228, 508, 1074, 190, 179, 1289, 1420, 2285, 2682, 3215, 488, 1823, 1980, 2247, 883, 490, 2269, 1795, 1793, 1307, 903, 3446, 161, 3430, 2184, 792, 3252, 2196, 2219, 2603, 623, 2125, 2821, 3175, 461, 1988, 1062, 483, 667, 2631, 2296, 1254, 3317, 417, 1357, 477, 29, 2331, 2081, 1892, 1380, 2262, 2453, 3401, 1905, 2018, 2405, 2726, 998, 1970, 436, 504, 390, 269, 3241, 1752, 2676, 86, 439, 1826, 1578, 1046, 539, 2536, 449, 1392, 1365, 983, 1727, 299, 1249, 1540, 2716, 537, 2072, 2703, 3364, 750, 2555, 1308, 3169, 1832, 1875, 841, 1770, 851, 2291, 2349, 2293, 3475, 909, 198, 2875, 3090, 346, 1401, 3424, 513, 2672, 2264, 3221, 2604, 2154, 2170, 1258, 1413, 948, 1864, 428, 1083, 2989, 1424, 1975, 1945, 894, 3489, 578, 2776, 3134, 1279, 3411, 2550, 2174, 1229, 1938, 534, 1386, 1278, 158, 2207, 870, 3294, 2517, 1993, 2080, 2151, 2328, 492, 1209, 2309, 1936, 2358, 164, 2367, 2333, 3384, 3251, 2494, 1645, 562, 1345, 3452, 3223, 224, 1829]

solved select: 394 in 33479.35 seconds
iteration: 0, n requested: 394, n selected: 394, selected: [1094, 2693, 2356, 3488, 2442, 1382, 1024, 2347, 126, 1989, 3204, 868, 3370, 3468, 3441, 2327, 1900, 472, 1646, 3351, 509, 1342, 1285, 2791, 431, 2336, 1873, 443, 359, 1281, 2422, 1479, 2889, 162, 2299, 446, 3178, 385, 387, 1206, 3328, 3225, 2164, 1650, 2314, 2549, 1968, 3400, 316, 1238, 1414, 1359, 381, 91, 939, 3201, 3278, 465, 549, 844, 1778, 523, 438, 2901, 2737, 2348, 440, 502, 1940, 1033, 2237, 3189, 207, 312, 380, 3308, 952, 1982, 2010, 3385, 1298, 3330, 1898, 445, 1267, 2078, 345, 2254, 3126, 538, 900, 819, 3183, 1856, 2742, 3236, 1794, 1395, 3355, 469, 208, 53, 3450, 3196, 1632, 2187, 389, 3486, 3197, 2694, 3358, 150, 2599, 1354, 1049, 500, 2739, 2281, 456, 2871, 2031, 2664, 2584, 3206, 1949, 2205, 2227, 2706, 1372, 3345, 1015, 1388, 2723, 421, 1901, 1878, 243, 1394, 481, 848, 2301, 533, 1257, 1300, 3393, 833, 3365, 1426, 499, 520, 205, 2238, 2167, 2015, 470, 1288, 1979, 3260, 2320, 1790, 1830, 1268, 1520, 2354, 468, 528, 491, 2353, 571, 677, 507, 2337, 1523, 934, 2087, 2479, 2902, 850, 2218, 3337, 2308, 1504, 3205, 1276, 1482, 3397, 2497, 2043, 378, 334, 3227, 3479, 2869, 409, 1810, 2005, 282, 2162, 1941, 3181, 839, 591, 906, 3399, 452, 863, 2531, 3352, 479, 2379, 3193, 1882, 3124, 1428, 444, 1952, 2897, 2712, 3383, 3160, 2763, 1488, 606, 2732, 1899, 2325, 514, 106, 1228, 508, 1074, 190, 179, 1289, 1420, 2285, 2682, 3215, 488, 1823, 1980, 2247, 883, 490, 2269, 1795, 1793, 1307, 903, 3446, 161, 3430, 2184, 792, 3252, 2196, 2219, 2603, 623, 2125, 2821, 3175, 461, 1988, 1062, 483, 667, 2631, 2296, 1254, 3317, 417, 1357, 477, 29, 2331, 2081, 1892, 1380, 2262, 2453, 3401, 1905, 2018, 2405, 2726, 998, 1970, 436, 504, 390, 269, 3241, 1752, 2676, 86, 439, 1826, 1578, 1046, 539, 2536, 449, 1392, 1365, 983, 1727, 299, 1249, 1540, 2716, 537, 2072, 2703, 3364, 750, 2555, 1308, 3169, 1832, 1875, 841, 1770, 851, 2291, 2349, 2293, 3475, 909, 198, 2875, 3090, 346, 1401, 3424, 513, 2672, 2264, 3221, 2604, 2154, 2170, 1258, 1413, 948, 1864, 428, 1083, 2989, 1424, 1975, 1945, 894, 3489, 578, 2776, 3134, 1279, 3411, 2550, 2174, 1229, 1938, 534, 1386, 1278, 158, 2207, 870, 3294, 2517, 1993, 2080, 2151, 2328, 492, 1209, 2309, 1936, 2358, 164, 2367, 2333, 3384, 3251, 2494, 1645, 562, 1345, 3452, 3223, 224, 1829, 825]

solved select: 395 in 33686.16 seconds
iteration: 0, n requested: 395, n selected: 395, selected: [1094, 2693, 2356, 3488, 2442, 1382, 1024, 2347, 126, 1989, 3204, 868, 3370, 3468, 3441, 2327, 1900, 472, 1646, 3351, 509, 1342, 1285, 2791, 431, 2336, 1873, 443, 359, 1281, 2422, 1479, 2889, 162, 2299, 446, 3178, 385, 387, 1206, 3328, 3225, 2164, 1650, 2314, 2549, 1968, 3400, 316, 1238, 1414, 1359, 381, 91, 939, 3201, 3278, 465, 549, 844, 1778, 523, 438, 2901, 2737, 2348, 440, 502, 1940, 1033, 2237, 3189, 207, 312, 380, 3308, 952, 1982, 2010, 3385, 1298, 3330, 1898, 445, 1267, 2078, 345, 2254, 3126, 538, 900, 819, 3183, 1856, 2742, 3236, 1794, 1395, 3355, 469, 208, 53, 3450, 3196, 1632, 2187, 389, 3486, 3197, 2694, 3358, 150, 2599, 1354, 1049, 500, 2739, 2281, 456, 2871, 2031, 2664, 2584, 3206, 1949, 2205, 2227, 2706, 1372, 3345, 1015, 1388, 2723, 421, 1901, 1878, 243, 1394, 481, 848, 2301, 533, 1257, 1300, 3393, 833, 3365, 1426, 499, 520, 205, 2238, 2167, 2015, 470, 1288, 1979, 3260, 2320, 1790, 1830, 1268, 1520, 2354, 468, 528, 491, 2353, 571, 677, 507, 2337, 1523, 934, 2087, 2479, 2902, 850, 2218, 3337, 2308, 1504, 3205, 1276, 1482, 3397, 2497, 2043, 378, 334, 3227, 3479, 2869, 409, 1810, 2005, 282, 2162, 1941, 3181, 839, 591, 906, 3399, 452, 863, 2531, 3352, 479, 2379, 3193, 1882, 3124, 1428, 444, 1952, 2897, 2712, 3383, 3160, 2763, 1488, 606, 2732, 1899, 2325, 514, 106, 1228, 508, 1074, 190, 179, 1289, 1420, 2285, 2682, 3215, 488, 1823, 1980, 2247, 883, 490, 2269, 1795, 1793, 1307, 903, 3446, 161, 3430, 2184, 792, 3252, 2196, 2219, 2603, 623, 2125, 2821, 3175, 461, 1988, 1062, 483, 667, 2631, 2296, 1254, 3317, 417, 1357, 477, 29, 2331, 2081, 1892, 1380, 2262, 2453, 3401, 1905, 2018, 2405, 2726, 998, 1970, 436, 504, 390, 269, 3241, 1752, 2676, 86, 439, 1826, 1578, 1046, 539, 2536, 449, 1392, 1365, 983, 1727, 299, 1249, 1540, 2716, 537, 2072, 2703, 3364, 750, 2555, 1308, 3169, 1832, 1875, 841, 1770, 851, 2291, 2349, 2293, 3475, 909, 198, 2875, 3090, 346, 1401, 3424, 513, 2672, 2264, 3221, 2604, 2154, 2170, 1258, 1413, 948, 1864, 428, 1083, 2989, 1424, 1975, 1945, 894, 3489, 578, 2776, 3134, 1279, 3411, 2550, 2174, 1229, 1938, 534, 1386, 1278, 158, 2207, 870, 3294, 2517, 1993, 2080, 2151, 2328, 492, 1209, 2309, 1936, 2358, 164, 2367, 2333, 3384, 3251, 2494, 1645, 562, 1345, 3452, 3223, 224, 1829, 825, 2230]

solved select: 396 in 33897.97 seconds
iteration: 0, n requested: 396, n selected: 396, selected: [1094, 2693, 2356, 3488, 2442, 1382, 1024, 2347, 126, 1989, 3204, 868, 3370, 3468, 3441, 2327, 1900, 472, 1646, 3351, 509, 1342, 1285, 2791, 431, 2336, 1873, 443, 359, 1281, 2422, 1479, 2889, 162, 2299, 446, 3178, 385, 387, 1206, 3328, 3225, 2164, 1650, 2314, 2549, 1968, 3400, 316, 1238, 1414, 1359, 381, 91, 939, 3201, 3278, 465, 549, 844, 1778, 523, 438, 2901, 2737, 2348, 440, 502, 1940, 1033, 2237, 3189, 207, 312, 380, 3308, 952, 1982, 2010, 3385, 1298, 3330, 1898, 445, 1267, 2078, 345, 2254, 3126, 538, 900, 819, 3183, 1856, 2742, 3236, 1794, 1395, 3355, 469, 208, 53, 3450, 3196, 1632, 2187, 389, 3486, 3197, 2694, 3358, 150, 2599, 1354, 1049, 500, 2739, 2281, 456, 2871, 2031, 2664, 2584, 3206, 1949, 2205, 2227, 2706, 1372, 3345, 1015, 1388, 2723, 421, 1901, 1878, 243, 1394, 481, 848, 2301, 533, 1257, 1300, 3393, 833, 3365, 1426, 499, 520, 205, 2238, 2167, 2015, 470, 1288, 1979, 3260, 2320, 1790, 1830, 1268, 1520, 2354, 468, 528, 491, 2353, 571, 677, 507, 2337, 1523, 934, 2087, 2479, 2902, 850, 2218, 3337, 2308, 1504, 3205, 1276, 1482, 3397, 2497, 2043, 378, 334, 3227, 3479, 2869, 409, 1810, 2005, 282, 2162, 1941, 3181, 839, 591, 906, 3399, 452, 863, 2531, 3352, 479, 2379, 3193, 1882, 3124, 1428, 444, 1952, 2897, 2712, 3383, 3160, 2763, 1488, 606, 2732, 1899, 2325, 514, 106, 1228, 508, 1074, 190, 179, 1289, 1420, 2285, 2682, 3215, 488, 1823, 1980, 2247, 883, 490, 2269, 1795, 1793, 1307, 903, 3446, 161, 3430, 2184, 792, 3252, 2196, 2219, 2603, 623, 2125, 2821, 3175, 461, 1988, 1062, 483, 667, 2631, 2296, 1254, 3317, 417, 1357, 477, 29, 2331, 2081, 1892, 1380, 2262, 2453, 3401, 1905, 2018, 2405, 2726, 998, 1970, 436, 504, 390, 269, 3241, 1752, 2676, 86, 439, 1826, 1578, 1046, 539, 2536, 449, 1392, 1365, 983, 1727, 299, 1249, 1540, 2716, 537, 2072, 2703, 3364, 750, 2555, 1308, 3169, 1832, 1875, 841, 1770, 851, 2291, 2349, 2293, 3475, 909, 198, 2875, 3090, 346, 1401, 3424, 513, 2672, 2264, 3221, 2604, 2154, 2170, 1258, 1413, 948, 1864, 428, 1083, 2989, 1424, 1975, 1945, 894, 3489, 578, 2776, 3134, 1279, 3411, 2550, 2174, 1229, 1938, 534, 1386, 1278, 158, 2207, 870, 3294, 2517, 1993, 2080, 2151, 2328, 492, 1209, 2309, 1936, 2358, 164, 2367, 2333, 3384, 3251, 2494, 1645, 562, 1345, 3452, 3223, 224, 1829, 825, 2230, 1358]

solved select: 397 in 34105.13 seconds
iteration: 0, n requested: 397, n selected: 397, selected: [1094, 2693, 2356, 3488, 2442, 1382, 1024, 2347, 126, 1989, 3204, 868, 3370, 3468, 3441, 2327, 1900, 472, 1646, 3351, 509, 1342, 1285, 2791, 431, 2336, 1873, 443, 359, 1281, 2422, 1479, 2889, 162, 2299, 446, 3178, 385, 387, 1206, 3328, 3225, 2164, 1650, 2314, 2549, 1968, 3400, 316, 1238, 1414, 1359, 381, 91, 939, 3201, 3278, 465, 549, 844, 1778, 523, 438, 2901, 2737, 2348, 440, 502, 1940, 1033, 2237, 3189, 207, 312, 380, 3308, 952, 1982, 2010, 3385, 1298, 3330, 1898, 445, 1267, 2078, 345, 2254, 3126, 538, 900, 819, 3183, 1856, 2742, 3236, 1794, 1395, 3355, 469, 208, 53, 3450, 3196, 1632, 2187, 389, 3486, 3197, 2694, 3358, 150, 2599, 1354, 1049, 500, 2739, 2281, 456, 2871, 2031, 2664, 2584, 3206, 1949, 2205, 2227, 2706, 1372, 3345, 1015, 1388, 2723, 421, 1901, 1878, 243, 1394, 481, 848, 2301, 533, 1257, 1300, 3393, 833, 3365, 1426, 499, 520, 205, 2238, 2167, 2015, 470, 1288, 1979, 3260, 2320, 1790, 1830, 1268, 1520, 2354, 468, 528, 491, 2353, 571, 677, 507, 2337, 1523, 934, 2087, 2479, 2902, 850, 2218, 3337, 2308, 1504, 3205, 1276, 1482, 3397, 2497, 2043, 378, 334, 3227, 3479, 2869, 409, 1810, 2005, 282, 2162, 1941, 3181, 839, 591, 906, 3399, 452, 863, 2531, 3352, 479, 2379, 3193, 1882, 3124, 1428, 444, 1952, 2897, 2712, 3383, 3160, 2763, 1488, 606, 2732, 1899, 2325, 514, 106, 1228, 508, 1074, 190, 179, 1289, 1420, 2285, 2682, 3215, 488, 1823, 1980, 2247, 883, 490, 2269, 1795, 1793, 1307, 903, 3446, 161, 3430, 2184, 792, 3252, 2196, 2219, 2603, 623, 2125, 2821, 3175, 461, 1988, 1062, 483, 667, 2631, 2296, 1254, 3317, 417, 1357, 477, 29, 2331, 2081, 1892, 1380, 2262, 2453, 3401, 1905, 2018, 2405, 2726, 998, 1970, 436, 504, 390, 269, 3241, 1752, 2676, 86, 439, 1826, 1578, 1046, 539, 2536, 449, 1392, 1365, 983, 1727, 299, 1249, 1540, 2716, 537, 2072, 2703, 3364, 750, 2555, 1308, 3169, 1832, 1875, 841, 1770, 851, 2291, 2349, 2293, 3475, 909, 198, 2875, 3090, 346, 1401, 3424, 513, 2672, 2264, 3221, 2604, 2154, 2170, 1258, 1413, 948, 1864, 428, 1083, 2989, 1424, 1975, 1945, 894, 3489, 578, 2776, 3134, 1279, 3411, 2550, 2174, 1229, 1938, 534, 1386, 1278, 158, 2207, 870, 3294, 2517, 1993, 2080, 2151, 2328, 492, 1209, 2309, 1936, 2358, 164, 2367, 2333, 3384, 3251, 2494, 1645, 562, 1345, 3452, 3223, 224, 1829, 825, 2230, 1358, 864]

solved select: 398 in 34315.15 seconds
iteration: 0, n requested: 398, n selected: 398, selected: [1094, 2693, 2356, 3488, 2442, 1382, 1024, 2347, 126, 1989, 3204, 868, 3370, 3468, 3441, 2327, 1900, 472, 1646, 3351, 509, 1342, 1285, 2791, 431, 2336, 1873, 443, 359, 1281, 2422, 1479, 2889, 162, 2299, 446, 3178, 385, 387, 1206, 3328, 3225, 2164, 1650, 2314, 2549, 1968, 3400, 316, 1238, 1414, 1359, 381, 91, 939, 3201, 3278, 465, 549, 844, 1778, 523, 438, 2901, 2737, 2348, 440, 502, 1940, 1033, 2237, 3189, 207, 312, 380, 3308, 952, 1982, 2010, 3385, 1298, 3330, 1898, 445, 1267, 2078, 345, 2254, 3126, 538, 900, 819, 3183, 1856, 2742, 3236, 1794, 1395, 3355, 469, 208, 53, 3450, 3196, 1632, 2187, 389, 3486, 3197, 2694, 3358, 150, 2599, 1354, 1049, 500, 2739, 2281, 456, 2871, 2031, 2664, 2584, 3206, 1949, 2205, 2227, 2706, 1372, 3345, 1015, 1388, 2723, 421, 1901, 1878, 243, 1394, 481, 848, 2301, 533, 1257, 1300, 3393, 833, 3365, 1426, 499, 520, 205, 2238, 2167, 2015, 470, 1288, 1979, 3260, 2320, 1790, 1830, 1268, 1520, 2354, 468, 528, 491, 2353, 571, 677, 507, 2337, 1523, 934, 2087, 2479, 2902, 850, 2218, 3337, 2308, 1504, 3205, 1276, 1482, 3397, 2497, 2043, 378, 334, 3227, 3479, 2869, 409, 1810, 2005, 282, 2162, 1941, 3181, 839, 591, 906, 3399, 452, 863, 2531, 3352, 479, 2379, 3193, 1882, 3124, 1428, 444, 1952, 2897, 2712, 3383, 3160, 2763, 1488, 606, 2732, 1899, 2325, 514, 106, 1228, 508, 1074, 190, 179, 1289, 1420, 2285, 2682, 3215, 488, 1823, 1980, 2247, 883, 490, 2269, 1795, 1793, 1307, 903, 3446, 161, 3430, 2184, 792, 3252, 2196, 2219, 2603, 623, 2125, 2821, 3175, 461, 1988, 1062, 483, 667, 2631, 2296, 1254, 3317, 417, 1357, 477, 29, 2331, 2081, 1892, 1380, 2262, 2453, 3401, 1905, 2018, 2405, 2726, 998, 1970, 436, 504, 390, 269, 3241, 1752, 2676, 86, 439, 1826, 1578, 1046, 539, 2536, 449, 1392, 1365, 983, 1727, 299, 1249, 1540, 2716, 537, 2072, 2703, 3364, 750, 2555, 1308, 3169, 1832, 1875, 841, 1770, 851, 2291, 2349, 2293, 3475, 909, 198, 2875, 3090, 346, 1401, 3424, 513, 2672, 2264, 3221, 2604, 2154, 2170, 1258, 1413, 948, 1864, 428, 1083, 2989, 1424, 1975, 1945, 894, 3489, 578, 2776, 3134, 1279, 3411, 2550, 2174, 1229, 1938, 534, 1386, 1278, 158, 2207, 870, 3294, 2517, 1993, 2080, 2151, 2328, 492, 1209, 2309, 1936, 2358, 164, 2367, 2333, 3384, 3251, 2494, 1645, 562, 1345, 3452, 3223, 224, 1829, 825, 2230, 1358, 864, 3112]

solved select: 399 in 34532.86 seconds
iteration: 0, n requested: 399, n selected: 399, selected: [1094, 2693, 2356, 3488, 2442, 1382, 1024, 2347, 126, 1989, 3204, 868, 3370, 3468, 3441, 2327, 1900, 472, 1646, 3351, 509, 1342, 1285, 2791, 431, 2336, 1873, 443, 359, 1281, 2422, 1479, 2889, 162, 2299, 446, 3178, 385, 387, 1206, 3328, 3225, 2164, 1650, 2314, 2549, 1968, 3400, 316, 1238, 1414, 1359, 381, 91, 939, 3201, 3278, 465, 549, 844, 1778, 523, 438, 2901, 2737, 2348, 440, 502, 1940, 1033, 2237, 3189, 207, 312, 380, 3308, 952, 1982, 2010, 3385, 1298, 3330, 1898, 445, 1267, 2078, 345, 2254, 3126, 538, 900, 819, 3183, 1856, 2742, 3236, 1794, 1395, 3355, 469, 208, 53, 3450, 3196, 1632, 2187, 389, 3486, 3197, 2694, 3358, 150, 2599, 1354, 1049, 500, 2739, 2281, 456, 2871, 2031, 2664, 2584, 3206, 1949, 2205, 2227, 2706, 1372, 3345, 1015, 1388, 2723, 421, 1901, 1878, 243, 1394, 481, 848, 2301, 533, 1257, 1300, 3393, 833, 3365, 1426, 499, 520, 205, 2238, 2167, 2015, 470, 1288, 1979, 3260, 2320, 1790, 1830, 1268, 1520, 2354, 468, 528, 491, 2353, 571, 677, 507, 2337, 1523, 934, 2087, 2479, 2902, 850, 2218, 3337, 2308, 1504, 3205, 1276, 1482, 3397, 2497, 2043, 378, 334, 3227, 3479, 2869, 409, 1810, 2005, 282, 2162, 1941, 3181, 839, 591, 906, 3399, 452, 863, 2531, 3352, 479, 2379, 3193, 1882, 3124, 1428, 444, 1952, 2897, 2712, 3383, 3160, 2763, 1488, 606, 2732, 1899, 2325, 514, 106, 1228, 508, 1074, 190, 179, 1289, 1420, 2285, 2682, 3215, 488, 1823, 1980, 2247, 883, 490, 2269, 1795, 1793, 1307, 903, 3446, 161, 3430, 2184, 792, 3252, 2196, 2219, 2603, 623, 2125, 2821, 3175, 461, 1988, 1062, 483, 667, 2631, 2296, 1254, 3317, 417, 1357, 477, 29, 2331, 2081, 1892, 1380, 2262, 2453, 3401, 1905, 2018, 2405, 2726, 998, 1970, 436, 504, 390, 269, 3241, 1752, 2676, 86, 439, 1826, 1578, 1046, 539, 2536, 449, 1392, 1365, 983, 1727, 299, 1249, 1540, 2716, 537, 2072, 2703, 3364, 750, 2555, 1308, 3169, 1832, 1875, 841, 1770, 851, 2291, 2349, 2293, 3475, 909, 198, 2875, 3090, 346, 1401, 3424, 513, 2672, 2264, 3221, 2604, 2154, 2170, 1258, 1413, 948, 1864, 428, 1083, 2989, 1424, 1975, 1945, 894, 3489, 578, 2776, 3134, 1279, 3411, 2550, 2174, 1229, 1938, 534, 1386, 1278, 158, 2207, 870, 3294, 2517, 1993, 2080, 2151, 2328, 492, 1209, 2309, 1936, 2358, 164, 2367, 2333, 3384, 3251, 2494, 1645, 562, 1345, 3452, 3223, 224, 1829, 825, 2230, 1358, 864, 3112, 1376]

solved select: 400 in 34753.32 seconds
iteration: 0, n requested: 400, n selected: 400, selected: [1094, 2693, 2356, 3488, 2442, 1382, 1024, 2347, 126, 1989, 3204, 868, 3370, 3468, 3441, 2327, 1900, 472, 1646, 3351, 509, 1342, 1285, 2791, 431, 2336, 1873, 443, 359, 1281, 2422, 1479, 2889, 162, 2299, 446, 3178, 385, 387, 1206, 3328, 3225, 2164, 1650, 2314, 2549, 1968, 3400, 316, 1238, 1414, 1359, 381, 91, 939, 3201, 3278, 465, 549, 844, 1778, 523, 438, 2901, 2737, 2348, 440, 502, 1940, 1033, 2237, 3189, 207, 2546, 380, 3308, 952, 1982, 2010, 3385, 1298, 3330, 1898, 445, 1267, 2078, 345, 2254, 3126, 538, 900, 819, 3183, 1856, 2742, 3236, 1794, 1395, 3355, 469, 208, 53, 3450, 3196, 1632, 2187, 389, 3486, 3197, 2694, 3358, 150, 2599, 1354, 1049, 500, 2739, 2281, 456, 2871, 2031, 2664, 2584, 3206, 1949, 2205, 2227, 2706, 1372, 3345, 1015, 1388, 2723, 421, 1901, 1878, 243, 1394, 481, 848, 2301, 533, 1257, 312, 3393, 833, 3365, 1426, 499, 520, 205, 2238, 2167, 2015, 470, 1288, 1979, 3260, 2320, 1790, 1830, 1268, 1520, 2354, 468, 528, 491, 2353, 571, 677, 507, 2337, 1523, 934, 2087, 2479, 2902, 850, 2218, 3337, 2308, 1504, 3205, 1276, 1482, 3397, 2497, 2043, 378, 334, 3227, 3479, 2869, 409, 1810, 2005, 282, 2162, 1941, 3181, 839, 591, 906, 3399, 452, 863, 2531, 3352, 479, 2379, 3193, 1882, 3124, 1428, 444, 1952, 2897, 2712, 3383, 3160, 2763, 1488, 606, 2732, 1899, 2325, 514, 106, 1228, 508, 1074, 190, 179, 1289, 1420, 2285, 2682, 3215, 488, 1823, 1980, 2247, 883, 490, 2269, 1795, 1793, 1307, 903, 3446, 161, 3430, 2184, 792, 3252, 2196, 2219, 2603, 623, 2125, 2821, 3175, 461, 1988, 1062, 483, 667, 2631, 2296, 1254, 3317, 417, 1357, 477, 29, 2331, 2081, 1892, 1380, 2262, 2453, 3401, 1905, 2018, 2405, 2726, 998, 1970, 436, 504, 390, 269, 3241, 1752, 2676, 86, 439, 1826, 1578, 1046, 539, 2536, 449, 1392, 1365, 983, 1727, 299, 1249, 1540, 2716, 537, 2072, 2703, 3364, 750, 2555, 1308, 3169, 1832, 1875, 841, 1770, 851, 2291, 2349, 2293, 3475, 909, 198, 2875, 3090, 346, 1401, 3424, 513, 2672, 2264, 3221, 2604, 2154, 2170, 1258, 1413, 948, 1864, 428, 1083, 2989, 1424, 1975, 1945, 894, 3489, 578, 2776, 3134, 1279, 3411, 2550, 2174, 1229, 1938, 534, 1386, 1278, 158, 2207, 870, 3294, 2517, 1993, 2080, 2151, 2328, 492, 1209, 2309, 1936, 2358, 164, 2367, 2333, 3384, 3251, 2494, 1645, 562, 1345, 3452, 3223, 224, 1829, 825, 2230, 1358, 864, 3112, 1376, 1306]

solved select: 401 in 34966.64 seconds
iteration: 0, n requested: 401, n selected: 401, selected: [1094, 2693, 2356, 3488, 2442, 1382, 1024, 2347, 126, 1989, 3204, 868, 3370, 3468, 3441, 2327, 1900, 472, 1646, 3351, 509, 1342, 1285, 2791, 431, 2336, 1873, 443, 359, 1281, 2422, 1479, 2889, 162, 2299, 446, 3178, 385, 387, 1206, 3328, 3225, 2164, 1650, 2314, 2549, 1968, 3400, 316, 1238, 1414, 1359, 381, 91, 939, 3201, 3278, 465, 549, 844, 1778, 523, 438, 2901, 2737, 2348, 440, 502, 1940, 1033, 2237, 3189, 207, 2546, 380, 3308, 952, 1982, 2010, 3385, 1298, 3330, 1898, 445, 1267, 2078, 345, 2254, 3126, 538, 900, 819, 3183, 1856, 2742, 3236, 1794, 1395, 3355, 469, 208, 53, 3450, 3196, 1632, 2187, 389, 3486, 3197, 2694, 3358, 150, 2599, 1354, 1049, 500, 2739, 2281, 456, 2871, 2031, 2664, 2584, 3206, 1949, 2205, 2227, 2706, 1372, 3345, 1015, 1388, 2723, 421, 1901, 1878, 243, 1394, 481, 848, 2301, 533, 1257, 312, 3393, 833, 3365, 1426, 499, 520, 205, 2238, 2167, 2015, 470, 1288, 1979, 3260, 2320, 1790, 1830, 1268, 1520, 2354, 468, 528, 491, 2353, 571, 677, 507, 2337, 1523, 934, 2087, 2479, 2902, 850, 2218, 3337, 2308, 1504, 3205, 1276, 1482, 3397, 2497, 2043, 378, 334, 3227, 3479, 2869, 409, 1810, 2005, 282, 2162, 1941, 3181, 839, 591, 906, 3399, 452, 863, 2531, 3352, 479, 2379, 3193, 1882, 3124, 1428, 444, 1952, 2897, 2712, 3383, 3160, 2763, 1488, 606, 2732, 1899, 2325, 514, 106, 1228, 508, 1074, 190, 179, 1289, 1420, 2285, 2682, 3215, 488, 1823, 1980, 2247, 883, 490, 2269, 1795, 1793, 1307, 903, 3446, 161, 3430, 2184, 792, 3252, 2196, 2219, 2603, 623, 2125, 2821, 3175, 461, 1988, 1062, 483, 667, 2631, 2296, 1254, 3317, 417, 1357, 477, 29, 2331, 2081, 1892, 1380, 2262, 2453, 3401, 1905, 2018, 2405, 2726, 998, 1970, 436, 504, 390, 269, 3241, 1752, 2676, 86, 439, 1826, 1578, 1046, 539, 2536, 449, 1392, 1365, 983, 1727, 299, 1249, 1540, 2716, 537, 2072, 2703, 3364, 750, 2555, 1308, 3169, 1832, 1875, 841, 1770, 851, 2291, 2349, 2293, 3475, 909, 198, 2875, 3090, 346, 1401, 3424, 513, 2672, 2264, 3221, 2604, 2154, 2170, 1258, 1413, 948, 1864, 428, 1083, 2989, 1424, 1975, 1945, 894, 3489, 578, 2776, 3134, 1279, 3411, 2550, 2174, 1229, 1938, 534, 1386, 1278, 158, 2207, 870, 3294, 2517, 1993, 2080, 2151, 2328, 492, 1209, 2309, 1936, 2358, 164, 2367, 2333, 3384, 3251, 2494, 1645, 562, 1345, 3452, 3223, 224, 1829, 825, 2230, 1358, 864, 3112, 1376, 1306, 2734]

solved select: 402 in 35178.04 seconds
iteration: 0, n requested: 402, n selected: 402, selected: [1094, 2693, 2356, 3488, 2442, 1382, 1024, 2347, 126, 1989, 3204, 868, 3370, 3468, 3441, 2327, 1900, 472, 1646, 312, 509, 1342, 1285, 2791, 431, 2336, 1873, 443, 359, 1281, 2422, 1479, 2889, 162, 2299, 446, 3178, 385, 387, 1206, 3328, 3225, 2164, 1650, 2314, 2549, 1968, 3400, 316, 1238, 1414, 1359, 381, 91, 939, 3201, 3278, 465, 549, 844, 1778, 523, 438, 2901, 2737, 2348, 440, 502, 1940, 1033, 2237, 3189, 207, 2546, 380, 3308, 952, 1982, 2010, 3385, 1298, 3330, 1898, 445, 1267, 2078, 345, 2254, 3126, 538, 900, 819, 3183, 1856, 2742, 3236, 1794, 1395, 3355, 469, 208, 53, 3450, 3196, 1632, 2187, 389, 3486, 3197, 2694, 3358, 150, 2599, 1354, 1049, 500, 2739, 2281, 456, 2871, 2031, 2664, 2584, 3206, 1949, 2205, 2227, 2706, 1372, 3345, 1015, 1388, 2723, 421, 1901, 1878, 243, 1394, 481, 848, 2301, 533, 1257, 1300, 3393, 833, 3365, 1426, 499, 520, 205, 2238, 2167, 2015, 470, 1288, 1979, 3260, 2320, 1790, 1830, 1268, 1520, 2354, 468, 528, 491, 2353, 571, 677, 507, 2337, 1523, 934, 2087, 2479, 2902, 850, 2218, 3337, 2308, 1504, 3205, 1276, 1482, 3397, 2497, 2043, 378, 334, 3227, 3479, 2869, 409, 1810, 2005, 282, 2162, 1941, 3181, 839, 591, 906, 3399, 452, 863, 2531, 3352, 479, 2379, 3193, 1882, 3124, 1428, 444, 1952, 2897, 2712, 3383, 3160, 2763, 1488, 606, 2732, 1899, 2325, 514, 106, 1228, 508, 1074, 190, 179, 1289, 1420, 2285, 2682, 3215, 488, 1823, 1980, 2247, 883, 490, 2269, 1795, 1793, 1307, 903, 3446, 161, 3430, 2184, 792, 3252, 2196, 2219, 2603, 623, 2125, 2821, 3175, 461, 1988, 1062, 483, 667, 2631, 2296, 1254, 3317, 417, 1357, 477, 29, 2331, 2081, 1892, 1380, 2262, 2453, 3401, 1905, 2018, 2405, 2726, 998, 1970, 436, 504, 390, 269, 3241, 1752, 2676, 86, 439, 1826, 1578, 1046, 539, 2536, 449, 1392, 1365, 983, 1727, 299, 1249, 1540, 2716, 537, 2072, 2703, 3364, 750, 2555, 1308, 3169, 1832, 1875, 841, 1770, 851, 2291, 2349, 2293, 3475, 909, 198, 2875, 3090, 346, 1401, 3424, 513, 2672, 2264, 3221, 2604, 2154, 2170, 1258, 1413, 948, 1864, 428, 1083, 2989, 1424, 1975, 1945, 894, 3489, 578, 2776, 3134, 1279, 3411, 2550, 2174, 1229, 1938, 534, 1386, 1278, 158, 2207, 870, 3294, 2517, 1993, 2080, 2151, 2328, 492, 1209, 2309, 1936, 2358, 164, 2367, 2333, 3384, 3251, 2494, 1645, 562, 1345, 3452, 3223, 224, 1829, 825, 2230, 1358, 864, 3112, 1376, 1306, 2734, 3357]

solved select: 403 in 35391.23 seconds
iteration: 0, n requested: 403, n selected: 403, selected: [1094, 2693, 2356, 3488, 2442, 1382, 1024, 2347, 126, 1989, 3204, 868, 3370, 3468, 3441, 2327, 1900, 472, 1646, 312, 509, 1342, 1285, 2791, 431, 2336, 1873, 443, 359, 1281, 2422, 1479, 2889, 162, 2299, 446, 3178, 385, 387, 1206, 3328, 3225, 2164, 1650, 2314, 2549, 1968, 3400, 316, 1238, 1414, 1359, 381, 91, 939, 3201, 3278, 465, 549, 844, 1778, 523, 438, 2901, 2737, 2348, 440, 502, 1940, 1033, 2237, 3189, 207, 2546, 380, 3308, 952, 1982, 2010, 3385, 1298, 3330, 1898, 445, 1267, 2078, 345, 2254, 3126, 538, 900, 819, 3183, 1856, 2742, 3236, 1794, 1395, 3355, 469, 208, 53, 3450, 3196, 1632, 2187, 389, 3486, 3197, 2694, 3358, 150, 2599, 1354, 1049, 500, 2739, 2281, 456, 2871, 2031, 2664, 2584, 3206, 1949, 2205, 2227, 2706, 1372, 3345, 1015, 1388, 2723, 421, 1901, 1878, 243, 1394, 481, 848, 2301, 533, 1257, 1300, 3393, 833, 3365, 1426, 499, 520, 205, 2238, 2167, 2015, 470, 1288, 1979, 3260, 2320, 1790, 1830, 1268, 1520, 2354, 468, 528, 491, 2353, 571, 677, 507, 2337, 1523, 934, 2087, 2479, 2902, 850, 2218, 3337, 2308, 1504, 3205, 1276, 1482, 3397, 2497, 2043, 378, 334, 3227, 3479, 2869, 409, 1810, 2005, 282, 2162, 1941, 3181, 839, 591, 906, 3399, 452, 863, 2531, 3352, 479, 2379, 3193, 1882, 3124, 1428, 444, 1952, 2897, 2712, 3383, 3160, 2763, 1488, 606, 2732, 1899, 2325, 514, 106, 1228, 508, 1074, 190, 179, 1289, 1420, 2285, 2682, 3215, 488, 1823, 1980, 2247, 883, 490, 2269, 1795, 1793, 1307, 903, 3446, 161, 3430, 2184, 792, 3252, 2196, 2219, 2603, 623, 2125, 2821, 3175, 461, 1988, 1062, 483, 667, 2631, 2296, 1254, 3317, 417, 1357, 477, 29, 2331, 2081, 1892, 1380, 2262, 2453, 3401, 1905, 2018, 2405, 2726, 998, 1970, 436, 504, 390, 269, 3241, 1752, 2676, 86, 439, 1826, 1578, 1046, 539, 2536, 449, 1392, 1365, 983, 1727, 299, 1249, 1540, 2716, 537, 2072, 2703, 3364, 750, 2555, 1308, 3169, 1832, 1875, 841, 1770, 851, 2291, 2349, 2293, 3475, 909, 198, 2875, 3090, 346, 1401, 3424, 513, 2672, 2264, 3221, 2604, 2154, 2170, 1258, 1413, 948, 1864, 428, 1083, 2989, 1424, 1975, 1945, 894, 3489, 578, 2776, 3134, 1279, 3411, 2550, 2174, 1229, 1938, 534, 1386, 1278, 158, 2207, 870, 3294, 2517, 1993, 2080, 2151, 2328, 492, 1209, 2309, 1936, 2358, 164, 2367, 2333, 3384, 3251, 2494, 1645, 562, 1345, 3452, 3223, 224, 1829, 825, 2230, 1358, 864, 3112, 1376, 1306, 2734, 3357, 789]

solved select: 404 in 35602.81 seconds
iteration: 0, n requested: 404, n selected: 404, selected: [1094, 2693, 2356, 3488, 2442, 1382, 1024, 2347, 126, 1989, 3204, 868, 3370, 3468, 3441, 2327, 1900, 472, 1646, 312, 509, 1342, 1285, 2791, 431, 2336, 1873, 443, 359, 1281, 2422, 1479, 2889, 162, 2299, 446, 3178, 385, 387, 1206, 3328, 3225, 2164, 1650, 2314, 2549, 1968, 3400, 316, 1238, 1414, 1359, 381, 91, 939, 3201, 3278, 465, 549, 844, 1778, 523, 438, 2901, 2737, 2348, 440, 502, 1940, 1033, 2237, 3189, 207, 2546, 380, 3308, 952, 1982, 2010, 3385, 1298, 3330, 1898, 445, 1267, 2078, 345, 2254, 3126, 538, 900, 819, 3183, 1856, 2742, 3236, 1794, 1395, 3355, 469, 208, 53, 3450, 3196, 1632, 2187, 389, 3486, 3197, 2694, 3358, 150, 2599, 1354, 1049, 500, 2739, 2281, 456, 2871, 2031, 2664, 2584, 3206, 1949, 2205, 2227, 2706, 1372, 3345, 1015, 1388, 2723, 421, 1901, 1878, 243, 1394, 481, 848, 2301, 533, 1257, 1300, 3393, 833, 3365, 1426, 499, 520, 205, 2238, 2167, 2015, 470, 1288, 1979, 3260, 2320, 1790, 1830, 1268, 1520, 2354, 468, 528, 491, 2353, 571, 677, 507, 2337, 1523, 934, 2087, 2479, 2902, 850, 2218, 3337, 2308, 1504, 3205, 1276, 1482, 3397, 2497, 2043, 378, 334, 3227, 3479, 2869, 409, 1810, 2005, 282, 2162, 1941, 3181, 839, 591, 906, 3399, 452, 863, 2531, 3352, 479, 2379, 3193, 1882, 3124, 1428, 444, 1952, 2897, 2712, 3383, 3160, 2763, 1488, 606, 2732, 1899, 2325, 514, 106, 1228, 508, 1074, 190, 179, 1289, 1420, 2285, 2682, 3215, 488, 1823, 1980, 2247, 883, 490, 2269, 1795, 1793, 1307, 903, 3446, 161, 3430, 2184, 792, 3252, 2196, 2219, 2603, 623, 2125, 2821, 3175, 461, 1988, 1062, 483, 667, 2631, 2296, 1254, 3317, 417, 1357, 477, 29, 2331, 2081, 1892, 1380, 2262, 2453, 3401, 1905, 2018, 2405, 2726, 998, 1970, 436, 504, 390, 269, 3241, 1752, 2676, 86, 439, 1826, 1578, 1046, 539, 2536, 449, 1392, 1365, 983, 1727, 299, 1249, 1540, 2716, 537, 2072, 2703, 3364, 750, 2555, 1308, 3169, 1832, 1875, 841, 1770, 851, 2291, 2349, 2293, 3475, 909, 198, 2875, 3090, 346, 1401, 3424, 513, 2672, 2264, 3221, 2604, 2154, 2170, 1258, 1413, 948, 1864, 428, 1083, 2989, 1424, 1975, 1945, 894, 3489, 578, 2776, 3134, 1279, 3411, 2550, 2174, 1229, 1938, 534, 1386, 1278, 158, 2207, 870, 3294, 2517, 1993, 2080, 2151, 2328, 492, 1209, 2309, 1936, 2358, 164, 2367, 2333, 3384, 3251, 2494, 1645, 562, 1345, 3452, 3223, 224, 1829, 825, 2230, 1358, 864, 3112, 1376, 1306, 2734, 3357, 789, 1023]

solved select: 405 in 35817.34 seconds
iteration: 0, n requested: 405, n selected: 405, selected: [1094, 2693, 2356, 3488, 2442, 1382, 1024, 2347, 126, 1989, 3204, 868, 3370, 3468, 3441, 2327, 1900, 472, 1646, 312, 509, 1342, 1285, 2791, 431, 2336, 1873, 443, 359, 1281, 2422, 1479, 2889, 162, 2299, 446, 3178, 385, 387, 1206, 3328, 3225, 2164, 1650, 2314, 2549, 1968, 3400, 316, 1238, 1414, 1359, 381, 91, 939, 3201, 3278, 465, 549, 844, 1778, 523, 438, 2901, 2737, 2348, 440, 502, 1940, 1033, 2237, 3189, 207, 2546, 380, 3308, 952, 1982, 2010, 3385, 1298, 3330, 1898, 445, 1267, 2078, 345, 2254, 3126, 538, 900, 819, 3183, 1856, 2742, 3236, 1794, 1395, 3355, 469, 208, 53, 3450, 3196, 1632, 2187, 389, 3486, 3197, 2694, 3358, 150, 2599, 1354, 1049, 500, 2739, 2281, 456, 2871, 2031, 2664, 2584, 3206, 1949, 2205, 2227, 2706, 1372, 3345, 1015, 1388, 2723, 421, 1901, 1878, 243, 1394, 481, 848, 2301, 533, 1257, 1300, 3393, 833, 3365, 1426, 499, 520, 205, 2238, 2167, 2015, 470, 1288, 1979, 3260, 2320, 1790, 1830, 1268, 1520, 2354, 468, 528, 491, 2353, 571, 677, 507, 2337, 1523, 934, 2087, 2479, 2902, 850, 2218, 3337, 2308, 1504, 3205, 1276, 1482, 3397, 2497, 2043, 378, 334, 3227, 3479, 2869, 409, 1810, 2005, 282, 2162, 1941, 3181, 839, 591, 906, 3399, 452, 863, 2531, 3352, 479, 2379, 3193, 1882, 3124, 1428, 444, 1952, 2897, 2712, 3383, 3160, 2763, 1488, 606, 2732, 1899, 2325, 514, 106, 1228, 508, 1074, 190, 179, 1289, 1420, 2285, 2682, 3215, 488, 1823, 1980, 2247, 883, 490, 2269, 1795, 1793, 1307, 903, 3446, 161, 3430, 2184, 792, 3252, 2196, 2219, 2603, 623, 2125, 2821, 3175, 461, 1988, 1062, 483, 667, 2631, 2296, 1254, 3317, 417, 1357, 477, 29, 2331, 2081, 1892, 1380, 2262, 2453, 3401, 1905, 2018, 2405, 2726, 998, 1970, 436, 504, 390, 269, 3241, 1752, 2676, 86, 439, 1826, 1578, 1046, 539, 2536, 449, 1392, 1365, 983, 1727, 299, 1249, 1540, 2716, 537, 2072, 2703, 3364, 750, 2555, 1308, 3169, 1832, 1875, 841, 1770, 851, 2291, 2349, 2293, 3475, 909, 198, 2875, 3090, 346, 1401, 3424, 513, 2672, 2264, 3221, 2604, 2154, 2170, 1258, 1413, 948, 1864, 428, 1083, 2989, 1424, 1975, 1945, 894, 3489, 578, 2776, 3134, 1279, 3411, 2550, 2174, 1229, 1938, 534, 1386, 1278, 158, 2207, 870, 3294, 2517, 1993, 2080, 2151, 2328, 492, 1209, 2309, 1936, 2358, 164, 2367, 2333, 3384, 3251, 2494, 1645, 562, 1345, 3452, 3223, 224, 1829, 825, 2230, 1358, 864, 3112, 1376, 1306, 2734, 3357, 789, 1023, 2552]

solved select: 406 in 36033.34 seconds
iteration: 0, n requested: 406, n selected: 406, selected: [1094, 2693, 2356, 3488, 2442, 1382, 1024, 2347, 126, 1989, 3204, 868, 3370, 3468, 3441, 2327, 1900, 472, 1646, 312, 509, 1342, 1285, 2791, 431, 2336, 1873, 443, 359, 1281, 2422, 1479, 2889, 162, 2299, 446, 3178, 385, 387, 1206, 3328, 3225, 2164, 1650, 2314, 2549, 1968, 3400, 316, 1238, 1414, 1359, 381, 91, 939, 3201, 3278, 465, 549, 844, 1778, 523, 438, 2901, 2737, 2348, 440, 502, 1940, 1033, 2237, 3189, 207, 2546, 380, 3308, 952, 1982, 2010, 3385, 1298, 3330, 1898, 445, 1267, 2078, 345, 2254, 3126, 538, 900, 819, 3183, 1856, 2742, 3236, 1794, 1395, 3355, 469, 208, 53, 3450, 3196, 1632, 2187, 389, 3486, 3197, 2694, 3358, 150, 2599, 1354, 1049, 500, 2739, 2281, 456, 2871, 2031, 2664, 2584, 3206, 1949, 2205, 2227, 2706, 1372, 3345, 1015, 1388, 2723, 421, 1901, 1878, 243, 1394, 481, 848, 2301, 533, 1257, 1300, 3393, 833, 3365, 1426, 499, 520, 205, 2238, 2167, 2015, 470, 1288, 1979, 3260, 2320, 1790, 1830, 1268, 1520, 2354, 468, 528, 491, 2353, 571, 677, 507, 2337, 1523, 934, 2087, 2479, 2902, 850, 2218, 3337, 2308, 1504, 3205, 1276, 1482, 3397, 2497, 2043, 378, 334, 3227, 3479, 2869, 409, 1810, 2005, 282, 2162, 1941, 3181, 839, 591, 906, 3399, 452, 863, 2531, 3352, 479, 2379, 3193, 1882, 3124, 1428, 444, 1952, 2897, 2712, 3383, 3160, 2763, 1488, 606, 2732, 1899, 2325, 514, 106, 1228, 508, 1074, 190, 179, 1289, 1420, 2285, 2682, 3215, 488, 1823, 1980, 2247, 883, 490, 2269, 1795, 1793, 1307, 903, 3446, 161, 3430, 2184, 792, 3252, 2196, 2219, 2603, 623, 2125, 2821, 3175, 461, 1988, 1062, 483, 667, 2631, 2296, 1254, 3317, 417, 1357, 477, 29, 2331, 2081, 1892, 1380, 2262, 2453, 3401, 1905, 2018, 2405, 2726, 998, 1970, 436, 504, 390, 269, 3241, 1752, 2676, 86, 439, 1826, 1578, 1046, 539, 2536, 449, 1392, 1365, 983, 1727, 299, 1249, 1540, 2716, 537, 2072, 2703, 3364, 750, 2555, 1308, 3169, 1832, 1875, 841, 1770, 851, 2291, 2349, 2293, 3475, 909, 198, 2875, 3090, 346, 1401, 3424, 513, 2672, 2264, 3221, 2604, 2154, 2170, 1258, 1413, 948, 1864, 428, 1083, 2989, 1424, 1975, 1945, 894, 3489, 578, 2776, 3134, 1279, 3411, 2550, 2174, 1229, 1938, 534, 1386, 1278, 158, 2207, 870, 3294, 2517, 1993, 2080, 2151, 2328, 492, 1209, 2309, 1936, 2358, 164, 2367, 2333, 3384, 3251, 2494, 1645, 562, 1345, 3452, 3223, 224, 1829, 825, 2230, 1358, 864, 3112, 1376, 1306, 2734, 3357, 789, 1023, 2552, 896]

solved select: 407 in 36242.54 seconds
iteration: 0, n requested: 407, n selected: 407, selected: [1094, 2693, 2356, 3488, 2442, 1382, 1024, 2347, 126, 1989, 3204, 868, 3370, 3468, 3441, 2327, 1900, 472, 1646, 312, 509, 1342, 1285, 2791, 431, 2336, 1873, 443, 359, 1281, 2422, 1479, 2889, 162, 2299, 446, 3178, 385, 387, 1206, 3328, 3225, 2164, 1650, 2314, 2549, 1968, 3400, 316, 1238, 1414, 1359, 381, 91, 939, 3201, 3278, 465, 549, 844, 1778, 523, 438, 2901, 2737, 2348, 440, 502, 1940, 1033, 2237, 3189, 207, 2546, 380, 3308, 952, 1982, 2010, 3385, 1298, 3330, 1898, 445, 1267, 2078, 345, 2254, 3126, 538, 900, 819, 3183, 1856, 2742, 3236, 1794, 1395, 3355, 469, 208, 53, 3450, 3196, 1632, 2187, 389, 3486, 3197, 2694, 3358, 150, 2599, 1354, 1049, 500, 2739, 2281, 456, 2871, 2031, 2664, 2584, 3206, 1949, 2205, 2227, 2706, 1372, 3345, 1015, 1388, 2723, 421, 1901, 1878, 243, 1394, 481, 848, 2301, 533, 1257, 1300, 3393, 833, 3365, 1426, 499, 520, 205, 2238, 2167, 2015, 470, 1288, 1979, 3260, 2320, 1790, 1830, 1268, 1520, 2354, 468, 528, 491, 2353, 571, 677, 507, 2337, 1523, 934, 2087, 2479, 2902, 850, 2218, 3337, 2308, 1504, 3205, 1276, 1482, 3397, 2497, 2043, 378, 334, 3227, 3479, 2869, 409, 1810, 2005, 282, 2162, 1941, 3181, 839, 591, 906, 3399, 452, 863, 2531, 3352, 479, 2379, 3193, 1882, 3124, 1428, 444, 1952, 2897, 2712, 3383, 3160, 2763, 1488, 606, 2732, 1899, 2325, 514, 106, 1228, 508, 1074, 190, 179, 1289, 1420, 2285, 2682, 3215, 488, 1823, 1980, 2247, 883, 490, 2269, 1795, 1793, 1307, 903, 3446, 161, 3430, 2184, 792, 3252, 2196, 2219, 2603, 623, 2125, 2821, 3175, 461, 1988, 1062, 483, 667, 2631, 2296, 1254, 3317, 417, 1357, 477, 29, 2331, 2081, 1892, 1380, 2262, 2453, 3401, 1905, 2018, 2405, 2726, 998, 1970, 436, 504, 390, 269, 3241, 1752, 2676, 86, 439, 1826, 1578, 1046, 539, 2536, 449, 1392, 1365, 983, 1727, 299, 1249, 1540, 2716, 537, 2072, 2703, 3364, 750, 2555, 1308, 3169, 1832, 1875, 841, 1770, 851, 2291, 2349, 2293, 3475, 909, 198, 2875, 3090, 346, 1401, 3424, 513, 2672, 2264, 3221, 2604, 2154, 2170, 1258, 1413, 948, 1864, 428, 1083, 2989, 1424, 1975, 1945, 894, 3489, 578, 2776, 3134, 1279, 3411, 2550, 2174, 1229, 1938, 534, 1386, 1278, 158, 2207, 870, 3294, 2517, 1993, 2080, 2151, 2328, 492, 1209, 2309, 1936, 2358, 164, 2367, 2333, 3384, 3251, 2494, 1645, 562, 1345, 3452, 3223, 224, 1829, 825, 2230, 1358, 864, 3112, 1376, 1306, 2734, 3357, 789, 1023, 2552, 896, 1622]

solved select: 408 in 36457.55 seconds
iteration: 0, n requested: 408, n selected: 408, selected: [1094, 2693, 2356, 3488, 2442, 1382, 1024, 2347, 126, 1989, 3204, 868, 3370, 3468, 3441, 2327, 1900, 472, 1646, 312, 509, 1342, 1285, 2791, 431, 2336, 1873, 443, 359, 1281, 2422, 1479, 2889, 162, 2299, 446, 3178, 385, 387, 1206, 3328, 3225, 2164, 1650, 2314, 2549, 1968, 3400, 316, 1238, 1414, 1359, 381, 91, 939, 3201, 3278, 465, 549, 844, 1778, 523, 438, 2901, 2737, 2348, 440, 502, 1940, 1033, 2237, 3189, 207, 2546, 380, 3308, 952, 1982, 2010, 3385, 1298, 3330, 1898, 445, 1267, 2078, 345, 2254, 3126, 538, 900, 819, 3183, 1856, 2742, 3236, 1794, 1395, 3355, 469, 208, 53, 3450, 3196, 1632, 2187, 389, 3486, 3197, 2694, 3358, 150, 2599, 1354, 1049, 500, 2739, 2281, 456, 2871, 2031, 2664, 2584, 3206, 1949, 2205, 2227, 2706, 1372, 3345, 1015, 1388, 2723, 421, 1901, 1878, 243, 1394, 481, 848, 2301, 533, 1257, 1300, 3393, 833, 3365, 1426, 499, 520, 205, 2238, 2167, 2015, 470, 1288, 1979, 3260, 2320, 1790, 1830, 1268, 1520, 2354, 468, 528, 491, 2353, 571, 677, 507, 2337, 1523, 934, 2087, 2479, 2902, 850, 2218, 3337, 2308, 1504, 3205, 1276, 1482, 3397, 2497, 2043, 378, 334, 3227, 3479, 2869, 409, 1810, 2005, 282, 2162, 1941, 3181, 839, 591, 906, 3399, 452, 863, 2531, 3352, 479, 2379, 3193, 1882, 3124, 1428, 444, 1952, 2897, 2712, 3383, 3160, 2763, 1488, 606, 2732, 1899, 2325, 514, 106, 1228, 508, 1074, 190, 179, 1289, 1420, 2285, 2682, 3215, 488, 1823, 1980, 2247, 883, 490, 2269, 1795, 1793, 1307, 903, 3446, 161, 3430, 2184, 792, 3252, 2196, 2219, 2603, 623, 2125, 2821, 3175, 461, 1988, 1062, 483, 667, 2631, 2296, 1254, 3317, 417, 1357, 477, 29, 2331, 2081, 1892, 1380, 2262, 2453, 3401, 1905, 2018, 2405, 2726, 998, 1970, 436, 504, 390, 269, 3241, 1752, 2676, 86, 439, 1826, 1578, 1046, 539, 2536, 449, 1392, 1365, 983, 1727, 299, 1249, 1540, 2716, 537, 2072, 2703, 3364, 750, 2555, 1308, 3169, 1832, 1875, 841, 1770, 851, 2291, 2349, 2293, 3475, 909, 198, 2875, 3090, 346, 1401, 3424, 513, 2672, 2264, 3221, 2604, 2154, 2170, 1258, 1413, 948, 1864, 428, 1083, 2989, 1424, 1975, 1945, 894, 3489, 578, 2776, 3134, 1279, 3411, 2550, 2174, 1229, 1938, 534, 1386, 1278, 158, 2207, 870, 3294, 2517, 1993, 2080, 2151, 2328, 492, 1209, 2309, 1936, 2358, 164, 2367, 2333, 3384, 3251, 2494, 1645, 562, 1345, 3452, 3223, 224, 1829, 825, 2230, 1358, 864, 3112, 1376, 1306, 2734, 3357, 789, 1023, 2552, 896, 1622, 2261]

solved select: 409 in 36677.64 seconds
iteration: 0, n requested: 409, n selected: 409, selected: [1094, 2693, 2356, 3488, 2442, 1382, 1024, 2347, 126, 1989, 3204, 868, 3370, 3468, 3441, 2327, 1900, 472, 1646, 312, 509, 1342, 1285, 2791, 431, 2336, 1873, 443, 359, 1281, 2422, 1479, 2889, 162, 2299, 446, 3178, 385, 387, 1206, 3328, 3225, 2164, 1650, 2314, 2549, 1968, 3400, 316, 1238, 1414, 1359, 381, 91, 939, 3201, 3278, 465, 549, 844, 1778, 523, 438, 2901, 2737, 2348, 440, 502, 1940, 1033, 2237, 3189, 207, 2546, 380, 3308, 952, 1982, 2010, 3385, 1298, 3330, 1898, 445, 1267, 2078, 345, 2254, 3126, 538, 900, 819, 3183, 1856, 2742, 3236, 1794, 1395, 3355, 469, 208, 53, 3450, 3196, 1632, 2187, 389, 3486, 3197, 2694, 3358, 150, 2599, 1354, 1049, 500, 2739, 2281, 456, 2871, 2031, 2664, 2584, 3206, 1949, 2205, 2227, 2706, 1372, 3345, 1015, 1388, 2723, 421, 1901, 1878, 243, 1394, 481, 848, 2301, 533, 1257, 1300, 3393, 833, 3365, 1426, 499, 520, 205, 2238, 2167, 2015, 470, 1288, 1979, 3260, 2320, 1790, 1830, 1268, 1520, 2354, 468, 528, 491, 2353, 571, 677, 507, 2337, 1523, 934, 2087, 2479, 2902, 850, 2218, 3337, 2308, 1504, 3205, 1276, 1482, 3397, 2497, 2043, 378, 334, 3227, 3479, 2869, 409, 1810, 2005, 282, 2162, 1941, 3181, 839, 591, 906, 3399, 452, 863, 2531, 3352, 479, 2379, 3193, 1882, 3124, 1428, 444, 1952, 2897, 2712, 3383, 3160, 2763, 1488, 606, 2732, 1899, 2325, 514, 106, 1228, 508, 1074, 190, 179, 1289, 1420, 2285, 2682, 3215, 488, 1823, 1980, 2247, 883, 490, 2269, 1795, 1793, 1307, 903, 3446, 161, 3430, 2184, 792, 3252, 2196, 2219, 2603, 623, 2125, 2821, 3175, 461, 1988, 1062, 483, 667, 2631, 2296, 1254, 3317, 417, 1357, 477, 29, 2331, 2081, 1892, 1380, 2262, 2453, 3401, 1905, 2018, 2405, 2726, 998, 1970, 436, 504, 390, 269, 3241, 1752, 2676, 86, 439, 1826, 1578, 1046, 539, 2536, 449, 1392, 1365, 983, 1727, 299, 1249, 1540, 2716, 537, 2072, 2703, 3364, 750, 2555, 1308, 3169, 1832, 1875, 841, 1770, 851, 2291, 2349, 2293, 3475, 909, 198, 2875, 3090, 346, 1401, 3424, 513, 2672, 2264, 3221, 2604, 2154, 2170, 1258, 1413, 948, 1864, 428, 1083, 2989, 1424, 1975, 1945, 894, 3489, 578, 2776, 3134, 1279, 3411, 2550, 2174, 1229, 1938, 534, 1386, 1278, 158, 2207, 870, 3294, 2517, 1993, 2080, 2151, 2328, 492, 1209, 2309, 1936, 2358, 164, 2367, 2333, 3384, 3251, 2494, 1645, 562, 1345, 3452, 3223, 224, 1829, 825, 2230, 1358, 864, 3112, 1376, 1306, 2734, 3357, 789, 1023, 2552, 896, 1622, 2261, 3377]

solved select: 410 in 36894.99 seconds
iteration: 0, n requested: 410, n selected: 410, selected: [1094, 2693, 2356, 3488, 2442, 1382, 1024, 2347, 126, 1989, 3204, 868, 3370, 3468, 3441, 2327, 1900, 472, 1646, 312, 509, 1342, 1285, 2791, 431, 2336, 1873, 443, 359, 1281, 2422, 1479, 2889, 162, 2299, 446, 3178, 385, 387, 1206, 3328, 3225, 2164, 1650, 2314, 2549, 1968, 3400, 316, 1238, 1414, 1359, 381, 91, 939, 3201, 3278, 465, 549, 844, 1778, 523, 438, 2901, 2737, 2348, 440, 502, 1940, 1033, 2237, 3189, 207, 2546, 380, 3308, 952, 1982, 2010, 3385, 1298, 3330, 1898, 445, 1267, 2078, 345, 2254, 3126, 538, 900, 819, 3183, 1856, 2742, 3236, 1794, 1395, 3355, 469, 208, 53, 3450, 3196, 1632, 2187, 389, 3486, 3197, 2694, 3358, 150, 2599, 1354, 1049, 500, 2739, 2281, 456, 2871, 2031, 2664, 2584, 3206, 1949, 2205, 2227, 2706, 1372, 3345, 1015, 1388, 2723, 421, 1901, 1878, 243, 1394, 481, 848, 2301, 533, 1257, 1300, 3393, 833, 3365, 1426, 499, 520, 205, 2238, 2167, 2015, 470, 1288, 1979, 3260, 2320, 1790, 1830, 1268, 1520, 2354, 468, 528, 491, 2353, 571, 677, 507, 2337, 1523, 934, 2087, 2479, 2902, 850, 2218, 3337, 2308, 1504, 3205, 1276, 1482, 3397, 2497, 2043, 378, 334, 3227, 3479, 2869, 409, 1810, 2005, 282, 2162, 1941, 3181, 839, 591, 906, 3399, 452, 863, 2531, 3352, 479, 2379, 3193, 1882, 3124, 1428, 444, 1952, 2897, 2712, 3383, 3160, 2763, 1488, 606, 2732, 1899, 2325, 514, 106, 1228, 508, 1074, 190, 179, 1289, 1420, 2285, 2682, 3215, 488, 1823, 1980, 2247, 883, 490, 2269, 1795, 1793, 1307, 903, 3446, 161, 3430, 2184, 792, 3252, 2196, 2219, 2603, 623, 2125, 2821, 3175, 461, 1988, 1062, 483, 667, 2631, 2296, 1254, 3317, 417, 1357, 477, 29, 2331, 2081, 1892, 1380, 2262, 2453, 3401, 1905, 2018, 2405, 2726, 998, 1970, 436, 504, 390, 269, 3241, 1752, 2676, 86, 439, 1826, 1578, 1046, 539, 2536, 449, 1392, 1365, 983, 1727, 299, 1249, 1540, 2716, 537, 2072, 2703, 3364, 750, 2555, 1308, 3169, 1832, 1875, 841, 1770, 851, 2291, 2349, 2293, 3475, 909, 198, 2875, 3090, 346, 1401, 3424, 513, 2672, 2264, 3221, 2604, 2154, 2170, 1258, 1413, 948, 1864, 428, 1083, 2989, 1424, 1975, 1945, 894, 3489, 578, 2776, 3134, 1279, 3411, 2550, 2174, 1229, 1938, 534, 1386, 1278, 158, 2207, 870, 3294, 2517, 1993, 2080, 2151, 2328, 492, 1209, 2309, 1936, 2358, 164, 2367, 2333, 3384, 3251, 2494, 1645, 562, 1345, 3452, 3223, 224, 1829, 825, 2230, 1358, 864, 3112, 1376, 1306, 2734, 3357, 789, 1023, 2552, 896, 1622, 2261, 3377, 2412]

solved select: 411 in 37111.64 seconds
iteration: 0, n requested: 411, n selected: 411, selected: [1094, 2693, 2356, 3488, 2442, 1382, 1024, 2347, 126, 1989, 3204, 868, 3370, 3468, 3441, 2327, 1900, 472, 1646, 312, 509, 1342, 1285, 2791, 431, 2336, 1873, 443, 359, 1281, 2422, 1479, 2889, 162, 2299, 446, 3178, 385, 387, 1206, 3328, 3225, 2164, 1650, 2314, 2549, 1968, 3400, 316, 1238, 1414, 1359, 381, 91, 939, 3201, 3278, 465, 549, 844, 1778, 523, 438, 2901, 2737, 2348, 440, 502, 1940, 1033, 2237, 3189, 207, 2546, 380, 3308, 952, 1982, 2010, 3385, 1298, 3330, 1898, 445, 1267, 2078, 345, 2254, 3126, 538, 900, 819, 3183, 1856, 2742, 3236, 1794, 1395, 3355, 469, 208, 53, 3450, 3196, 1632, 2187, 389, 3486, 3197, 2694, 3358, 150, 2599, 1354, 1049, 500, 2739, 2281, 456, 2871, 2031, 2664, 2584, 3206, 1949, 2205, 2227, 2706, 1372, 3345, 1015, 1388, 2723, 421, 1901, 1878, 243, 1394, 481, 848, 2301, 533, 1257, 1300, 3393, 833, 3365, 1426, 499, 520, 205, 2238, 2167, 2015, 470, 1288, 1979, 3260, 2320, 1790, 1830, 1268, 1520, 2354, 468, 528, 491, 2353, 571, 677, 507, 2337, 1523, 934, 2087, 2479, 2902, 850, 2218, 3337, 2308, 1504, 3205, 1276, 1482, 3397, 2497, 2043, 378, 334, 3227, 3479, 2869, 409, 1810, 2005, 282, 2162, 1941, 3181, 839, 591, 906, 3399, 452, 863, 2531, 3352, 479, 2379, 3193, 1882, 3124, 1428, 444, 1952, 2897, 2712, 3383, 3160, 2763, 1488, 606, 2732, 1899, 2325, 514, 106, 1228, 508, 1074, 190, 179, 1289, 1420, 2285, 2682, 3215, 488, 1823, 1980, 2247, 883, 490, 2269, 1795, 1793, 1307, 903, 3446, 161, 3430, 2184, 792, 3252, 2196, 2219, 2603, 623, 2125, 2821, 3175, 461, 1988, 1062, 483, 667, 2631, 2296, 1254, 3317, 417, 1357, 477, 29, 2331, 2081, 1892, 1380, 2262, 2453, 3401, 1905, 2018, 2405, 2726, 998, 1970, 436, 504, 390, 269, 3241, 1752, 2676, 86, 439, 1826, 1578, 1046, 539, 2536, 449, 1392, 1365, 983, 1727, 299, 1249, 1540, 2716, 537, 2072, 2703, 3364, 750, 2555, 1308, 3169, 1832, 1875, 841, 1770, 851, 2291, 2349, 2293, 3475, 909, 198, 2875, 3090, 346, 1401, 3424, 513, 2672, 2264, 3221, 2604, 2154, 2170, 1258, 1413, 948, 1864, 428, 1083, 2989, 1424, 1975, 1945, 894, 3489, 578, 2776, 3134, 1279, 3411, 2550, 2174, 1229, 1938, 534, 1386, 1278, 158, 2207, 870, 3294, 2517, 1993, 2080, 2151, 2328, 492, 1209, 2309, 1936, 2358, 164, 2367, 2333, 3384, 3251, 2494, 1645, 562, 1345, 3452, 3223, 224, 1829, 825, 2230, 1358, 864, 3112, 1376, 1306, 2734, 3357, 789, 1023, 2552, 896, 1622, 2261, 3377, 2412, 40]

solved select: 412 in 37325.57 seconds
iteration: 0, n requested: 412, n selected: 412, selected: [1094, 2693, 2356, 3488, 2442, 1382, 1024, 2347, 126, 1989, 3204, 868, 3370, 3468, 3441, 2327, 1900, 472, 1646, 312, 509, 1342, 1285, 2791, 431, 2336, 1873, 443, 359, 1281, 2422, 1479, 2889, 162, 2299, 446, 3178, 385, 387, 1206, 3328, 3225, 2164, 1650, 2314, 2549, 1968, 3400, 316, 1238, 1414, 1359, 381, 91, 939, 3201, 3278, 465, 549, 844, 1778, 523, 438, 2901, 2737, 2348, 440, 502, 1940, 1033, 2237, 3189, 207, 2546, 380, 3308, 952, 1982, 2010, 3385, 1298, 3330, 1898, 445, 1267, 2078, 345, 2254, 3126, 538, 900, 819, 3183, 1856, 2742, 3236, 1794, 1395, 3355, 469, 208, 53, 3450, 3196, 1632, 2187, 389, 3486, 3197, 2694, 3358, 150, 2599, 1354, 1049, 500, 2739, 2281, 456, 2871, 2031, 2664, 2584, 3206, 1949, 2205, 2227, 2706, 1372, 3345, 1015, 1388, 2723, 421, 1901, 1878, 243, 1394, 481, 848, 2301, 533, 1257, 1300, 3393, 833, 3365, 1426, 499, 520, 205, 2238, 2167, 2015, 470, 1288, 1979, 3260, 2320, 1790, 1830, 1268, 1520, 2354, 468, 528, 491, 2353, 571, 677, 507, 2337, 1523, 934, 2087, 2479, 2902, 850, 2218, 3337, 2308, 1504, 3205, 1276, 1482, 3397, 2497, 2043, 378, 334, 3227, 3479, 2869, 409, 1810, 2005, 282, 2162, 1941, 3181, 839, 591, 906, 3399, 452, 863, 2531, 3352, 479, 2379, 3193, 1882, 3124, 1428, 444, 1952, 2897, 2712, 3383, 3160, 2763, 1488, 606, 2732, 1899, 2325, 514, 106, 1228, 508, 1074, 190, 179, 1289, 1420, 2285, 2682, 3215, 488, 1823, 1980, 2247, 883, 490, 2269, 1795, 1793, 1307, 903, 3446, 161, 3430, 2184, 792, 3252, 2196, 2219, 2603, 623, 2125, 2821, 3175, 461, 1988, 1062, 483, 667, 2631, 2296, 1254, 3317, 417, 1357, 477, 29, 2331, 2081, 1892, 1380, 2262, 2453, 3401, 1905, 2018, 2405, 2726, 998, 1970, 436, 504, 390, 269, 3241, 1752, 2676, 86, 439, 1826, 1578, 1046, 539, 2536, 449, 1392, 1365, 983, 1727, 299, 1249, 1540, 2716, 537, 2072, 2703, 3364, 750, 2555, 1308, 3169, 1832, 1875, 841, 1770, 851, 2291, 2349, 2293, 3475, 909, 198, 2875, 3090, 346, 1401, 3424, 513, 2672, 2264, 3221, 2604, 2154, 2170, 1258, 1413, 948, 1864, 428, 1083, 2989, 1424, 1975, 1945, 894, 3489, 578, 2776, 3134, 1279, 3411, 2550, 2174, 1229, 1938, 534, 1386, 1278, 158, 2207, 870, 3294, 2517, 1993, 2080, 2151, 2328, 492, 1209, 2309, 1936, 2358, 164, 2367, 2333, 3384, 3251, 2494, 1645, 562, 1345, 3452, 3223, 224, 1829, 825, 2230, 1358, 864, 3112, 1376, 1306, 2734, 3357, 789, 1023, 2552, 896, 1622, 2261, 3377, 2412, 40, 3464]

solved select: 413 in 37544.22 seconds
iteration: 0, n requested: 413, n selected: 413, selected: [1094, 2693, 2356, 3488, 2442, 1382, 1024, 2347, 126, 1989, 3204, 868, 3370, 3468, 3441, 2327, 1900, 472, 1646, 312, 509, 1342, 1285, 2791, 431, 2336, 1873, 443, 359, 1281, 2422, 1479, 2889, 162, 2299, 446, 3178, 385, 387, 1206, 3328, 3225, 2164, 1650, 2314, 2549, 1968, 3400, 316, 1238, 1414, 1359, 381, 91, 939, 3201, 3278, 465, 549, 844, 1778, 523, 438, 2901, 2737, 2348, 440, 502, 1940, 1033, 2237, 3189, 207, 2546, 380, 3308, 952, 1982, 2010, 3385, 1298, 3330, 1898, 445, 1267, 2078, 345, 2254, 3126, 538, 900, 819, 3183, 1856, 2742, 3236, 1794, 1395, 3355, 469, 208, 53, 3450, 3196, 1632, 2187, 389, 3486, 3197, 2694, 3358, 150, 2599, 1354, 1049, 500, 2739, 2281, 456, 2871, 2031, 2664, 2584, 3206, 1949, 2205, 2227, 2706, 1372, 3345, 1015, 1388, 2723, 421, 1901, 1878, 243, 1394, 481, 848, 2301, 533, 1257, 1300, 3393, 833, 3365, 1426, 499, 520, 205, 2238, 2167, 2015, 470, 1288, 1979, 3260, 2320, 1790, 1830, 1268, 1520, 2354, 468, 528, 491, 2353, 571, 677, 507, 2337, 1523, 934, 2087, 2479, 2902, 850, 2218, 3337, 2308, 1504, 3205, 1276, 1482, 3397, 2497, 2043, 378, 334, 3227, 3479, 2869, 409, 1810, 2005, 282, 2162, 1941, 3181, 839, 591, 906, 3399, 452, 863, 2531, 3352, 479, 2379, 3193, 1882, 3124, 1428, 444, 1952, 2897, 2712, 3383, 3160, 2763, 1488, 606, 2732, 1899, 2325, 514, 106, 1228, 508, 1074, 190, 179, 1289, 1420, 2285, 2682, 3215, 488, 1823, 1980, 2247, 883, 490, 2269, 1795, 1793, 1307, 903, 3446, 161, 3430, 2184, 792, 3252, 2196, 2219, 2603, 623, 2125, 2821, 3175, 461, 1988, 1062, 483, 667, 2631, 2296, 1254, 3317, 417, 1357, 477, 29, 2331, 2081, 1892, 1380, 2262, 2453, 3401, 1905, 2018, 2405, 2726, 998, 1970, 436, 504, 390, 269, 3241, 1752, 2676, 86, 439, 1826, 1578, 1046, 539, 2536, 449, 1392, 1365, 983, 1727, 299, 1249, 1540, 2716, 537, 2072, 2703, 3364, 750, 2555, 1308, 3169, 1832, 1875, 841, 1770, 851, 2291, 2349, 2293, 3475, 909, 198, 2875, 3090, 346, 1401, 3424, 513, 2672, 2264, 3221, 2604, 2154, 2170, 1258, 1413, 948, 1864, 428, 1083, 2989, 1424, 1975, 1945, 894, 3489, 578, 2776, 3134, 1279, 3411, 2550, 2174, 1229, 1938, 534, 1386, 1278, 158, 2207, 870, 3294, 2517, 1993, 2080, 2151, 2328, 492, 1209, 2309, 1936, 2358, 164, 2367, 2333, 3384, 3251, 2494, 1645, 562, 1345, 3452, 3223, 224, 1829, 825, 2230, 1358, 864, 3112, 1376, 1306, 2734, 3357, 789, 1023, 2552, 896, 1622, 2261, 3377, 2412, 40, 3464, 2289]

solved select: 414 in 37767.42 seconds
iteration: 0, n requested: 414, n selected: 414, selected: [1094, 2693, 2356, 3488, 2442, 1382, 1024, 2347, 126, 1989, 3204, 868, 3370, 3468, 3441, 2327, 1900, 472, 1646, 312, 509, 1342, 1285, 2791, 431, 2336, 1873, 443, 359, 1281, 2422, 1479, 2889, 162, 2299, 446, 3178, 385, 387, 1206, 3328, 3225, 2164, 1650, 2314, 2549, 1968, 3400, 316, 1238, 1414, 1359, 381, 91, 939, 3201, 3278, 465, 549, 844, 1778, 523, 438, 2901, 2737, 2348, 440, 502, 1940, 1033, 2237, 3189, 207, 2546, 380, 3308, 952, 1982, 2010, 3385, 1298, 3330, 1898, 445, 1267, 2078, 345, 2254, 3126, 538, 900, 819, 3183, 1856, 2742, 3236, 1794, 1395, 3355, 469, 208, 53, 3450, 3196, 1632, 2187, 389, 3486, 3197, 2694, 3358, 150, 2599, 1354, 1049, 500, 2739, 2281, 456, 2871, 2031, 2664, 2584, 3206, 1949, 2205, 2227, 2706, 1372, 3345, 1015, 1388, 2723, 421, 1901, 1878, 243, 1394, 481, 848, 2301, 533, 1257, 1300, 3393, 833, 3365, 1426, 499, 520, 205, 2238, 2167, 2015, 470, 1288, 1979, 3260, 2320, 1790, 1830, 1268, 1520, 2354, 468, 528, 491, 2353, 571, 677, 507, 2337, 1523, 934, 2087, 2479, 2902, 850, 2218, 3337, 2308, 1504, 3205, 1276, 1482, 3397, 2497, 2043, 378, 334, 3227, 3479, 2869, 409, 1810, 2005, 282, 2162, 1941, 3181, 839, 591, 906, 3399, 452, 863, 2531, 3352, 479, 2379, 3193, 1882, 3124, 1428, 444, 1952, 2897, 2712, 3383, 3160, 2763, 1488, 606, 2732, 1899, 2325, 514, 106, 1228, 508, 1074, 190, 179, 1289, 1420, 2285, 2682, 3215, 488, 1823, 1980, 2247, 883, 490, 2269, 1795, 1793, 1307, 903, 3446, 161, 3430, 2184, 792, 3252, 2196, 2219, 2603, 623, 2125, 2821, 3175, 461, 1988, 1062, 483, 667, 2631, 2296, 1254, 3317, 417, 1357, 477, 29, 2331, 2081, 1892, 1380, 2262, 2453, 3401, 1905, 2018, 2405, 2726, 998, 1970, 436, 504, 390, 269, 3241, 1752, 2676, 86, 439, 1826, 1578, 1046, 539, 2536, 449, 1392, 1365, 983, 1727, 299, 1249, 1540, 2716, 537, 2072, 2703, 3364, 750, 2555, 1308, 3169, 1832, 1875, 841, 1770, 851, 2291, 2349, 2293, 3475, 909, 198, 2875, 3090, 346, 1401, 3424, 513, 2672, 2264, 3221, 2604, 2154, 2170, 1258, 1413, 948, 1864, 428, 1083, 2989, 1424, 1975, 1945, 894, 3489, 578, 2776, 3134, 1279, 3411, 2550, 2174, 1229, 1938, 534, 1386, 1278, 158, 2207, 870, 3294, 2517, 1993, 2080, 2151, 2328, 492, 1209, 2309, 1936, 2358, 164, 2367, 2333, 3384, 3251, 2494, 1645, 562, 1345, 3452, 3223, 224, 1829, 825, 2230, 1358, 864, 3112, 1376, 1306, 2734, 3357, 789, 1023, 2552, 896, 1622, 2261, 3377, 2412, 40, 3464, 2289, 2214]

solved select: 415 in 37991.97 seconds
iteration: 0, n requested: 415, n selected: 415, selected: [1094, 2693, 2356, 3488, 2442, 1382, 1024, 2347, 126, 1989, 3204, 868, 3370, 3468, 3441, 2327, 1900, 472, 1646, 312, 509, 1342, 1285, 2791, 431, 2336, 1873, 443, 359, 1281, 2422, 1479, 2889, 162, 2299, 446, 3178, 385, 387, 1206, 3328, 3225, 2164, 1650, 2314, 2549, 1968, 3400, 316, 1238, 1414, 1359, 381, 91, 939, 3201, 3278, 465, 549, 844, 1778, 523, 438, 2901, 2737, 2348, 440, 502, 1940, 1033, 2237, 3189, 207, 2546, 380, 3308, 952, 1982, 2010, 3385, 1298, 3330, 1898, 445, 1267, 2078, 345, 2254, 3126, 538, 900, 819, 3183, 1856, 2742, 3236, 1794, 1395, 3355, 469, 208, 53, 3450, 3196, 1632, 2187, 389, 3486, 3197, 2694, 3358, 150, 2599, 1354, 1049, 500, 2739, 2281, 456, 2871, 2031, 2664, 2584, 3206, 1949, 2205, 2227, 2706, 1372, 3345, 1015, 1388, 2723, 421, 1901, 1878, 243, 1394, 481, 848, 2301, 533, 1257, 1300, 3393, 833, 3365, 1426, 499, 520, 205, 2238, 2167, 2015, 470, 1288, 1979, 3260, 2320, 1790, 1830, 1268, 1520, 2354, 468, 528, 491, 2353, 571, 677, 507, 2337, 1523, 934, 2087, 2479, 2902, 850, 2218, 3337, 2308, 1504, 3205, 1276, 1482, 3397, 2497, 2043, 378, 334, 3227, 3479, 2869, 409, 1810, 2005, 282, 2162, 1941, 3181, 839, 591, 906, 3399, 452, 863, 2531, 3352, 479, 2379, 3193, 1882, 3124, 1428, 444, 1952, 2897, 2712, 3383, 3160, 2763, 1488, 606, 2732, 1899, 2325, 514, 106, 1228, 508, 1074, 190, 179, 1289, 1420, 2285, 2682, 3215, 488, 1823, 1980, 2247, 883, 490, 2269, 1795, 1793, 1307, 903, 3446, 161, 3430, 2184, 792, 3252, 2196, 2219, 2603, 623, 2125, 2821, 3175, 461, 1988, 1062, 483, 667, 2631, 2296, 1254, 3317, 417, 1357, 477, 29, 2331, 2081, 1892, 1380, 2262, 2453, 3401, 1905, 2018, 2405, 2726, 998, 1970, 436, 504, 390, 269, 3241, 1752, 2676, 86, 439, 1826, 1578, 1046, 539, 2536, 449, 1392, 1365, 983, 1727, 299, 1249, 1540, 2716, 537, 2072, 2703, 3364, 750, 2555, 1308, 3169, 1832, 1875, 841, 1770, 851, 2291, 2349, 2293, 3475, 909, 198, 2875, 3090, 346, 1401, 3424, 513, 2672, 2264, 3221, 2604, 2154, 2170, 1258, 1413, 948, 1864, 428, 1083, 2989, 1424, 1975, 1945, 894, 3489, 578, 2776, 3134, 1279, 3411, 2550, 2174, 1229, 1938, 534, 1386, 1278, 158, 2207, 870, 3294, 2517, 1993, 2080, 2151, 2328, 492, 1209, 2309, 1936, 2358, 164, 2367, 2333, 3384, 3251, 2494, 1645, 562, 1345, 3452, 3223, 224, 1829, 825, 2230, 1358, 864, 3112, 1376, 1306, 2734, 3357, 789, 1023, 2552, 896, 1622, 2261, 3377, 2412, 40, 3464, 2289, 2214, 3266]

solved select: 416 in 38209.89 seconds
iteration: 0, n requested: 416, n selected: 416, selected: [1094, 2693, 2356, 3488, 2442, 1382, 1024, 2347, 126, 1989, 3204, 868, 3370, 3468, 3441, 2327, 1900, 472, 1646, 312, 509, 1342, 1285, 2791, 431, 2336, 1873, 443, 359, 1281, 2422, 1479, 2889, 162, 2299, 446, 3178, 385, 387, 1206, 3328, 3225, 2164, 1650, 2314, 2549, 1968, 3400, 316, 1238, 1414, 1359, 381, 91, 939, 3201, 3278, 465, 549, 844, 1778, 523, 438, 2901, 2737, 2348, 440, 502, 1940, 1033, 2237, 3189, 207, 2546, 380, 3308, 952, 1982, 2010, 3385, 1298, 3330, 1898, 445, 1267, 2078, 345, 2254, 3126, 538, 900, 819, 3183, 1856, 2742, 3236, 1794, 1395, 3355, 469, 208, 53, 3450, 3196, 1632, 2187, 389, 3486, 3197, 2694, 3358, 150, 2599, 1354, 1049, 500, 2739, 2281, 456, 2871, 2031, 2664, 2584, 3206, 1949, 2205, 2227, 2706, 1372, 3345, 1015, 1388, 2723, 421, 1901, 1878, 243, 1394, 481, 848, 2301, 533, 1257, 1300, 3393, 833, 3365, 1426, 499, 520, 205, 2238, 2167, 2015, 470, 1288, 1979, 3260, 2320, 1790, 1830, 1268, 1520, 2354, 468, 528, 491, 2353, 571, 677, 507, 2337, 1523, 934, 2087, 2479, 2902, 850, 2218, 3337, 2308, 1504, 3205, 1276, 1482, 3397, 2497, 2043, 378, 334, 3227, 3479, 2869, 409, 1810, 2005, 282, 2162, 1941, 3181, 839, 591, 906, 3399, 452, 863, 2531, 3352, 479, 2379, 3193, 1882, 3124, 1428, 444, 1952, 2897, 2712, 3383, 3160, 2763, 1488, 606, 2732, 1899, 2325, 514, 106, 1228, 508, 1074, 190, 179, 1289, 1420, 2285, 2682, 3215, 488, 1823, 1980, 2247, 883, 490, 2269, 1795, 1793, 1307, 903, 3446, 161, 3430, 2184, 792, 3252, 2196, 2219, 2603, 623, 2125, 2821, 3175, 461, 1988, 1062, 483, 667, 2631, 2296, 1254, 3317, 417, 1357, 477, 29, 2331, 2081, 1892, 1380, 2262, 2453, 3401, 1905, 2018, 2405, 2726, 998, 1970, 436, 504, 390, 269, 3241, 1752, 2676, 86, 439, 1826, 1578, 1046, 539, 2536, 449, 1392, 1365, 983, 1727, 299, 1249, 1540, 2716, 537, 2072, 2703, 3364, 750, 2555, 1308, 3169, 1832, 1875, 841, 1770, 851, 2291, 2349, 2293, 3475, 909, 198, 2875, 3090, 346, 1401, 3424, 513, 2672, 2264, 3221, 2604, 2154, 2170, 1258, 1413, 948, 1864, 428, 1083, 2989, 1424, 1975, 1945, 894, 3489, 578, 2776, 3134, 1279, 3411, 2550, 2174, 1229, 1938, 534, 1386, 1278, 158, 2207, 870, 3294, 2517, 1993, 2080, 2151, 2328, 492, 1209, 2309, 1936, 2358, 164, 2367, 2333, 3384, 3251, 2494, 1645, 562, 1345, 3452, 3223, 224, 1829, 825, 2230, 1358, 864, 3112, 1376, 1306, 2734, 3357, 789, 1023, 2552, 896, 1622, 2261, 3377, 2412, 40, 3464, 2289, 2214, 3266, 2720]

solved select: 417 in 38426.93 seconds
iteration: 0, n requested: 417, n selected: 417, selected: [1094, 2693, 2356, 3488, 2442, 1382, 1024, 2347, 126, 1989, 3204, 868, 3370, 3468, 3441, 2327, 1900, 472, 1646, 312, 509, 1342, 1285, 2791, 431, 2336, 1873, 443, 359, 1281, 2422, 1479, 2889, 162, 2299, 446, 3178, 385, 387, 1206, 3328, 3225, 2164, 1650, 2314, 2549, 1968, 3400, 316, 1238, 1414, 1359, 381, 91, 939, 3201, 3278, 465, 549, 844, 1778, 523, 438, 2901, 2737, 2348, 440, 502, 1940, 1033, 2237, 3189, 207, 2546, 380, 3308, 952, 1982, 2010, 3385, 1298, 3330, 1898, 445, 1267, 2078, 345, 2254, 3126, 538, 900, 819, 3183, 1856, 2742, 3236, 1794, 1395, 3355, 469, 208, 53, 3450, 3196, 1632, 2187, 389, 3486, 3197, 2694, 3358, 150, 2599, 1354, 1049, 500, 2739, 2281, 456, 2871, 2031, 2664, 2584, 3206, 1949, 2205, 2227, 2706, 1372, 3345, 1015, 1388, 2723, 421, 1901, 1878, 243, 1394, 481, 848, 2301, 533, 1257, 1300, 3393, 833, 3365, 1426, 499, 520, 205, 2238, 2167, 2015, 470, 1288, 1979, 3260, 2320, 1790, 1830, 1268, 1520, 2354, 468, 528, 491, 2353, 571, 677, 507, 2337, 1523, 934, 2087, 2479, 2902, 850, 2218, 3337, 2308, 1504, 3205, 1276, 1482, 3397, 2497, 2043, 378, 334, 3227, 3479, 2869, 409, 1810, 2005, 282, 2162, 1941, 3181, 839, 591, 906, 3399, 452, 863, 2531, 3352, 479, 2379, 3193, 1882, 3124, 1428, 444, 1952, 2897, 2712, 3383, 3160, 2763, 1488, 606, 2732, 1899, 2325, 514, 106, 1228, 508, 1074, 190, 179, 1289, 1420, 2285, 2682, 3215, 488, 1823, 1980, 2247, 883, 490, 2269, 1795, 1793, 1307, 903, 3446, 161, 3430, 2184, 792, 3252, 2196, 2219, 2603, 623, 2125, 2821, 3175, 461, 1988, 1062, 483, 667, 2631, 2296, 1254, 3317, 417, 1357, 477, 29, 2331, 2081, 1892, 1380, 2262, 2453, 3401, 1905, 2018, 2405, 2726, 998, 1970, 436, 504, 390, 269, 3241, 1752, 2676, 86, 439, 1826, 1578, 1046, 539, 2536, 449, 1392, 1365, 983, 1727, 299, 1249, 1540, 2716, 537, 2072, 2703, 3364, 750, 2555, 1308, 3169, 1832, 1875, 841, 1770, 851, 2291, 2349, 2293, 3475, 909, 198, 2875, 3090, 346, 1401, 3424, 513, 2672, 2264, 3221, 2604, 2154, 2170, 1258, 1413, 948, 1864, 428, 1083, 2989, 1424, 1975, 1945, 894, 3489, 578, 2776, 3134, 1279, 3411, 2550, 2174, 1229, 1938, 534, 1386, 1278, 158, 2207, 870, 3294, 2517, 1993, 2080, 2151, 2328, 492, 1209, 2309, 1936, 2358, 164, 2367, 2333, 3384, 3251, 2494, 1645, 562, 1345, 3452, 3223, 224, 1829, 825, 2230, 1358, 864, 3112, 1376, 1306, 2734, 3357, 789, 1023, 2552, 896, 1622, 2261, 3377, 2412, 40, 3464, 2289, 2214, 3266, 2720, 3061]

solved select: 418 in 38644.41 seconds
iteration: 0, n requested: 418, n selected: 418, selected: [1094, 2693, 2356, 3488, 2442, 1382, 1024, 2347, 126, 1989, 3204, 868, 3370, 3468, 3441, 2327, 1900, 472, 1646, 312, 509, 1342, 1285, 2791, 431, 2336, 1873, 443, 359, 1281, 2422, 1479, 2889, 162, 2299, 446, 3178, 385, 387, 1206, 3328, 3225, 2164, 1650, 2314, 2549, 1968, 3400, 316, 1238, 1414, 1359, 381, 91, 939, 3201, 3278, 465, 549, 844, 1778, 523, 438, 2901, 2737, 2348, 440, 502, 1940, 1033, 2237, 3189, 207, 2546, 380, 3308, 952, 1982, 2010, 3385, 1298, 3330, 1898, 445, 1267, 2078, 345, 2254, 3126, 538, 900, 819, 3183, 1856, 2742, 3236, 1794, 1395, 3355, 469, 208, 53, 3450, 3196, 1632, 2187, 389, 3486, 3197, 2694, 3358, 150, 2599, 1354, 1049, 500, 2739, 2281, 456, 2871, 2031, 2664, 2584, 3206, 1949, 2205, 2227, 2706, 1372, 3345, 1015, 1388, 2723, 421, 1901, 1878, 243, 1394, 481, 848, 2301, 533, 1257, 1300, 3393, 833, 3365, 1426, 499, 520, 205, 2238, 2167, 2015, 470, 1288, 1979, 3260, 2320, 1790, 1830, 1268, 1520, 2354, 468, 528, 491, 2353, 571, 677, 507, 2337, 1523, 934, 2087, 2479, 2902, 850, 2218, 3337, 2308, 1504, 3205, 1276, 1482, 3397, 2497, 2043, 378, 334, 3227, 3479, 2869, 409, 1810, 2005, 282, 2162, 1941, 3181, 839, 591, 906, 3399, 452, 863, 2531, 3352, 479, 2379, 3193, 1882, 3124, 1428, 444, 1952, 2897, 2712, 3383, 3160, 2763, 1488, 606, 2732, 1899, 2325, 514, 106, 1228, 508, 1074, 190, 179, 1289, 1420, 2285, 2682, 3215, 488, 1823, 1980, 2247, 883, 490, 2269, 1795, 1793, 1307, 903, 3446, 161, 3430, 2184, 792, 3252, 2196, 2219, 2603, 623, 2125, 2821, 3175, 461, 1988, 1062, 483, 667, 2631, 2296, 1254, 3317, 417, 1357, 477, 29, 2331, 2081, 1892, 1380, 2262, 2453, 3401, 1905, 2018, 2405, 2726, 998, 1970, 436, 504, 390, 269, 3241, 1752, 2676, 86, 439, 1826, 1578, 1046, 539, 2536, 449, 1392, 1365, 983, 1727, 299, 1249, 1540, 2716, 537, 2072, 2703, 3364, 750, 2555, 1308, 3169, 1832, 1875, 841, 1770, 851, 2291, 2349, 2293, 3475, 909, 198, 2875, 3090, 346, 1401, 3424, 513, 2672, 2264, 3221, 2604, 2154, 2170, 1258, 1413, 948, 1864, 428, 1083, 2989, 1424, 1975, 1945, 894, 3489, 578, 2776, 3134, 1279, 3411, 2550, 2174, 1229, 1938, 534, 1386, 1278, 158, 2207, 870, 3294, 2517, 1993, 2080, 2151, 2328, 492, 1209, 2309, 1936, 2358, 164, 2367, 2333, 3384, 3251, 2494, 1645, 562, 1345, 3452, 3223, 224, 1829, 825, 2230, 1358, 864, 3112, 1376, 1306, 2734, 3357, 789, 1023, 2552, 896, 1622, 2261, 3377, 2412, 40, 3464, 2289, 2214, 3266, 2720, 3061, 2595]

solved select: 419 in 38869.33 seconds
iteration: 0, n requested: 419, n selected: 419, selected: [1094, 2693, 2356, 3488, 2442, 1382, 1024, 2347, 126, 1989, 3204, 868, 3370, 3468, 3441, 2327, 1900, 472, 1646, 312, 509, 1342, 1285, 2791, 431, 2336, 1873, 443, 359, 1281, 2422, 1479, 2889, 162, 2299, 446, 3178, 385, 387, 1206, 3328, 3225, 2164, 1650, 2314, 2549, 1968, 3400, 316, 1238, 1414, 1359, 381, 91, 939, 3201, 3278, 465, 549, 844, 1778, 523, 438, 2901, 2737, 2348, 440, 502, 1940, 1033, 2237, 3189, 207, 2546, 380, 3308, 952, 1982, 2010, 3385, 1298, 3330, 1898, 445, 1267, 2078, 345, 2254, 3126, 538, 900, 819, 3183, 1856, 2742, 3236, 1794, 1395, 3355, 469, 208, 53, 3450, 3196, 1632, 2187, 389, 3486, 3197, 2694, 3358, 150, 2599, 1354, 1049, 500, 2739, 2281, 456, 2871, 2031, 2664, 2584, 3206, 1949, 2205, 2227, 2706, 1372, 3345, 1015, 1388, 2723, 421, 1901, 1878, 243, 1394, 481, 848, 2301, 533, 1257, 1300, 3393, 833, 3365, 1426, 499, 520, 205, 2238, 2167, 2015, 470, 1288, 1979, 3260, 2320, 1790, 1830, 1268, 1520, 2354, 468, 528, 491, 2353, 571, 677, 507, 2337, 1523, 934, 2087, 2479, 2902, 850, 2218, 3337, 2308, 1504, 3205, 1276, 1482, 3397, 2497, 2043, 378, 334, 3227, 3479, 2869, 409, 1810, 2005, 282, 2162, 1941, 3181, 839, 591, 906, 3399, 452, 863, 2531, 3352, 479, 2379, 3193, 1882, 3124, 1428, 444, 1952, 2897, 2712, 3383, 3160, 2763, 1488, 606, 2732, 1899, 2325, 514, 106, 1228, 508, 1074, 190, 179, 1289, 1420, 2285, 2682, 3215, 488, 1823, 1980, 2247, 883, 490, 2269, 1795, 1793, 1307, 903, 3446, 161, 3430, 2184, 792, 3252, 2196, 2219, 2603, 623, 2125, 2821, 3175, 461, 1988, 1062, 483, 667, 2631, 2296, 1254, 3317, 417, 1357, 477, 29, 2331, 2081, 1892, 1380, 2262, 2453, 3401, 1905, 2018, 2405, 2726, 998, 1970, 436, 504, 390, 269, 3241, 1752, 2676, 86, 439, 1826, 1578, 1046, 539, 2536, 449, 1392, 1365, 983, 1727, 299, 1249, 1540, 2716, 537, 2072, 2703, 3364, 750, 2555, 1308, 3169, 1832, 1875, 841, 1770, 851, 2291, 2349, 2293, 3475, 909, 198, 2875, 3090, 346, 1401, 3424, 513, 2672, 2264, 3221, 2604, 2154, 2170, 1258, 1413, 948, 1864, 428, 1083, 2989, 1424, 1975, 1945, 894, 3489, 578, 2776, 3134, 1279, 3411, 2550, 2174, 1229, 1938, 534, 1386, 1278, 158, 2207, 870, 3294, 2517, 1993, 2080, 2151, 2328, 492, 1209, 2309, 1936, 2358, 164, 2367, 2333, 3384, 3251, 2494, 1645, 562, 1345, 3452, 3223, 224, 1829, 825, 2230, 1358, 864, 3112, 1376, 1306, 2734, 3357, 789, 1023, 2552, 896, 1622, 2261, 3377, 2412, 40, 3464, 2289, 2214, 3266, 2720, 3061, 2595, 3307]

solved select: 420 in 39091.57 seconds
iteration: 0, n requested: 420, n selected: 420, selected: [1094, 2693, 2356, 3488, 2442, 1382, 1024, 2347, 126, 1989, 3204, 868, 3370, 3468, 3441, 2327, 1900, 472, 1646, 312, 509, 1342, 1285, 2791, 431, 2336, 1873, 443, 359, 1281, 2422, 1479, 2889, 162, 2299, 446, 3178, 385, 387, 1206, 3328, 3225, 2164, 1650, 2314, 2549, 1968, 3400, 316, 1238, 1414, 1359, 381, 91, 939, 3201, 3278, 465, 549, 844, 1778, 523, 438, 2901, 2737, 2348, 440, 502, 1940, 1033, 2237, 3189, 207, 2546, 380, 3308, 952, 1982, 2010, 3385, 1298, 3330, 1898, 445, 1267, 2078, 345, 2254, 3126, 538, 900, 819, 3183, 1856, 2742, 3236, 1794, 1395, 3355, 469, 208, 53, 3450, 3196, 1632, 2187, 389, 3486, 3197, 2694, 3358, 150, 2599, 1354, 1049, 500, 2739, 2281, 456, 2871, 2031, 2664, 2584, 3206, 1949, 2205, 2227, 2706, 1372, 3345, 1015, 1388, 2723, 421, 1901, 1878, 243, 1394, 481, 848, 2301, 533, 1257, 1300, 3393, 833, 3365, 1426, 499, 520, 205, 2238, 2167, 2015, 470, 1288, 1979, 3260, 2320, 1790, 1830, 1268, 1520, 2354, 468, 528, 491, 2353, 571, 677, 507, 2337, 1523, 934, 2087, 2479, 2902, 850, 2218, 3337, 2308, 1504, 3205, 1276, 1482, 3397, 2497, 2043, 378, 334, 3227, 3479, 2869, 409, 1810, 2005, 282, 2162, 1941, 3181, 839, 591, 906, 3399, 452, 863, 2531, 3352, 479, 2379, 3193, 1882, 3124, 1428, 444, 1952, 2897, 2712, 3383, 3160, 2763, 1488, 606, 2732, 1899, 2325, 514, 106, 1228, 508, 1074, 190, 179, 1289, 1420, 2285, 2682, 3215, 488, 1823, 1980, 2247, 883, 490, 2269, 1795, 1793, 1307, 903, 3446, 161, 3430, 2184, 792, 3252, 2196, 2219, 2603, 623, 2125, 2821, 3175, 461, 1988, 1062, 483, 667, 2631, 2296, 1254, 3317, 417, 1357, 477, 29, 2331, 2081, 1892, 1380, 2262, 2453, 3401, 1905, 2018, 2405, 2726, 998, 1970, 436, 504, 390, 269, 3241, 1752, 2676, 86, 439, 1826, 1578, 1046, 539, 2536, 449, 1392, 1365, 983, 1727, 299, 1249, 1540, 2716, 537, 2072, 2703, 3364, 750, 2555, 1308, 3169, 1832, 1875, 841, 1770, 851, 2291, 2349, 2293, 3475, 909, 198, 2875, 3090, 346, 1401, 3424, 513, 2672, 2264, 3221, 2604, 2154, 2170, 1258, 1413, 948, 1864, 428, 1083, 2989, 1424, 1975, 1945, 894, 3489, 578, 2776, 3134, 1279, 3411, 2550, 2174, 1229, 1938, 534, 1386, 1278, 158, 2207, 870, 3294, 2517, 1993, 2080, 2151, 2328, 492, 1209, 2309, 1936, 2358, 164, 2367, 2333, 3384, 3251, 2494, 1645, 562, 1345, 3452, 3223, 224, 1829, 825, 2230, 1358, 864, 3112, 1376, 1306, 2734, 3357, 789, 1023, 2552, 896, 1622, 2261, 3377, 2412, 40, 3464, 2289, 2214, 3266, 2720, 3061, 2595, 3307, 1927]

solved select: 421 in 39315.58 seconds
iteration: 0, n requested: 421, n selected: 421, selected: [1094, 2693, 2356, 3488, 2442, 1382, 1024, 2347, 126, 1989, 3204, 868, 3370, 3468, 3441, 2327, 1900, 472, 1646, 312, 509, 1342, 1285, 2791, 431, 2336, 1873, 443, 359, 1281, 2422, 1479, 2889, 162, 2299, 446, 3178, 385, 387, 1206, 3328, 3225, 2164, 1650, 2314, 2549, 1968, 3400, 316, 1238, 1414, 1359, 381, 91, 939, 3201, 3278, 465, 549, 844, 1778, 523, 438, 2901, 2737, 2348, 440, 502, 1940, 1033, 2237, 3189, 207, 2546, 380, 3308, 952, 1982, 2010, 3385, 1298, 3330, 1898, 445, 1267, 2078, 345, 2254, 3126, 538, 900, 819, 3183, 1856, 2742, 3236, 1794, 1395, 3355, 469, 208, 53, 3450, 3196, 1632, 2187, 389, 3486, 3197, 2694, 3358, 150, 2599, 1354, 1049, 500, 2739, 2281, 456, 2871, 2031, 2664, 2584, 3206, 1949, 2205, 2227, 2706, 1372, 3345, 1015, 1388, 2723, 421, 1901, 1878, 243, 1394, 481, 848, 2301, 533, 1257, 1300, 3393, 833, 3365, 1426, 499, 520, 205, 2238, 2167, 2015, 470, 1288, 1979, 3260, 2320, 1790, 1830, 1268, 1520, 2354, 468, 528, 491, 2353, 571, 677, 507, 2337, 1523, 934, 2087, 2479, 2902, 850, 2218, 3337, 2308, 1504, 3205, 1276, 1482, 3397, 2497, 2043, 378, 334, 3227, 3479, 2869, 409, 1810, 2005, 282, 2162, 1941, 3181, 839, 591, 906, 3399, 452, 863, 2531, 3352, 479, 2379, 3193, 1882, 3124, 1428, 444, 1952, 2897, 2712, 3383, 3160, 2763, 1488, 606, 2732, 1899, 2325, 514, 106, 1228, 508, 1074, 190, 179, 1289, 1420, 2285, 2682, 3215, 488, 1823, 1980, 2247, 883, 490, 2269, 1795, 1793, 1307, 903, 3446, 161, 3430, 2184, 792, 3252, 2196, 2219, 2603, 623, 2125, 2821, 3175, 461, 1988, 1062, 483, 667, 2631, 2296, 1254, 3317, 417, 1357, 477, 29, 2331, 2081, 1892, 1380, 2262, 2453, 3401, 1905, 2018, 2405, 2726, 998, 1970, 436, 504, 390, 269, 3241, 1752, 2676, 86, 439, 1826, 1578, 1046, 539, 2536, 449, 1392, 1365, 983, 1727, 299, 1249, 1540, 2716, 537, 2072, 2703, 3364, 750, 2555, 1308, 3169, 1832, 1875, 841, 1770, 851, 2291, 2349, 2293, 3475, 909, 198, 2875, 3090, 346, 1401, 3424, 513, 2672, 2264, 3221, 2604, 2154, 2170, 1258, 1413, 948, 1864, 428, 1083, 2989, 1424, 1975, 1945, 894, 3489, 578, 2776, 3134, 1279, 3411, 2550, 2174, 1229, 1938, 534, 1386, 1278, 158, 2207, 870, 3294, 2517, 1993, 2080, 2151, 2328, 492, 1209, 2309, 1936, 2358, 164, 2367, 2333, 3384, 3251, 2494, 1645, 562, 1345, 3452, 3223, 224, 1829, 825, 2230, 1358, 864, 3112, 1376, 1306, 2734, 3357, 789, 1023, 2552, 896, 1622, 2261, 3377, 2412, 40, 3464, 2289, 2214, 3266, 2720, 3061, 2595, 3307, 1927, 1490]

solved select: 422 in 39540.96 seconds
iteration: 0, n requested: 422, n selected: 422, selected: [1094, 2693, 2356, 3488, 2442, 1382, 1024, 2347, 126, 1989, 3204, 868, 3370, 3468, 3441, 2327, 1900, 472, 1646, 312, 509, 1342, 1285, 2791, 431, 2336, 1873, 443, 359, 1281, 2422, 1479, 2889, 162, 2299, 446, 3178, 385, 387, 1206, 3328, 3225, 2164, 1650, 2314, 2549, 1968, 3400, 316, 1238, 1414, 1359, 381, 91, 939, 3201, 3278, 465, 549, 844, 1778, 523, 438, 2901, 2737, 2348, 440, 502, 1940, 1033, 2237, 3189, 207, 2546, 380, 3308, 952, 1982, 2010, 3385, 1298, 3330, 1898, 445, 1267, 2078, 345, 2254, 3126, 538, 900, 819, 3183, 1856, 2742, 3236, 1794, 1395, 3355, 469, 208, 53, 3450, 3196, 1632, 2187, 389, 3486, 3197, 2694, 3358, 150, 2599, 1354, 1049, 500, 2739, 2281, 456, 2871, 2031, 2664, 2584, 3206, 1949, 2205, 2227, 2706, 1372, 3345, 1015, 1388, 2723, 421, 1901, 1878, 243, 1394, 481, 848, 2301, 533, 1257, 1300, 3393, 833, 3365, 1426, 499, 520, 205, 2238, 2167, 2015, 470, 1288, 1979, 3260, 2320, 1790, 1830, 1268, 1520, 2354, 468, 528, 491, 2353, 571, 677, 507, 2337, 1523, 934, 2087, 2479, 2902, 850, 2218, 3337, 2308, 1504, 3205, 1276, 1482, 3397, 2497, 2043, 378, 334, 3227, 3479, 2869, 409, 1810, 2005, 282, 2162, 1941, 3181, 839, 591, 906, 3399, 452, 863, 2531, 3352, 479, 2379, 3193, 1882, 3124, 1428, 444, 1952, 2897, 2712, 3383, 3160, 2763, 1488, 606, 2732, 1899, 2325, 514, 106, 1228, 508, 1074, 190, 179, 1289, 1420, 2285, 2682, 3215, 488, 1823, 1980, 2247, 883, 490, 2269, 1795, 1793, 1307, 903, 3446, 161, 3430, 2184, 792, 3252, 2196, 2219, 2603, 623, 2125, 2821, 3175, 461, 1988, 1062, 483, 667, 2631, 2296, 1254, 3317, 417, 1357, 477, 29, 2331, 2081, 1892, 1380, 2262, 2453, 3401, 1905, 2018, 2405, 2726, 998, 1970, 436, 504, 390, 269, 3241, 1752, 2676, 86, 439, 1826, 1578, 1046, 539, 2536, 449, 1392, 1365, 983, 1727, 299, 1249, 1540, 2716, 537, 2072, 2703, 3364, 750, 2555, 1308, 3169, 1832, 1875, 841, 1770, 851, 2291, 2349, 2293, 3475, 909, 198, 2875, 3090, 346, 1401, 3424, 513, 2672, 2264, 3221, 2604, 2154, 2170, 1258, 1413, 948, 1864, 428, 1083, 2989, 1424, 1975, 1945, 894, 3489, 578, 2776, 3134, 1279, 3411, 2550, 2174, 1229, 1938, 534, 1386, 1278, 158, 2207, 870, 3294, 2517, 1993, 2080, 2151, 2328, 492, 1209, 2309, 1936, 2358, 164, 2367, 2333, 3384, 3251, 2494, 1645, 562, 1345, 3452, 3223, 224, 1829, 825, 2230, 1358, 864, 3112, 1376, 1306, 2734, 3357, 789, 1023, 2552, 896, 1622, 2261, 3377, 2412, 40, 3464, 2289, 2214, 3266, 2720, 3061, 2595, 3307, 1927, 1490, 1148]

solved select: 423 in 39764.78 seconds
iteration: 0, n requested: 423, n selected: 423, selected: [1094, 2693, 2356, 3488, 2442, 1382, 1024, 2347, 126, 1989, 3204, 868, 3370, 3468, 3441, 2327, 1900, 472, 1646, 312, 509, 1342, 1285, 2791, 431, 2336, 1873, 443, 359, 1281, 2422, 1479, 2889, 162, 2299, 446, 3178, 385, 387, 1206, 3328, 3225, 2164, 1650, 2314, 2549, 1968, 3400, 316, 1238, 1414, 1359, 381, 91, 939, 3201, 3278, 465, 549, 844, 1778, 523, 438, 2901, 2737, 2348, 440, 502, 1940, 1033, 2237, 3189, 207, 2546, 380, 3308, 952, 1982, 2010, 3385, 1298, 3330, 1898, 445, 1267, 2078, 345, 2254, 3126, 538, 900, 819, 3183, 1856, 2742, 3236, 1794, 1395, 3355, 469, 208, 53, 3450, 3196, 1632, 2187, 389, 3486, 3197, 2694, 3358, 150, 2599, 1354, 1049, 500, 2739, 2281, 456, 2871, 2031, 2664, 2584, 3206, 1949, 2205, 2227, 2706, 1372, 3345, 1015, 1388, 2723, 421, 1901, 1878, 243, 1394, 481, 848, 2301, 533, 1257, 1300, 3393, 833, 3365, 1426, 499, 520, 205, 2238, 2167, 2015, 470, 1288, 1979, 3260, 2320, 1790, 1830, 1268, 1520, 2354, 468, 528, 491, 2353, 571, 677, 507, 2337, 1523, 934, 2087, 2479, 2902, 850, 2218, 3337, 2308, 1504, 3205, 1276, 1482, 3397, 2497, 2043, 378, 334, 3227, 3479, 2869, 409, 1810, 2005, 282, 2162, 1941, 3181, 839, 591, 906, 3399, 452, 863, 2531, 3352, 479, 2379, 3193, 1882, 3124, 1428, 444, 1952, 2897, 2712, 3383, 3160, 2763, 1488, 606, 2732, 1899, 2325, 514, 106, 1228, 508, 1074, 190, 179, 1289, 1420, 2285, 2682, 3215, 488, 1823, 1980, 2247, 883, 490, 2269, 1795, 1793, 1307, 903, 3446, 161, 3430, 2184, 792, 3252, 2196, 2219, 2603, 623, 2125, 2821, 3175, 461, 1988, 1062, 483, 667, 2631, 2296, 1254, 3317, 417, 1357, 477, 29, 2331, 2081, 1892, 1380, 2262, 2453, 3401, 1905, 2018, 2405, 2726, 998, 1970, 436, 504, 390, 269, 3241, 1752, 2676, 86, 439, 1826, 1578, 1046, 539, 2536, 449, 1392, 1365, 983, 1727, 299, 1249, 1540, 2716, 537, 2072, 2703, 3364, 750, 2555, 1308, 3169, 1832, 1875, 841, 1770, 851, 2291, 2349, 2293, 3475, 909, 198, 2875, 3090, 346, 1401, 3424, 513, 2672, 2264, 3221, 2604, 2154, 2170, 1258, 1413, 948, 1864, 428, 1083, 2989, 1424, 1975, 1945, 894, 3489, 578, 2776, 3134, 1279, 3411, 2550, 2174, 1229, 1938, 534, 1386, 1278, 158, 2207, 870, 3294, 2517, 1993, 2080, 2151, 2328, 492, 1209, 2309, 1936, 2358, 164, 2367, 2333, 3384, 3251, 2494, 1645, 562, 1345, 3452, 3223, 224, 1829, 825, 2230, 1358, 864, 3112, 1376, 1306, 2734, 3357, 789, 1023, 2552, 896, 1622, 2261, 3377, 2412, 40, 3464, 2289, 2214, 3266, 2720, 3061, 2595, 3307, 1927, 1490, 1148, 426]

solved select: 424 in 39992.58 seconds
iteration: 0, n requested: 424, n selected: 424, selected: [1094, 2693, 2356, 3488, 2442, 1382, 1024, 2347, 126, 1989, 3204, 868, 3370, 3468, 3441, 2327, 1900, 472, 1646, 312, 509, 1342, 1285, 2791, 431, 2336, 1873, 443, 359, 1281, 2422, 1479, 2889, 162, 2299, 446, 3178, 385, 387, 1206, 3328, 3225, 2164, 1650, 2314, 2549, 1968, 3400, 316, 1238, 1414, 1359, 381, 91, 939, 3201, 3278, 465, 549, 844, 1778, 523, 438, 2901, 2737, 2348, 440, 502, 1940, 1033, 2237, 3189, 207, 2546, 380, 3308, 952, 1982, 2010, 3385, 1298, 3330, 1898, 445, 1267, 2078, 345, 2254, 3126, 538, 900, 819, 3183, 1856, 2742, 3236, 1794, 1395, 3355, 469, 208, 53, 3450, 3196, 1632, 2187, 389, 3486, 3197, 2694, 3358, 150, 2599, 1354, 1049, 500, 2739, 2281, 456, 2871, 2031, 2664, 2584, 3206, 1949, 2205, 2227, 2706, 1372, 3345, 1015, 1388, 2723, 421, 1901, 1878, 243, 1394, 481, 848, 2301, 533, 1257, 1300, 3393, 833, 3365, 1426, 499, 520, 205, 2238, 2167, 2015, 470, 1288, 1979, 3260, 2320, 1790, 1830, 1268, 1520, 2354, 468, 528, 491, 2353, 571, 677, 507, 2337, 1523, 934, 2087, 2479, 2902, 850, 2218, 3337, 2308, 1504, 3205, 1276, 1482, 3397, 2497, 2043, 378, 334, 3227, 3479, 2869, 409, 1810, 2005, 282, 2162, 1941, 3181, 839, 591, 906, 3399, 452, 863, 2531, 3352, 479, 2379, 3193, 1882, 3124, 1428, 444, 1952, 2897, 2712, 3383, 3160, 2763, 1488, 606, 2732, 1899, 2325, 514, 106, 1228, 508, 1074, 190, 179, 1289, 1420, 2285, 2682, 3215, 488, 1823, 1980, 2247, 883, 490, 2269, 1795, 1793, 1307, 903, 3446, 161, 3430, 2184, 792, 3252, 2196, 2219, 2603, 623, 2125, 2821, 3175, 461, 1988, 1062, 483, 667, 2631, 2296, 1254, 3317, 417, 1357, 477, 29, 2331, 2081, 1892, 1380, 2262, 2453, 3401, 1905, 2018, 2405, 2726, 998, 1970, 436, 504, 390, 269, 3241, 1752, 2676, 86, 439, 1826, 1578, 1046, 539, 2536, 449, 1392, 1365, 983, 1727, 299, 1249, 1540, 2716, 537, 2072, 2703, 3364, 750, 2555, 1308, 3169, 1832, 1875, 841, 1770, 851, 2291, 2349, 2293, 3475, 909, 198, 2875, 3090, 346, 1401, 3424, 513, 2672, 2264, 3221, 2604, 2154, 2170, 1258, 1413, 948, 1864, 428, 1083, 2989, 1424, 1975, 1945, 894, 3489, 578, 2776, 3134, 1279, 3411, 2550, 2174, 1229, 1938, 534, 1386, 1278, 158, 2207, 870, 3294, 2517, 1993, 2080, 2151, 2328, 492, 1209, 2309, 1936, 2358, 164, 2367, 2333, 3384, 3251, 2494, 1645, 562, 1345, 3452, 3223, 224, 1829, 825, 2230, 1358, 864, 3112, 1376, 1306, 2734, 3357, 789, 1023, 2552, 896, 1622, 2261, 3377, 2412, 40, 3464, 2289, 2214, 3266, 2720, 3061, 2595, 3307, 1927, 1490, 1148, 426, 344]

solved select: 425 in 40211.78 seconds
iteration: 0, n requested: 425, n selected: 425, selected: [1094, 2693, 2356, 3488, 2442, 1382, 1024, 2347, 126, 1989, 3204, 868, 3370, 3468, 3441, 2327, 1900, 472, 1646, 312, 509, 1342, 1285, 2791, 431, 2336, 1873, 443, 359, 1281, 2422, 1479, 2889, 162, 2299, 446, 3178, 385, 387, 1206, 3328, 3225, 2164, 1650, 2314, 2549, 1968, 3400, 316, 1238, 1414, 1359, 381, 91, 939, 3201, 3278, 465, 549, 844, 1778, 523, 438, 2901, 2737, 2348, 440, 502, 1940, 1033, 2237, 3189, 207, 2546, 380, 3308, 952, 1982, 2010, 3385, 1298, 3330, 1898, 445, 1267, 2078, 345, 2254, 3126, 538, 900, 819, 3183, 1856, 2742, 3236, 1794, 1395, 3355, 469, 208, 53, 3450, 3196, 1632, 2187, 389, 3486, 3197, 2694, 3358, 150, 2599, 1354, 1049, 500, 2739, 2281, 456, 2871, 2031, 2664, 2584, 3206, 1949, 2205, 2227, 2706, 1372, 3345, 1015, 1388, 2723, 421, 1901, 1878, 243, 1394, 481, 848, 2301, 533, 1257, 1300, 3393, 833, 3365, 1426, 499, 520, 205, 2238, 2167, 2015, 470, 1288, 1979, 3260, 2320, 1790, 1830, 1268, 1520, 2354, 468, 528, 491, 2353, 571, 677, 507, 2337, 1523, 934, 2087, 2479, 2902, 850, 2218, 3337, 2308, 1504, 3205, 1276, 1482, 3397, 2497, 2043, 378, 334, 3227, 3479, 2869, 409, 1810, 2005, 282, 2162, 1941, 3181, 839, 591, 906, 3399, 452, 863, 2531, 3352, 479, 2379, 3193, 1882, 3124, 1428, 444, 1952, 2897, 2712, 3383, 3160, 2763, 1488, 606, 2732, 1899, 2325, 514, 106, 1228, 508, 1074, 190, 179, 1289, 1420, 2285, 2682, 3215, 488, 1823, 1980, 2247, 883, 490, 2269, 1795, 1793, 1307, 903, 3446, 161, 3430, 2184, 792, 3252, 2196, 2219, 2603, 623, 2125, 2821, 3175, 461, 1988, 1062, 483, 667, 2631, 2296, 1254, 3317, 417, 1357, 477, 29, 2331, 2081, 1892, 1380, 2262, 2453, 3401, 1905, 2018, 2405, 2726, 998, 1970, 436, 504, 390, 269, 3241, 1752, 2676, 86, 439, 1826, 1578, 1046, 539, 2536, 449, 1392, 1365, 983, 1727, 299, 1249, 1540, 2716, 537, 2072, 2703, 3364, 750, 2555, 1308, 3169, 1832, 1875, 841, 1770, 851, 2291, 2349, 2293, 3475, 909, 198, 2875, 3090, 346, 1401, 3424, 513, 2672, 2264, 3221, 2604, 2154, 2170, 1258, 1413, 948, 1864, 428, 1083, 2989, 1424, 1975, 1945, 894, 3489, 578, 2776, 3134, 1279, 3411, 2550, 2174, 1229, 1938, 534, 1386, 1278, 158, 2207, 870, 3294, 2517, 1993, 2080, 2151, 2328, 492, 1209, 2309, 1936, 2358, 164, 2367, 2333, 3384, 3251, 2494, 1645, 562, 1345, 3452, 3223, 224, 1829, 825, 2230, 1358, 864, 3112, 1376, 1306, 2734, 3357, 789, 1023, 2552, 896, 1622, 2261, 3377, 2412, 40, 3464, 2289, 2214, 3266, 2720, 3061, 2595, 3307, 1927, 1490, 1148, 426, 344, 3487]

solved select: 426 in 40433.90 seconds
iteration: 0, n requested: 426, n selected: 426, selected: [1094, 2693, 2356, 3488, 2442, 1382, 1024, 2347, 126, 1989, 3204, 868, 3370, 3468, 3441, 2327, 1900, 472, 1646, 312, 509, 1342, 1285, 2791, 431, 2336, 1873, 443, 359, 1281, 2422, 1479, 2889, 162, 2299, 446, 3178, 385, 387, 1206, 3328, 3225, 2164, 1650, 2314, 2549, 1968, 3400, 316, 1238, 1414, 1359, 381, 91, 939, 3201, 3278, 465, 549, 844, 1778, 523, 438, 2901, 2737, 2348, 440, 502, 1940, 1033, 2237, 3189, 207, 2546, 380, 3308, 952, 1982, 2010, 3385, 1298, 3330, 1898, 445, 1267, 2078, 345, 2254, 3126, 538, 900, 819, 3183, 1856, 2742, 3236, 1794, 1395, 3355, 469, 208, 53, 3450, 3196, 1632, 2187, 389, 3486, 3197, 2694, 3358, 150, 2599, 1354, 1049, 500, 2739, 2281, 456, 2871, 2031, 2664, 2584, 3206, 1949, 2205, 2227, 2706, 1372, 3345, 1015, 1388, 2723, 421, 1901, 1878, 243, 1394, 481, 848, 2301, 533, 1257, 1300, 3393, 833, 3365, 1426, 499, 520, 205, 2238, 2167, 2015, 470, 1288, 1979, 3260, 2320, 1790, 1830, 1268, 1520, 2354, 468, 528, 491, 2353, 571, 677, 507, 2337, 1523, 934, 2087, 2479, 2902, 850, 2218, 3337, 2308, 1504, 3205, 1276, 1482, 3397, 2497, 2043, 378, 334, 3227, 3479, 2869, 409, 1810, 2005, 282, 2162, 1941, 3181, 839, 591, 906, 3399, 452, 863, 2531, 3352, 479, 2379, 3193, 1882, 3124, 1428, 444, 1952, 2897, 2712, 3383, 3160, 2763, 1488, 606, 2732, 1899, 2325, 514, 106, 1228, 508, 1074, 190, 179, 1289, 1420, 2285, 2682, 3215, 488, 1823, 1980, 2247, 883, 490, 2269, 1795, 1793, 1307, 903, 3446, 161, 3430, 2184, 792, 3252, 2196, 2219, 2603, 623, 2125, 2821, 3175, 461, 1988, 1062, 483, 667, 2631, 2296, 1254, 3317, 417, 1357, 477, 29, 2331, 2081, 1892, 1380, 2262, 2453, 3401, 1905, 2018, 2405, 2726, 998, 1970, 436, 504, 390, 269, 3241, 1752, 2676, 86, 439, 1826, 1578, 1046, 539, 2536, 449, 1392, 1365, 983, 1727, 299, 1249, 1540, 2716, 537, 2072, 2703, 3364, 750, 2555, 1308, 3169, 1832, 1875, 841, 1770, 851, 2291, 2349, 2293, 3475, 909, 198, 2875, 3090, 346, 1401, 3424, 513, 2672, 2264, 3221, 2604, 2154, 2170, 1258, 1413, 948, 1864, 428, 1083, 2989, 1424, 1975, 1945, 894, 3489, 578, 2776, 3134, 1279, 3411, 2550, 2174, 1229, 1938, 534, 1386, 1278, 158, 2207, 870, 3294, 2517, 1993, 2080, 2151, 2328, 492, 1209, 2309, 1936, 2358, 164, 2367, 2333, 3384, 3251, 2494, 1645, 562, 1345, 3452, 3223, 224, 1829, 825, 2230, 1358, 864, 3112, 1376, 1306, 2734, 3357, 789, 1023, 2552, 896, 1622, 2261, 3377, 2412, 40, 3464, 2289, 2214, 3266, 2720, 3061, 2595, 3307, 1927, 1490, 1148, 426, 344, 3487, 610]

solved select: 427 in 40660.47 seconds
iteration: 0, n requested: 427, n selected: 427, selected: [1094, 2693, 2356, 3488, 2442, 1382, 1024, 2347, 126, 1989, 3204, 868, 3370, 3468, 3441, 2327, 1900, 472, 1646, 312, 509, 1342, 1285, 2791, 431, 2336, 1873, 443, 359, 1281, 2422, 1479, 2889, 162, 2299, 446, 3178, 385, 387, 1206, 3328, 3225, 2164, 1650, 2314, 2549, 1968, 3400, 316, 1238, 1414, 1359, 381, 91, 939, 3201, 3278, 465, 549, 844, 1778, 523, 438, 2901, 2737, 2348, 440, 502, 1940, 1033, 2237, 3189, 207, 2546, 380, 3308, 952, 1982, 2010, 3385, 1298, 3330, 1898, 445, 1267, 2078, 345, 2254, 3126, 538, 900, 819, 3183, 1856, 2742, 3236, 1794, 1395, 3355, 469, 208, 53, 3450, 3196, 1632, 2187, 389, 3486, 3197, 2694, 3358, 150, 2599, 1354, 1049, 500, 2739, 2281, 456, 2871, 2031, 2664, 2584, 3206, 1949, 2205, 2227, 2706, 1372, 3345, 1015, 1388, 2723, 421, 1901, 1878, 243, 1394, 481, 848, 2301, 533, 1257, 1300, 3393, 833, 3365, 1426, 499, 520, 205, 2238, 2167, 2015, 470, 1288, 1979, 3260, 2320, 1790, 1830, 1268, 1520, 2354, 468, 528, 491, 2353, 571, 677, 507, 2337, 1523, 934, 2087, 2479, 2902, 850, 2218, 3337, 2308, 1504, 3205, 1276, 1482, 3397, 2497, 2043, 378, 334, 3227, 3479, 2869, 409, 1810, 2005, 282, 2162, 1941, 3181, 839, 591, 906, 3399, 452, 863, 2531, 3352, 479, 2379, 3193, 1882, 3124, 1428, 444, 1952, 2897, 2712, 3383, 3160, 2763, 1488, 606, 2732, 1899, 2325, 514, 106, 1228, 508, 1074, 190, 179, 1289, 1420, 2285, 2682, 3215, 488, 1823, 1980, 2247, 883, 490, 2269, 1795, 1793, 1307, 903, 3446, 161, 3430, 2184, 792, 3252, 2196, 2219, 2603, 623, 2125, 2821, 3175, 461, 1988, 1062, 483, 667, 2631, 2296, 1254, 3317, 417, 1357, 477, 29, 2331, 2081, 1892, 1380, 2262, 2453, 3401, 1905, 2018, 2405, 2726, 998, 1970, 436, 504, 390, 269, 3241, 1752, 2676, 86, 439, 1826, 1578, 1046, 539, 2536, 449, 1392, 1365, 983, 1727, 299, 1249, 1540, 2716, 537, 2072, 2703, 3364, 750, 2555, 1308, 3169, 1832, 1875, 841, 1770, 851, 2291, 2349, 2293, 3475, 909, 198, 2875, 3090, 346, 1401, 3424, 513, 2672, 2264, 3221, 2604, 2154, 2170, 1258, 1413, 948, 1864, 428, 1083, 2989, 1424, 1975, 1945, 894, 3489, 578, 2776, 3134, 1279, 3411, 2550, 2174, 1229, 1938, 534, 1386, 1278, 158, 2207, 870, 3294, 2517, 1993, 2080, 2151, 2328, 492, 1209, 2309, 1936, 2358, 164, 2367, 2333, 3384, 3251, 2494, 1645, 562, 1345, 3452, 3223, 224, 1829, 825, 2230, 1358, 864, 3112, 1376, 1306, 2734, 3357, 789, 1023, 2552, 896, 1622, 2261, 3377, 2412, 40, 3464, 2289, 2214, 3266, 2720, 3061, 2595, 3307, 1927, 1490, 1148, 426, 344, 3487, 610, 69]

solved select: 428 in 40887.01 seconds
iteration: 0, n requested: 428, n selected: 428, selected: [1094, 2693, 2356, 3488, 2442, 1382, 1024, 2347, 126, 1989, 3204, 868, 3370, 3468, 3441, 2327, 1900, 472, 1646, 312, 509, 1342, 1285, 2791, 431, 2336, 1873, 443, 359, 1281, 2422, 1479, 2889, 162, 2299, 446, 3178, 385, 387, 1206, 3328, 3225, 2164, 1650, 2314, 2549, 1968, 3400, 316, 1238, 1414, 1359, 381, 91, 939, 3201, 3278, 465, 549, 844, 1778, 523, 438, 2901, 2737, 2348, 440, 502, 1940, 1033, 2237, 3189, 207, 2546, 380, 3308, 952, 1982, 2010, 3385, 1298, 3330, 1898, 445, 1267, 2078, 345, 2254, 3126, 538, 900, 819, 3183, 1856, 2742, 3236, 1794, 1395, 3355, 469, 208, 53, 3450, 3196, 1632, 2187, 389, 3486, 3197, 2694, 3358, 150, 2599, 1354, 1049, 500, 2739, 2281, 456, 2871, 2031, 2664, 2584, 3206, 1949, 2205, 2227, 2706, 1372, 3345, 1015, 1388, 2723, 421, 1901, 1878, 243, 1394, 481, 848, 2301, 533, 1257, 1300, 3393, 833, 3365, 1426, 499, 520, 205, 2238, 2167, 2015, 470, 1288, 1979, 3260, 2320, 1790, 1830, 1268, 1520, 2354, 468, 528, 491, 2353, 571, 677, 507, 2337, 1523, 934, 2087, 2479, 2902, 850, 2218, 3337, 2308, 1504, 3205, 1276, 1482, 3397, 2497, 2043, 378, 334, 3227, 3479, 2869, 409, 1810, 2005, 282, 2162, 1941, 3181, 839, 591, 906, 3399, 452, 863, 2531, 3352, 479, 2379, 3193, 1882, 3124, 1428, 444, 1952, 2897, 2712, 3383, 3160, 2763, 1488, 606, 2732, 1899, 2325, 514, 106, 1228, 508, 1074, 190, 179, 1289, 1420, 2285, 2682, 3215, 488, 1823, 1980, 2247, 883, 490, 2269, 1795, 1793, 1307, 903, 3446, 161, 3430, 2184, 792, 3252, 2196, 2219, 2603, 623, 2125, 2821, 3175, 461, 1988, 1062, 483, 667, 2631, 2296, 1254, 3317, 417, 1357, 477, 29, 2331, 2081, 1892, 1380, 2262, 2453, 3401, 1905, 2018, 2405, 2726, 998, 1970, 436, 504, 390, 269, 3241, 1752, 2676, 86, 439, 1826, 1578, 1046, 539, 2536, 449, 1392, 1365, 983, 1727, 299, 1249, 1540, 2716, 537, 2072, 2703, 3364, 750, 2555, 1308, 3169, 1832, 1875, 841, 1770, 851, 2291, 2349, 2293, 3475, 909, 198, 2875, 3090, 346, 1401, 3424, 513, 2672, 2264, 3221, 2604, 2154, 2170, 1258, 1413, 948, 1864, 428, 1083, 2989, 1424, 1975, 1945, 894, 3489, 578, 2776, 3134, 1279, 3411, 2550, 2174, 1229, 1938, 534, 1386, 1278, 158, 2207, 870, 3294, 2517, 1993, 2080, 2151, 2328, 492, 1209, 2309, 1936, 2358, 164, 2367, 2333, 3384, 3251, 2494, 1645, 562, 1345, 3452, 3223, 224, 1829, 825, 2230, 1358, 864, 3112, 1376, 1306, 2734, 3357, 789, 1023, 2552, 896, 1622, 2261, 3377, 2412, 40, 3464, 2289, 2214, 3266, 2720, 3061, 2595, 3307, 1927, 1490, 1148, 426, 344, 3487, 610, 69, 474]

solved select: 429 in 41113.57 seconds
iteration: 0, n requested: 429, n selected: 429, selected: [1094, 2693, 2356, 3488, 2442, 1382, 1024, 2347, 126, 1989, 3204, 868, 3370, 3468, 3441, 2327, 1900, 472, 1646, 312, 509, 1342, 1285, 2791, 431, 2336, 1873, 443, 359, 1281, 2422, 1479, 2889, 162, 2299, 446, 3178, 385, 387, 1206, 3328, 3225, 2164, 1650, 2314, 2549, 1968, 3400, 316, 1238, 1414, 1359, 381, 91, 939, 3201, 3278, 465, 549, 844, 1778, 523, 438, 2901, 2737, 2348, 440, 502, 1940, 1033, 2237, 3189, 207, 2546, 380, 3308, 952, 1982, 2010, 3385, 1298, 3330, 1898, 445, 1267, 2078, 345, 2254, 3126, 538, 900, 819, 3183, 1856, 2742, 3236, 1794, 1395, 3355, 469, 208, 53, 3450, 3196, 1632, 2187, 389, 3486, 3197, 2694, 3358, 150, 2599, 1354, 1049, 500, 2739, 2281, 456, 2871, 2031, 2664, 2584, 3206, 1949, 2205, 2227, 2706, 1372, 3345, 1015, 1388, 2723, 421, 1901, 1878, 243, 1394, 481, 848, 2301, 533, 1257, 1300, 3393, 833, 3365, 1426, 499, 520, 205, 2238, 2167, 2015, 470, 1288, 1979, 3260, 2320, 1790, 1830, 1268, 1520, 2354, 468, 528, 491, 2353, 571, 677, 507, 2337, 1523, 934, 2087, 2479, 2902, 850, 2218, 3337, 2308, 1504, 3205, 1276, 1482, 3397, 2497, 2043, 378, 334, 3227, 3479, 2869, 409, 1810, 2005, 282, 2162, 1941, 3181, 839, 591, 906, 3399, 452, 863, 2531, 3352, 479, 2379, 3193, 1882, 3124, 1428, 444, 1952, 2897, 2712, 3383, 3160, 2763, 1488, 606, 2732, 1899, 2325, 514, 106, 1228, 508, 1074, 190, 179, 1289, 1420, 2285, 2682, 3215, 488, 1823, 1980, 2247, 883, 490, 2269, 1795, 1793, 1307, 903, 3446, 161, 3430, 2184, 792, 3252, 2196, 2219, 2603, 623, 2125, 2821, 3175, 461, 1988, 1062, 483, 667, 2631, 2296, 1254, 3317, 417, 1357, 477, 29, 2331, 2081, 1892, 1380, 2262, 2453, 3401, 1905, 2018, 2405, 2726, 998, 1970, 436, 504, 390, 269, 3241, 1752, 2676, 86, 439, 1826, 1578, 1046, 539, 2536, 449, 1392, 1365, 983, 1727, 299, 1249, 1540, 2716, 537, 2072, 2703, 3364, 750, 2555, 1308, 3169, 1832, 1875, 841, 1770, 851, 2291, 2349, 2293, 3475, 909, 198, 2875, 3090, 346, 1401, 3424, 513, 2672, 2264, 3221, 2604, 2154, 2170, 1258, 1413, 948, 1864, 428, 1083, 2989, 1424, 1975, 1945, 894, 3489, 578, 2776, 3134, 1279, 3411, 2550, 2174, 1229, 1938, 534, 1386, 1278, 158, 2207, 870, 3294, 2517, 1993, 2080, 2151, 2328, 492, 1209, 2309, 1936, 2358, 164, 2367, 2333, 3384, 3251, 2494, 1645, 562, 1345, 3452, 3223, 224, 1829, 825, 2230, 1358, 864, 3112, 1376, 1306, 2734, 3357, 789, 1023, 2552, 896, 1622, 2261, 3377, 2412, 40, 3464, 2289, 2214, 3266, 2720, 3061, 2595, 3307, 1927, 1490, 1148, 426, 344, 3487, 610, 69, 474, 3192]

solved select: 430 in 41344.99 seconds
iteration: 0, n requested: 430, n selected: 430, selected: [1094, 2693, 2356, 3488, 2442, 1382, 1024, 2347, 126, 1989, 3204, 868, 3370, 3468, 3441, 2327, 1900, 472, 1646, 312, 509, 1342, 1285, 2791, 431, 2336, 1873, 443, 359, 1281, 2422, 1479, 2889, 162, 2299, 446, 3178, 385, 387, 1206, 3328, 3225, 2164, 1650, 2314, 2549, 1968, 3400, 316, 1238, 1414, 1359, 381, 91, 939, 3201, 3278, 465, 549, 844, 1778, 523, 438, 2901, 2737, 2348, 440, 502, 1940, 1033, 2237, 3189, 207, 2546, 380, 3308, 952, 1982, 2010, 3385, 1298, 3330, 1898, 445, 1267, 2078, 345, 2254, 3126, 538, 900, 819, 3183, 1856, 2742, 3236, 1794, 1395, 3355, 469, 208, 53, 3450, 3196, 1632, 2187, 389, 3486, 3197, 2694, 3358, 150, 2599, 1354, 1049, 500, 2739, 2281, 456, 2871, 2031, 2664, 2584, 3206, 1949, 2205, 2227, 2706, 1372, 3345, 1015, 1388, 2723, 421, 1901, 1878, 243, 1394, 481, 848, 2301, 533, 1257, 1300, 3393, 833, 3365, 1426, 499, 520, 205, 2238, 2167, 2015, 470, 1288, 1979, 3260, 2320, 1790, 1830, 1268, 1520, 2354, 468, 528, 491, 2353, 571, 677, 507, 2337, 1523, 934, 2087, 2479, 2902, 850, 2218, 3337, 2308, 1504, 3205, 1276, 1482, 3397, 2497, 2043, 378, 334, 3227, 3479, 2869, 409, 1810, 2005, 282, 2162, 1941, 3181, 839, 591, 906, 3399, 452, 863, 2531, 3352, 479, 2379, 3193, 1882, 3124, 1428, 444, 1952, 2897, 2712, 3383, 3160, 2763, 1488, 606, 2732, 1899, 2325, 514, 106, 1228, 508, 1074, 190, 179, 1289, 1420, 2285, 2682, 3215, 488, 1823, 1980, 2247, 883, 490, 2269, 1795, 1793, 1307, 903, 3446, 161, 3430, 2184, 792, 3252, 2196, 2219, 2603, 623, 2125, 2821, 3175, 461, 1988, 1062, 483, 667, 2631, 2296, 1254, 3317, 417, 1357, 477, 29, 2331, 2081, 1892, 1380, 2262, 2453, 3401, 1905, 2018, 2405, 2726, 998, 1970, 436, 504, 390, 269, 3241, 1752, 2676, 86, 439, 1826, 1578, 1046, 539, 2536, 449, 1392, 1365, 983, 1727, 299, 1249, 1540, 2716, 537, 2072, 2703, 3364, 750, 2555, 1308, 3169, 1832, 1875, 841, 1770, 851, 2291, 2349, 2293, 3475, 909, 198, 2875, 3090, 346, 1401, 3424, 513, 2672, 2264, 3221, 2604, 2154, 2170, 1258, 1413, 948, 1864, 428, 1083, 2989, 1424, 1975, 1945, 894, 3489, 578, 2776, 3134, 1279, 3411, 2550, 2174, 1229, 1938, 534, 1386, 1278, 158, 2207, 870, 3294, 2517, 1993, 2080, 2151, 2328, 492, 1209, 2309, 1936, 2358, 164, 2367, 2333, 3384, 3251, 2494, 1645, 562, 1345, 3452, 3223, 224, 1829, 825, 2230, 1358, 864, 3112, 1376, 1306, 2734, 3357, 789, 1023, 2552, 896, 1622, 2261, 3377, 2412, 40, 3464, 2289, 2214, 3266, 2720, 3061, 2595, 3307, 1927, 1490, 1148, 426, 344, 3487, 610, 69, 474, 3192, 877]

solved select: 431 in 41574.08 seconds
iteration: 0, n requested: 431, n selected: 431, selected: [1094, 2693, 2356, 3488, 2442, 1382, 1024, 2347, 126, 1989, 3204, 868, 3370, 3468, 3441, 2327, 1900, 472, 1646, 312, 509, 1342, 1285, 2791, 431, 2336, 1873, 443, 359, 1281, 2422, 1479, 2889, 162, 2299, 446, 3178, 385, 387, 1206, 3328, 3225, 2164, 1650, 2314, 2549, 1968, 3400, 316, 1238, 1414, 1359, 381, 91, 939, 3201, 3278, 465, 549, 844, 1778, 523, 438, 2901, 2737, 2348, 440, 502, 1940, 1033, 2237, 3189, 207, 2546, 380, 3308, 952, 1982, 2010, 3385, 1298, 3330, 1898, 445, 1267, 2078, 345, 2254, 3126, 538, 900, 819, 3183, 1856, 2742, 3236, 1794, 1395, 3355, 469, 208, 53, 3450, 3196, 1632, 2187, 389, 3486, 3197, 2694, 3358, 150, 2599, 1354, 1049, 500, 2739, 2281, 456, 2871, 2031, 2664, 2584, 3206, 1949, 2205, 2227, 2706, 1372, 3345, 1015, 1388, 2723, 421, 1901, 1878, 243, 1394, 481, 848, 2301, 533, 1257, 1300, 3393, 833, 3365, 1426, 499, 520, 205, 2238, 2167, 2015, 470, 1288, 1979, 3260, 2320, 1790, 1830, 1268, 1520, 2354, 468, 528, 491, 2353, 571, 677, 507, 2337, 1523, 934, 2087, 2479, 2902, 850, 2218, 3337, 2308, 1504, 3205, 1276, 1482, 3397, 2497, 2043, 378, 334, 3227, 3479, 2869, 409, 1810, 2005, 282, 2162, 1941, 3181, 839, 591, 906, 3399, 452, 863, 2531, 3352, 479, 2379, 3193, 1882, 3124, 1428, 444, 1952, 2897, 2712, 3383, 3160, 2763, 1488, 606, 2732, 1899, 2325, 514, 106, 1228, 508, 1074, 190, 179, 1289, 1420, 2285, 2682, 3215, 488, 1823, 1980, 2247, 883, 490, 2269, 1795, 1793, 1307, 903, 3446, 161, 3430, 2184, 792, 3252, 2196, 2219, 2603, 623, 2125, 2821, 3175, 461, 1988, 1062, 483, 667, 2631, 2296, 1254, 3317, 417, 1357, 477, 29, 2331, 2081, 1892, 1380, 2262, 2453, 3401, 1905, 2018, 2405, 2726, 998, 1970, 436, 504, 390, 269, 3241, 1752, 2676, 86, 439, 1826, 1578, 1046, 539, 2536, 449, 1392, 1365, 983, 1727, 299, 1249, 1540, 2716, 537, 2072, 2703, 3364, 750, 2555, 1308, 3169, 1832, 1875, 841, 1770, 851, 2291, 2349, 2293, 3475, 909, 198, 2875, 3090, 346, 1401, 3424, 513, 2672, 2264, 3221, 2604, 2154, 2170, 1258, 1413, 948, 1864, 428, 1083, 2989, 1424, 1975, 1945, 894, 3489, 578, 2776, 3134, 1279, 3411, 2550, 2174, 1229, 1938, 534, 1386, 1278, 158, 2207, 870, 3294, 2517, 1993, 2080, 2151, 2328, 492, 1209, 2309, 1936, 2358, 164, 2367, 2333, 3384, 3251, 2494, 1645, 562, 1345, 3452, 3223, 224, 1829, 825, 2230, 1358, 864, 3112, 1376, 1306, 2734, 3357, 789, 1023, 2552, 896, 1622, 2261, 3377, 2412, 40, 3464, 2289, 2214, 3266, 2720, 3061, 2595, 3307, 1927, 1490, 1148, 426, 344, 3487, 610, 69, 474, 3192, 877, 1389]

solved select: 432 in 41805.50 seconds
iteration: 0, n requested: 432, n selected: 432, selected: [1094, 2693, 2356, 3488, 2442, 1382, 1024, 2347, 126, 1989, 3204, 868, 3370, 3468, 3441, 2327, 1900, 472, 1646, 312, 509, 1342, 1285, 2791, 431, 2336, 1873, 443, 359, 1281, 2422, 1479, 2889, 162, 2299, 446, 3178, 385, 387, 1206, 3328, 3225, 2164, 1650, 2314, 2549, 1968, 3400, 316, 1238, 1414, 1359, 381, 91, 939, 3201, 3278, 465, 549, 844, 1778, 523, 438, 2901, 2737, 2348, 440, 502, 1940, 1033, 2237, 3189, 207, 2546, 380, 3308, 952, 1982, 2010, 3385, 1298, 3330, 1898, 445, 1267, 2078, 345, 2254, 3126, 538, 900, 819, 3183, 1856, 2742, 3236, 1794, 1395, 3355, 469, 208, 53, 3450, 3196, 1632, 2187, 389, 3486, 3197, 2694, 3358, 150, 2599, 1354, 1049, 500, 2739, 2281, 456, 2871, 2031, 2664, 2584, 3206, 1949, 2205, 2227, 2706, 1372, 3345, 1015, 1388, 2723, 421, 1901, 1878, 243, 1394, 481, 848, 2301, 533, 1257, 1300, 3393, 833, 3365, 1426, 499, 520, 205, 2238, 2167, 2015, 470, 1288, 1979, 3260, 2320, 1790, 1830, 1268, 1520, 2354, 468, 528, 491, 2353, 571, 677, 507, 2337, 1523, 934, 2087, 2479, 2902, 850, 2218, 3337, 2308, 1504, 3205, 1276, 1482, 3397, 2497, 2043, 378, 334, 3227, 3479, 2869, 409, 1810, 2005, 282, 2162, 1941, 3181, 839, 591, 906, 3399, 452, 863, 2531, 3352, 479, 2379, 3193, 1882, 3124, 1428, 444, 1952, 2897, 2712, 3383, 3160, 2763, 1488, 606, 2732, 1899, 2325, 514, 106, 1228, 508, 1074, 190, 179, 1289, 1420, 2285, 2682, 3215, 488, 1823, 1980, 2247, 883, 490, 2269, 1795, 1793, 1307, 903, 3446, 161, 3430, 2184, 792, 3252, 2196, 2219, 2603, 623, 2125, 2821, 3175, 461, 1988, 1062, 483, 667, 2631, 2296, 1254, 3317, 417, 1357, 477, 29, 2331, 2081, 1892, 1380, 2262, 2453, 3401, 1905, 2018, 2405, 2726, 998, 1970, 436, 504, 390, 269, 3241, 1752, 2676, 86, 439, 1826, 1578, 1046, 539, 2536, 449, 1392, 1365, 983, 1727, 299, 1249, 1540, 2716, 537, 2072, 2703, 3364, 750, 2555, 1308, 3169, 1832, 1875, 841, 1770, 851, 2291, 2349, 2293, 3475, 909, 198, 2875, 3090, 346, 1401, 3424, 513, 2672, 2264, 3221, 2604, 2154, 2170, 1258, 1413, 948, 1864, 428, 1083, 2989, 1424, 1975, 1945, 894, 3489, 578, 2776, 3134, 1279, 3411, 2550, 2174, 1229, 1938, 534, 1386, 1278, 158, 2207, 870, 3294, 2517, 1993, 2080, 2151, 2328, 492, 1209, 2309, 1936, 2358, 164, 2367, 2333, 3384, 3251, 2494, 1645, 562, 1345, 3452, 3223, 224, 1829, 825, 2230, 1358, 864, 3112, 1376, 1306, 2734, 3357, 789, 1023, 2552, 896, 1622, 2261, 3377, 2412, 40, 3464, 2289, 2214, 3266, 2720, 3061, 2595, 3307, 1927, 1490, 1148, 426, 344, 3487, 610, 69, 474, 3192, 877, 1389, 156]

solved select: 433 in 42036.37 seconds
iteration: 0, n requested: 433, n selected: 433, selected: [1094, 2693, 2356, 3488, 2442, 1382, 1024, 2347, 126, 1989, 3204, 868, 3370, 3468, 3441, 2327, 1900, 472, 1646, 312, 509, 1342, 1285, 2791, 431, 2336, 1873, 443, 359, 1281, 2422, 1479, 2889, 162, 2299, 446, 3178, 385, 387, 1206, 3328, 3225, 2164, 1650, 2314, 2549, 1968, 3400, 316, 1238, 1414, 1359, 381, 91, 939, 3201, 3278, 465, 549, 844, 1778, 523, 438, 2901, 2737, 2348, 440, 502, 1940, 1033, 2237, 3189, 207, 2546, 380, 3308, 952, 1982, 2010, 3385, 1298, 3330, 1898, 445, 1267, 2078, 345, 2254, 3126, 538, 900, 819, 3183, 1856, 2742, 3236, 1794, 1395, 3355, 469, 208, 53, 3450, 3196, 1632, 2187, 389, 3486, 3197, 2694, 3358, 150, 2599, 1354, 1049, 500, 2739, 2281, 456, 2871, 2031, 2664, 2584, 3206, 1949, 2205, 2227, 2706, 1372, 3345, 1015, 1388, 2723, 421, 1901, 1878, 243, 1394, 481, 848, 2301, 533, 1257, 1300, 3393, 833, 3365, 1426, 499, 520, 205, 2238, 2167, 2015, 470, 1288, 1979, 3260, 2320, 1790, 1830, 1268, 1520, 2354, 468, 528, 491, 2353, 571, 677, 507, 2337, 1523, 934, 2087, 2479, 2902, 850, 2218, 3337, 2308, 1504, 3205, 1276, 1482, 3397, 2497, 2043, 378, 334, 3227, 3479, 2869, 409, 1810, 2005, 282, 2162, 1941, 3181, 839, 591, 906, 3399, 452, 863, 2531, 3352, 479, 2379, 3193, 1882, 3124, 1428, 444, 1952, 2897, 2712, 3383, 3160, 2763, 1488, 606, 2732, 1899, 2325, 514, 106, 1228, 508, 1074, 190, 179, 1289, 1420, 2285, 2682, 3215, 488, 1823, 1980, 2247, 883, 490, 2269, 1795, 1793, 1307, 903, 3446, 161, 3430, 2184, 792, 3252, 2196, 2219, 2603, 623, 2125, 2821, 3175, 461, 1988, 1062, 483, 667, 2631, 2296, 1254, 3317, 417, 1357, 477, 29, 2331, 2081, 1892, 1380, 2262, 2453, 3401, 1905, 2018, 2405, 2726, 998, 1970, 436, 504, 390, 269, 3241, 1752, 2676, 86, 439, 1826, 1578, 1046, 539, 2536, 449, 1392, 1365, 983, 1727, 299, 1249, 1540, 2716, 537, 2072, 2703, 3364, 750, 2555, 1308, 3169, 1832, 1875, 841, 1770, 851, 2291, 2349, 2293, 3475, 909, 198, 2875, 3090, 346, 1401, 3424, 513, 2672, 2264, 3221, 2604, 2154, 2170, 1258, 1413, 948, 1864, 428, 1083, 2989, 1424, 1975, 1945, 894, 3489, 578, 2776, 3134, 1279, 3411, 2550, 2174, 1229, 1938, 534, 1386, 1278, 158, 2207, 870, 3294, 2517, 1993, 2080, 2151, 2328, 492, 1209, 2309, 1936, 2358, 164, 2367, 2333, 3384, 3251, 2494, 1645, 562, 1345, 3452, 3223, 224, 1829, 825, 2230, 1358, 864, 3112, 1376, 1306, 2734, 3357, 789, 1023, 2552, 896, 1622, 2261, 3377, 2412, 40, 3464, 2289, 2214, 3266, 2720, 3061, 2595, 3307, 1927, 1490, 1148, 426, 344, 3487, 610, 69, 474, 3192, 877, 1389, 156, 2329]

solved select: 434 in 42257.78 seconds
iteration: 0, n requested: 434, n selected: 434, selected: [1094, 2693, 2356, 3488, 2442, 1382, 1024, 2347, 126, 1989, 3204, 868, 3370, 3468, 3441, 2327, 1900, 472, 1646, 312, 509, 1342, 1285, 2791, 431, 2336, 1873, 443, 359, 1281, 2422, 1479, 2889, 162, 2299, 446, 3178, 385, 387, 1206, 3328, 3225, 2164, 1650, 2314, 2549, 1968, 3400, 316, 1238, 1414, 1359, 381, 91, 939, 3201, 3278, 465, 549, 844, 1778, 523, 438, 2901, 2737, 2348, 440, 502, 1940, 1033, 2237, 3189, 207, 2546, 380, 3308, 952, 1982, 2010, 3385, 1298, 3330, 1898, 445, 1267, 2078, 345, 2254, 3126, 538, 900, 819, 3183, 1856, 2742, 3236, 1794, 1395, 3355, 469, 208, 53, 3450, 3196, 1632, 2187, 389, 3486, 3197, 2694, 3358, 150, 2599, 1354, 1049, 500, 2739, 2281, 456, 2871, 2031, 2664, 2584, 3206, 1949, 2205, 2227, 2706, 1372, 3345, 1015, 1388, 2723, 421, 1901, 1878, 243, 1394, 481, 848, 2301, 533, 1257, 1300, 3393, 833, 3365, 1426, 499, 520, 205, 2238, 2167, 2015, 470, 1288, 1979, 3260, 2320, 1790, 1830, 1268, 1520, 2354, 468, 528, 491, 2353, 571, 677, 507, 2337, 1523, 934, 2087, 2479, 2902, 850, 2218, 3337, 2308, 1504, 3205, 1276, 1482, 3397, 2497, 2043, 378, 334, 3227, 3479, 2869, 409, 1810, 2005, 282, 2162, 1941, 3181, 839, 591, 906, 3399, 452, 863, 2531, 3352, 479, 2379, 3193, 1882, 3124, 1428, 444, 1952, 2897, 2712, 3383, 3160, 2763, 1488, 606, 2732, 1899, 2325, 514, 106, 1228, 508, 1074, 190, 179, 1289, 1420, 2285, 2682, 3215, 488, 1823, 1980, 2247, 883, 490, 2269, 1795, 1793, 1307, 903, 3446, 161, 3430, 2184, 792, 3252, 2196, 2219, 2603, 623, 2125, 2821, 3175, 461, 1988, 1062, 483, 667, 2631, 2296, 1254, 3317, 417, 1357, 477, 29, 2331, 2081, 1892, 1380, 2262, 2453, 3401, 1905, 2018, 2405, 2726, 998, 1970, 436, 504, 390, 269, 3241, 1752, 2676, 86, 439, 1826, 1578, 1046, 539, 2536, 449, 1392, 1365, 983, 1727, 299, 1249, 1540, 2716, 537, 2072, 2703, 3364, 750, 2555, 1308, 3169, 1832, 1875, 841, 1770, 851, 2291, 2349, 2293, 3475, 909, 198, 2875, 3090, 346, 1401, 3424, 513, 2672, 2264, 3221, 2604, 2154, 2170, 1258, 1413, 948, 1864, 428, 1083, 2989, 1424, 1975, 1945, 894, 3489, 578, 2776, 3134, 1279, 3411, 2550, 2174, 1229, 1938, 534, 1386, 1278, 158, 2207, 870, 3294, 2517, 1993, 2080, 2151, 2328, 492, 1209, 2309, 1936, 2358, 164, 2367, 2333, 3384, 3251, 2494, 1645, 562, 1345, 3452, 3223, 224, 1829, 825, 2230, 1358, 864, 3112, 1376, 1306, 2734, 3357, 789, 1023, 2552, 896, 1622, 2261, 3377, 2412, 40, 3464, 2289, 2214, 3266, 2720, 3061, 2595, 3307, 1927, 1490, 1148, 426, 344, 3487, 610, 69, 474, 3192, 877, 1389, 156, 2329, 943]

solved select: 435 in 42483.45 seconds
iteration: 0, n requested: 435, n selected: 435, selected: [1094, 2693, 2356, 3488, 2442, 1382, 1024, 2347, 126, 1989, 3204, 868, 3370, 3468, 3441, 2327, 1900, 472, 1646, 312, 509, 1342, 1285, 2791, 431, 2336, 1873, 443, 359, 1281, 2422, 1479, 2889, 162, 2299, 446, 3178, 385, 387, 1206, 3328, 3225, 2164, 1650, 2314, 2549, 1968, 3400, 316, 1238, 1414, 1359, 381, 91, 939, 3201, 3278, 465, 549, 844, 1778, 523, 438, 2901, 2737, 2348, 440, 502, 1940, 1033, 2237, 3189, 207, 2546, 380, 3308, 952, 1982, 2010, 3385, 1298, 3330, 1898, 445, 1267, 2078, 345, 2254, 3126, 538, 900, 819, 3183, 1856, 2742, 3236, 1794, 1395, 3355, 469, 208, 53, 3450, 3196, 1632, 2187, 389, 3486, 3197, 2694, 3358, 150, 2599, 1354, 1049, 500, 2739, 2281, 456, 2871, 2031, 2664, 2584, 3206, 1949, 2205, 2227, 2706, 1372, 3345, 1015, 1388, 2723, 421, 1901, 1878, 243, 1394, 481, 848, 2301, 533, 1257, 1300, 3393, 833, 3365, 1426, 499, 520, 205, 2238, 2167, 2015, 470, 1288, 1979, 3260, 2320, 1790, 1830, 1268, 1520, 2354, 468, 528, 491, 2353, 571, 677, 507, 2337, 1523, 934, 2087, 2479, 2902, 850, 2218, 3337, 2308, 1504, 3205, 1276, 1482, 3397, 2497, 2043, 378, 334, 3227, 3479, 2869, 409, 1810, 2005, 282, 2162, 1941, 3181, 839, 591, 906, 3399, 452, 863, 2531, 3352, 479, 2379, 3193, 1882, 3124, 1428, 444, 1952, 2897, 2712, 3383, 3160, 2763, 1488, 606, 2732, 1899, 2325, 514, 106, 1228, 508, 1074, 190, 179, 1289, 1420, 2285, 2682, 3215, 488, 1823, 1980, 2247, 883, 490, 2269, 1795, 1793, 1307, 903, 3446, 161, 3430, 2184, 792, 3252, 2196, 2219, 2603, 623, 2125, 2821, 3175, 461, 1988, 1062, 483, 667, 2631, 2296, 1254, 3317, 417, 1357, 477, 29, 2331, 2081, 1892, 1380, 2262, 2453, 3401, 1905, 2018, 2405, 2726, 998, 1970, 436, 504, 390, 269, 3241, 1752, 2676, 86, 439, 1826, 1578, 1046, 539, 2536, 449, 1392, 1365, 983, 1727, 299, 1249, 1540, 2716, 537, 2072, 2703, 3364, 750, 2555, 1308, 3169, 1832, 1875, 841, 1770, 851, 2291, 2349, 2293, 3475, 909, 198, 2875, 3090, 346, 1401, 3424, 513, 2672, 2264, 3221, 2604, 2154, 2170, 1258, 1413, 948, 1864, 428, 1083, 2989, 1424, 1975, 1945, 894, 3489, 578, 2776, 3134, 1279, 3411, 2550, 2174, 1229, 1938, 534, 1386, 1278, 158, 2207, 870, 3294, 2517, 1993, 2080, 2151, 2328, 492, 1209, 2309, 1936, 2358, 164, 2367, 2333, 3384, 3251, 2494, 1645, 562, 1345, 3452, 3223, 224, 1829, 825, 2230, 1358, 864, 3112, 1376, 1306, 2734, 3357, 789, 1023, 2552, 896, 1622, 2261, 3377, 2412, 40, 3464, 2289, 2214, 3266, 2720, 3061, 2595, 3307, 1927, 1490, 1148, 426, 344, 3487, 610, 69, 474, 3192, 877, 1389, 156, 2329, 943, 3321]

solved select: 436 in 42653.51 seconds
iteration: 0, n requested: 436, n selected: 435, selected: [1094, 2693, 2356, 3488, 2442, 1382, 1024, 2347, 126, 1989, 3204, 868, 3370, 3468, 3441, 2327, 1900, 472, 1646, 509, 1342, 1285, 2791, 431, 2336, 1873, 443, 359, 1281, 2422, 1479, 2889, 162, 2299, 446, 3178, 385, 387, 1206, 3328, 3225, 2164, 1650, 2314, 2549, 1968, 3400, 480, 1238, 1414, 1359, 381, 91, 939, 3201, 3278, 465, 549, 844, 1778, 523, 438, 2901, 2737, 2348, 440, 502, 1940, 1033, 2237, 3189, 207, 2546, 380, 3308, 952, 1982, 2010, 3385, 1298, 3330, 1898, 445, 1267, 2078, 345, 2254, 3126, 538, 900, 819, 3183, 1856, 2742, 3236, 1794, 1395, 3355, 469, 208, 53, 3450, 3196, 1632, 2187, 389, 3486, 3197, 2694, 3358, 150, 2599, 1354, 1049, 500, 2739, 2281, 456, 2871, 2031, 2664, 2584, 3206, 1949, 2205, 2227, 2706, 1372, 3345, 1015, 1388, 2723, 421, 1901, 1878, 243, 1394, 481, 848, 2301, 533, 1257, 1300, 3393, 833, 3365, 1426, 499, 520, 205, 2238, 2167, 2015, 470, 1288, 1979, 3260, 2320, 1790, 1830, 1268, 1520, 2354, 468, 528, 491, 2353, 571, 677, 507, 2337, 1523, 934, 2087, 2479, 2902, 850, 2218, 3337, 2308, 1504, 3205, 1276, 1482, 3397, 2497, 2043, 378, 334, 3227, 3479, 2869, 409, 1810, 2005, 282, 2162, 1941, 3181, 839, 591, 906, 3399, 452, 863, 2531, 3352, 479, 2379, 3193, 1882, 3124, 1428, 444, 1952, 2897, 2712, 3383, 3160, 2763, 1488, 606, 2732, 1899, 2325, 514, 106, 1228, 508, 1074, 190, 179, 1289, 1420, 2285, 2682, 3215, 488, 1823, 1980, 2247, 883, 490, 2269, 1795, 1793, 1307, 903, 3446, 161, 3430, 2184, 792, 3252, 2196, 2219, 2603, 623, 2125, 2821, 3175, 461, 1988, 1062, 483, 667, 2631, 2296, 1254, 3317, 417, 1357, 477, 29, 2331, 2081, 1892, 1380, 2262, 2453, 3401, 1905, 2018, 2405, 2726, 998, 1970, 436, 504, 390, 269, 3241, 1752, 2676, 86, 439, 1826, 1578, 1046, 539, 2536, 449, 1392, 1365, 983, 1727, 299, 1249, 1540, 2716, 537, 2072, 2703, 3364, 750, 2555, 1308, 3169, 1832, 1875, 841, 1770, 851, 2291, 2349, 2293, 3475, 909, 198, 2875, 3090, 346, 1401, 3424, 513, 2672, 2264, 3221, 2604, 2154, 2170, 1258, 1413, 948, 1864, 428, 1083, 2989, 1424, 1975, 1945, 894, 3489, 578, 2776, 3134, 1279, 3411, 2550, 2174, 1229, 1938, 534, 1386, 1278, 158, 2207, 870, 3294, 2517, 1993, 2080, 2151, 2328, 492, 1209, 2309, 1936, 2358, 164, 2367, 2333, 3384, 3251, 2494, 1645, 562, 1345, 3452, 3223, 224, 1829, 825, 2230, 1358, 864, 3112, 1376, 1306, 2734, 3357, 789, 1023, 2552, 896, 1622, 2261, 3377, 2412, 40, 3464, 2289, 2214, 3266, 2720, 3061, 2595, 3307, 1927, 1490, 1148, 426, 344, 3487, 610, 69, 474, 3192, 877, 1389, 156, 2329, 943, 3321, 175]

solved select: 437 in 42827.61 seconds
iteration: 0, n requested: 437, n selected: 436, selected: [1094, 2693, 2356, 3488, 2442, 1382, 1024, 2347, 126, 1989, 3204, 868, 3370, 3468, 3441, 2327, 1900, 472, 1646, 509, 1342, 1285, 2791, 431, 2336, 1873, 443, 359, 1281, 2422, 1479, 2889, 162, 2299, 446, 3178, 385, 387, 1206, 3328, 3225, 2164, 1650, 2314, 2549, 1968, 3400, 480, 1238, 1414, 1359, 381, 91, 939, 3201, 3278, 465, 549, 844, 1778, 523, 438, 2901, 2737, 2348, 440, 502, 1940, 1033, 2237, 3189, 207, 2546, 380, 3308, 952, 1982, 2010, 3385, 1298, 3330, 1898, 445, 1267, 2078, 345, 2254, 3126, 538, 900, 819, 3183, 1856, 2742, 3236, 1794, 1395, 3355, 469, 208, 53, 3450, 3196, 1632, 2187, 389, 3486, 3197, 2694, 3358, 150, 2599, 1354, 1049, 500, 2739, 2281, 456, 2871, 2031, 2664, 2584, 3206, 1949, 2205, 2227, 2706, 1372, 3345, 1015, 1388, 2723, 421, 1901, 1878, 243, 1394, 481, 848, 2301, 533, 1257, 1300, 3393, 833, 3365, 1426, 499, 520, 205, 2238, 2167, 2015, 470, 1288, 1979, 3260, 2320, 1790, 1830, 1268, 1520, 2354, 468, 528, 491, 2353, 571, 677, 507, 2337, 1523, 934, 2087, 2479, 2902, 850, 2218, 3337, 2308, 1504, 3205, 1276, 1482, 3397, 2497, 2043, 378, 334, 3227, 3479, 2869, 409, 1810, 2005, 282, 2162, 1941, 3181, 839, 591, 906, 3399, 452, 863, 2531, 3352, 479, 2379, 3193, 1882, 3124, 1428, 444, 1952, 2897, 2712, 3383, 3160, 2763, 1488, 606, 2732, 1899, 2325, 514, 106, 1228, 508, 1074, 190, 179, 1289, 1420, 2285, 2682, 3215, 488, 1823, 1980, 2247, 883, 490, 2269, 1795, 1793, 1307, 903, 3446, 161, 3430, 2184, 792, 3252, 2196, 2219, 2603, 623, 2125, 2821, 3175, 461, 1988, 1062, 483, 667, 2631, 2296, 1254, 3317, 417, 1357, 477, 29, 2331, 2081, 1892, 1380, 2262, 2453, 3401, 1905, 2018, 2405, 2726, 998, 1970, 436, 504, 390, 269, 3241, 1752, 2676, 86, 439, 1826, 1578, 1046, 539, 2536, 449, 1392, 1365, 983, 1727, 299, 1249, 1540, 2716, 537, 2072, 2703, 3364, 750, 2555, 1308, 3169, 1832, 1875, 841, 1770, 851, 2291, 2349, 2293, 3475, 909, 198, 2875, 3090, 346, 1401, 3424, 513, 2672, 2264, 3221, 2604, 2154, 2170, 1258, 1413, 948, 1864, 428, 1083, 2989, 1424, 1975, 1945, 894, 3489, 578, 2776, 3134, 1279, 3411, 2550, 2174, 1229, 1938, 534, 1386, 1278, 158, 2207, 870, 3294, 2517, 1993, 2080, 2151, 2328, 492, 1209, 2309, 1936, 2358, 164, 2367, 2333, 3384, 3251, 2494, 1645, 562, 1345, 3452, 3223, 224, 1829, 825, 2230, 1358, 864, 3112, 1376, 1306, 2734, 3357, 789, 1023, 2552, 896, 1622, 2261, 3377, 2412, 40, 3464, 2289, 2214, 3266, 2720, 3061, 2595, 3307, 1927, 1490, 1148, 426, 344, 3487, 610, 69, 474, 3192, 877, 1389, 156, 2329, 943, 3321, 175, 1918]

solved select: 438 in 42999.22 seconds
iteration: 0, n requested: 438, n selected: 437, selected: [1094, 2693, 2356, 3488, 2442, 1382, 1024, 2347, 126, 1989, 3204, 868, 3370, 3468, 3441, 2327, 1900, 472, 1646, 509, 1342, 1285, 2791, 431, 2336, 1873, 443, 359, 1281, 2422, 1479, 2889, 162, 2299, 446, 3178, 385, 387, 1206, 3328, 3225, 2164, 1650, 2314, 2549, 1968, 3400, 480, 1238, 1414, 1359, 381, 91, 939, 3201, 3278, 465, 549, 844, 1778, 523, 438, 2901, 2737, 2348, 440, 502, 1940, 1033, 2237, 3189, 207, 2546, 380, 3308, 952, 1982, 2010, 3385, 1298, 3330, 1898, 445, 1267, 2078, 345, 2254, 3126, 538, 900, 819, 3183, 1856, 2742, 3236, 1794, 1395, 3355, 469, 208, 53, 3450, 3196, 1632, 2187, 389, 3486, 3197, 2694, 3358, 150, 2599, 1354, 1049, 500, 2739, 2281, 456, 2871, 2031, 2664, 2584, 3206, 1949, 2205, 2227, 2706, 1372, 3345, 1015, 1388, 2723, 421, 1901, 1878, 243, 1394, 481, 848, 2301, 533, 1257, 1300, 3393, 833, 3365, 1426, 499, 520, 205, 2238, 2167, 2015, 470, 1288, 1979, 3260, 2320, 1790, 1830, 1268, 1520, 2354, 468, 528, 491, 2353, 571, 677, 507, 2337, 1523, 934, 2087, 2479, 2902, 850, 2218, 3337, 2308, 1504, 3205, 1276, 1482, 3397, 2497, 2043, 378, 334, 3227, 3479, 2869, 409, 1810, 2005, 282, 2162, 1941, 3181, 839, 591, 906, 3399, 452, 863, 2531, 3352, 479, 2379, 3193, 1882, 3124, 1428, 444, 1952, 2897, 2712, 3383, 3160, 2763, 1488, 606, 2732, 1899, 2325, 514, 106, 1228, 508, 1074, 190, 179, 1289, 1420, 2285, 2682, 3215, 488, 1823, 1980, 2247, 883, 490, 2269, 1795, 1793, 1307, 903, 3446, 161, 3430, 2184, 792, 3252, 2196, 2219, 2603, 623, 2125, 2821, 3175, 461, 1988, 1062, 483, 667, 2631, 2296, 1254, 3317, 417, 1357, 477, 29, 2331, 2081, 1892, 1380, 2262, 2453, 3401, 1905, 2018, 2405, 2726, 998, 1970, 436, 504, 390, 269, 3241, 1752, 2676, 86, 439, 1826, 1578, 1046, 539, 2536, 449, 1392, 1365, 983, 1727, 299, 1249, 1540, 2716, 537, 2072, 2703, 3364, 750, 2555, 1308, 3169, 1832, 1875, 841, 1770, 851, 2291, 2349, 2293, 3475, 909, 198, 2875, 3090, 346, 1401, 3424, 513, 2672, 2264, 3221, 2604, 2154, 2170, 1258, 1413, 948, 1864, 428, 1083, 2989, 1424, 1975, 1945, 894, 3489, 578, 2776, 3134, 1279, 3411, 2550, 2174, 1229, 1938, 534, 1386, 1278, 158, 2207, 870, 3294, 2517, 1993, 2080, 2151, 2328, 492, 1209, 2309, 1936, 2358, 164, 2367, 2333, 3384, 3251, 2494, 1645, 562, 1345, 3452, 3223, 224, 1829, 825, 2230, 1358, 864, 3112, 1376, 1306, 2734, 3357, 789, 1023, 2552, 896, 1622, 2261, 3377, 2412, 40, 3464, 2289, 2214, 3266, 2720, 3061, 2595, 3307, 1927, 1490, 1148, 426, 344, 3487, 610, 69, 474, 3192, 877, 1389, 156, 2329, 943, 3321, 175, 1918, 117]

solved select: 439 in 43174.77 seconds
iteration: 0, n requested: 439, n selected: 438, selected: [1094, 2693, 2356, 3488, 2442, 1382, 1024, 2347, 126, 1989, 3204, 868, 3370, 3468, 3441, 2327, 1900, 472, 1646, 509, 1342, 1285, 2791, 431, 2336, 1873, 443, 359, 1281, 2422, 1479, 2889, 162, 2299, 446, 3178, 385, 387, 1206, 3328, 3225, 2164, 1650, 2314, 2549, 1968, 3400, 480, 1238, 1414, 1359, 381, 91, 939, 3201, 3278, 465, 549, 844, 1778, 523, 438, 2901, 2737, 2348, 440, 502, 1940, 1033, 2237, 3189, 207, 2546, 380, 3308, 952, 1982, 2010, 3385, 1298, 3330, 1898, 445, 1267, 2078, 345, 2254, 3126, 538, 900, 819, 3183, 1856, 2742, 3236, 1794, 1395, 3355, 469, 208, 53, 3450, 3196, 1632, 2187, 389, 3486, 3197, 2694, 3358, 150, 2599, 1354, 1049, 500, 2739, 2281, 456, 2871, 2031, 2664, 2584, 3206, 1949, 2205, 2227, 2706, 1372, 3345, 1015, 1388, 2723, 421, 1901, 1878, 243, 1394, 481, 848, 2301, 533, 1257, 1300, 3393, 833, 3365, 1426, 499, 520, 205, 2238, 2167, 2015, 470, 1288, 1979, 3260, 2320, 1790, 1830, 1268, 1520, 2354, 468, 528, 491, 2353, 571, 677, 507, 2337, 1523, 934, 2087, 2479, 2902, 850, 2218, 3337, 2308, 1504, 3205, 1276, 1482, 3397, 2497, 2043, 378, 334, 3227, 3479, 2869, 409, 1810, 2005, 282, 2162, 1941, 3181, 839, 591, 906, 3399, 452, 863, 2531, 3352, 479, 2379, 3193, 1882, 3124, 1428, 444, 1952, 2897, 2712, 3383, 3160, 2763, 1488, 606, 2732, 1899, 2325, 514, 106, 1228, 508, 1074, 190, 179, 1289, 1420, 2285, 2682, 3215, 488, 1823, 1980, 2247, 883, 490, 2269, 1795, 1793, 1307, 903, 3446, 161, 3430, 2184, 792, 3252, 2196, 2219, 2603, 623, 2125, 2821, 3175, 461, 1988, 1062, 483, 667, 2631, 2296, 1254, 3317, 417, 1357, 477, 29, 2331, 2081, 1892, 1380, 2262, 2453, 3401, 1905, 2018, 2405, 2726, 998, 1970, 436, 504, 390, 269, 3241, 1752, 2676, 86, 439, 1826, 1578, 1046, 539, 2536, 449, 1392, 1365, 983, 1727, 299, 1249, 1540, 2716, 537, 2072, 2703, 3364, 750, 2555, 1308, 3169, 1832, 1875, 841, 1770, 851, 2291, 2349, 2293, 3475, 909, 198, 2875, 3090, 346, 1401, 3424, 513, 2672, 2264, 3221, 2604, 2154, 2170, 1258, 1413, 948, 1864, 428, 1083, 2989, 1424, 1975, 1945, 894, 3489, 578, 2776, 3134, 1279, 3411, 2550, 2174, 1229, 1938, 534, 1386, 1278, 158, 2207, 870, 3294, 2517, 1993, 2080, 2151, 2328, 492, 1209, 2309, 1936, 2358, 164, 2367, 2333, 3384, 3251, 2494, 1645, 562, 1345, 3452, 3223, 224, 1829, 825, 2230, 1358, 864, 3112, 1376, 1306, 2734, 3357, 789, 1023, 2552, 896, 1622, 2261, 3377, 2412, 40, 3464, 2289, 2214, 3266, 2720, 3061, 2595, 3307, 1927, 1490, 1148, 426, 344, 3487, 610, 69, 474, 3192, 877, 1389, 156, 2329, 943, 3321, 175, 1918, 117, 933]

solved select: 440 in 43350.02 seconds
iteration: 0, n requested: 440, n selected: 439, selected: [1094, 2693, 2356, 3488, 2442, 1382, 1024, 2347, 126, 1989, 3204, 868, 3370, 3468, 3441, 2327, 1900, 472, 1646, 509, 1342, 1285, 2791, 431, 2336, 1873, 443, 359, 1281, 2422, 1479, 2889, 162, 2299, 446, 3178, 385, 387, 1206, 3328, 3225, 2164, 1650, 2314, 2549, 1968, 3400, 480, 1238, 1414, 1359, 381, 91, 939, 3201, 3278, 465, 549, 844, 1778, 523, 438, 2901, 2737, 2348, 440, 502, 1940, 1033, 2237, 3189, 207, 2546, 380, 3308, 952, 1982, 2010, 3385, 1298, 3330, 1898, 445, 1267, 2078, 345, 2254, 3126, 538, 900, 819, 3183, 1856, 2742, 3236, 1794, 1395, 3355, 469, 208, 53, 3450, 3196, 1632, 2187, 389, 3486, 3197, 2694, 3358, 150, 2599, 1354, 1049, 500, 2739, 2281, 456, 2871, 2031, 2664, 2584, 3206, 1949, 2205, 2227, 2706, 1372, 3345, 1015, 1388, 2723, 421, 1901, 1878, 243, 1394, 481, 848, 2301, 533, 1257, 1300, 3393, 833, 3365, 1426, 499, 520, 205, 2238, 2167, 2015, 470, 1288, 1979, 3260, 2320, 1790, 1830, 1268, 1520, 2354, 468, 528, 491, 2353, 571, 677, 507, 2337, 1523, 934, 2087, 2479, 2902, 850, 2218, 3337, 2308, 1504, 3205, 1276, 1482, 3397, 2497, 2043, 378, 334, 3227, 3479, 2869, 409, 1810, 2005, 282, 2162, 1941, 3181, 839, 591, 906, 3399, 452, 863, 2531, 3352, 479, 2379, 3193, 1882, 3124, 1428, 444, 1952, 2897, 2712, 3383, 3160, 2763, 1488, 606, 2732, 1899, 2325, 514, 106, 1228, 508, 1074, 190, 179, 1289, 1420, 2285, 2682, 3215, 488, 1823, 1980, 2247, 883, 490, 2269, 1795, 1793, 1307, 903, 3446, 161, 3430, 2184, 792, 3252, 2196, 2219, 2603, 623, 2125, 2821, 3175, 461, 1988, 1062, 483, 667, 2631, 2296, 1254, 3317, 417, 1357, 477, 29, 2331, 2081, 1892, 1380, 2262, 2453, 3401, 1905, 2018, 2405, 2726, 998, 1970, 436, 504, 390, 269, 3241, 1752, 2676, 86, 439, 1826, 1578, 1046, 539, 2536, 449, 1392, 1365, 983, 1727, 299, 1249, 1540, 2716, 537, 2072, 2703, 3364, 750, 2555, 1308, 3169, 1832, 1875, 841, 1770, 851, 2291, 2349, 2293, 3475, 909, 198, 2875, 3090, 346, 1401, 3424, 513, 2672, 2264, 3221, 2604, 2154, 2170, 1258, 1413, 948, 1864, 428, 1083, 2989, 1424, 1975, 1945, 894, 3489, 578, 2776, 3134, 1279, 3411, 2550, 2174, 1229, 1938, 534, 1386, 1278, 158, 2207, 870, 3294, 2517, 1993, 2080, 2151, 2328, 492, 1209, 2309, 1936, 2358, 164, 2367, 2333, 3384, 3251, 2494, 1645, 562, 1345, 3452, 3223, 224, 1829, 825, 2230, 1358, 864, 3112, 1376, 1306, 2734, 3357, 789, 1023, 2552, 896, 1622, 2261, 3377, 2412, 40, 3464, 2289, 2214, 3266, 2720, 3061, 2595, 3307, 1927, 1490, 1148, 426, 344, 3487, 610, 69, 474, 3192, 877, 1389, 156, 2329, 943, 3321, 175, 1918, 117, 933, 1516]

solved select: 441 in 43523.60 seconds
iteration: 0, n requested: 441, n selected: 440, selected: [1094, 2693, 2356, 3488, 2442, 1382, 1024, 2347, 126, 1989, 3204, 868, 3370, 3468, 3441, 2327, 1900, 472, 1646, 509, 1342, 1285, 2791, 431, 2336, 1873, 443, 359, 1281, 2422, 1479, 2889, 162, 2299, 446, 3178, 385, 387, 1206, 3328, 3225, 2164, 1650, 2314, 2549, 1968, 3400, 480, 1238, 1414, 1359, 381, 91, 939, 3201, 3278, 465, 549, 844, 1778, 523, 438, 2901, 2737, 2348, 440, 502, 1940, 1033, 2237, 3189, 207, 2546, 380, 3308, 952, 1982, 2010, 3385, 1298, 3330, 1898, 445, 1267, 2078, 345, 2254, 3126, 538, 900, 819, 3183, 1856, 2742, 3236, 1794, 1395, 3355, 469, 208, 53, 3450, 3196, 1632, 2187, 389, 3486, 3197, 2694, 3358, 150, 2599, 1354, 1049, 500, 2739, 2281, 456, 2871, 2031, 2664, 2584, 3206, 1949, 2205, 2227, 2706, 1372, 3345, 1015, 1388, 2723, 421, 1901, 1878, 243, 1394, 481, 848, 2301, 533, 1257, 1300, 3393, 833, 3365, 1426, 499, 520, 205, 2238, 2167, 2015, 470, 1288, 1979, 3260, 2320, 1790, 1830, 1268, 1520, 2354, 468, 528, 491, 2353, 571, 677, 507, 2337, 1523, 934, 2087, 2479, 2902, 850, 2218, 3337, 2308, 1504, 3205, 1276, 1482, 3397, 2497, 2043, 378, 334, 3227, 3479, 2869, 409, 1810, 2005, 282, 2162, 1941, 3181, 839, 591, 906, 3399, 452, 863, 2531, 3352, 479, 2379, 3193, 1882, 3124, 1428, 444, 1952, 2897, 2712, 3383, 3160, 2763, 1488, 606, 2732, 1899, 2325, 514, 106, 1228, 508, 1074, 190, 179, 1289, 1420, 2285, 2682, 3215, 488, 1823, 1980, 2247, 883, 490, 2269, 1795, 1793, 1307, 903, 3446, 161, 3430, 2184, 792, 3252, 2196, 2219, 2603, 623, 2125, 2821, 3175, 461, 1988, 1062, 483, 667, 2631, 2296, 1254, 3317, 417, 1357, 477, 29, 2331, 2081, 1892, 1380, 2262, 2453, 3401, 1905, 2018, 2405, 2726, 998, 1970, 436, 504, 390, 269, 3241, 1752, 2676, 86, 439, 1826, 1578, 1046, 539, 2536, 449, 1392, 1365, 983, 1727, 299, 1249, 1540, 2716, 537, 2072, 2703, 3364, 750, 2555, 1308, 3169, 1832, 1875, 841, 1770, 851, 2291, 2349, 2293, 3475, 909, 198, 2875, 3090, 346, 1401, 3424, 513, 2672, 2264, 3221, 2604, 2154, 2170, 1258, 1413, 948, 1864, 428, 1083, 2989, 1424, 1975, 1945, 894, 3489, 578, 2776, 3134, 1279, 3411, 2550, 2174, 1229, 1938, 534, 1386, 1278, 158, 2207, 870, 3294, 2517, 1993, 2080, 2151, 2328, 492, 1209, 2309, 1936, 2358, 164, 2367, 2333, 3384, 3251, 2494, 1645, 562, 1345, 3452, 3223, 224, 1829, 825, 2230, 1358, 864, 3112, 1376, 1306, 2734, 3357, 789, 1023, 2552, 896, 1622, 2261, 3377, 2412, 40, 3464, 2289, 2214, 3266, 2720, 3061, 2595, 3307, 1927, 1490, 1148, 426, 344, 3487, 610, 69, 474, 3192, 877, 1389, 156, 2329, 943, 3321, 175, 1918, 117, 933, 1516, 1653]

solved select: 442 in 43698.15 seconds
iteration: 0, n requested: 442, n selected: 441, selected: [1094, 2693, 2356, 3488, 2442, 1382, 1024, 2347, 126, 1989, 3204, 868, 3370, 3468, 3441, 2327, 1900, 472, 1646, 509, 1342, 1285, 2791, 431, 2336, 1873, 443, 359, 1281, 2422, 1479, 2889, 162, 2299, 446, 3178, 385, 387, 1206, 3328, 3225, 2164, 1650, 2314, 2549, 1968, 3400, 480, 1238, 1414, 1359, 381, 91, 939, 3201, 3278, 465, 549, 844, 1778, 523, 438, 2901, 2737, 2348, 440, 502, 1940, 1033, 2237, 3189, 207, 2546, 380, 3308, 952, 1982, 2010, 3385, 1298, 3330, 1898, 445, 1267, 2078, 345, 2254, 3126, 538, 900, 819, 3183, 1856, 2742, 3236, 1794, 1395, 3355, 469, 208, 53, 3450, 3196, 1632, 2187, 389, 3486, 3197, 2694, 3358, 150, 2599, 1354, 1049, 500, 2739, 2281, 456, 2871, 2031, 2664, 2584, 3206, 1949, 2205, 2227, 2706, 1372, 3345, 1015, 1388, 2723, 421, 1901, 1878, 243, 1394, 481, 848, 2301, 533, 1257, 1300, 3393, 833, 3365, 1426, 499, 520, 205, 2238, 2167, 2015, 470, 1288, 1979, 3260, 2320, 1790, 1830, 1268, 1520, 2354, 468, 528, 491, 2353, 571, 677, 507, 2337, 1523, 934, 2087, 2479, 2902, 850, 2218, 3337, 2308, 1504, 3205, 1276, 1482, 3397, 2497, 2043, 378, 334, 3227, 3479, 2869, 409, 1810, 2005, 282, 2162, 1941, 3181, 839, 591, 906, 3399, 452, 863, 2531, 3352, 479, 2379, 3193, 1882, 3124, 1428, 444, 1952, 2897, 2712, 3383, 3160, 2763, 1488, 606, 2732, 1899, 2325, 514, 106, 1228, 508, 1074, 190, 179, 1289, 1420, 2285, 2682, 3215, 488, 1823, 1980, 2247, 883, 490, 2269, 1795, 1793, 1307, 903, 3446, 161, 3430, 2184, 792, 3252, 2196, 2219, 2603, 623, 2125, 2821, 3175, 461, 1988, 1062, 483, 667, 2631, 2296, 1254, 3317, 417, 1357, 477, 29, 2331, 2081, 1892, 1380, 2262, 2453, 3401, 1905, 2018, 2405, 2726, 998, 1970, 436, 504, 390, 269, 3241, 1752, 2676, 86, 439, 1826, 1578, 1046, 539, 2536, 449, 1392, 1365, 983, 1727, 299, 1249, 1540, 2716, 537, 2072, 2703, 3364, 750, 2555, 1308, 3169, 1832, 1875, 841, 1770, 851, 2291, 2349, 2293, 3475, 909, 198, 2875, 3090, 346, 1401, 3424, 513, 2672, 2264, 3221, 2604, 2154, 2170, 1258, 1413, 948, 1864, 428, 1083, 2989, 1424, 1975, 1945, 894, 3489, 578, 2776, 3134, 1279, 3411, 2550, 2174, 1229, 1938, 534, 1386, 1278, 158, 2207, 870, 3294, 2517, 1993, 2080, 2151, 2328, 492, 1209, 2309, 1936, 2358, 164, 2367, 2333, 3384, 3251, 2494, 1645, 562, 1345, 3452, 3223, 224, 1829, 825, 2230, 1358, 864, 3112, 1376, 1306, 2734, 3357, 789, 1023, 2552, 896, 1622, 2261, 3377, 2412, 40, 3464, 2289, 2214, 3266, 2720, 3061, 2595, 3307, 1927, 1490, 1148, 426, 344, 3487, 610, 69, 474, 3192, 877, 1389, 156, 2329, 943, 3321, 175, 1918, 117, 933, 1516, 1653, 1870]

solved select: 443 in 43871.95 seconds
iteration: 0, n requested: 443, n selected: 442, selected: [1094, 2693, 2356, 3488, 2442, 1382, 1024, 2347, 126, 1989, 3204, 868, 3370, 3468, 3441, 2327, 1900, 472, 1646, 509, 1342, 1285, 2791, 431, 2336, 1873, 443, 359, 1281, 2422, 1479, 2889, 162, 2299, 446, 3178, 385, 387, 1206, 3328, 3225, 2164, 1650, 2314, 2549, 1968, 3400, 480, 1238, 1414, 1359, 381, 91, 939, 3201, 3278, 465, 549, 844, 1778, 523, 438, 2901, 2737, 2348, 440, 502, 1940, 1033, 2237, 3189, 207, 2546, 380, 3308, 952, 1982, 2010, 3385, 1298, 3330, 1898, 445, 1267, 2078, 345, 2254, 3126, 538, 900, 819, 3183, 1856, 2742, 3236, 1794, 1395, 3355, 469, 208, 53, 3450, 3196, 1632, 2187, 389, 3486, 3197, 2694, 3358, 150, 2599, 1354, 1049, 500, 2739, 2281, 456, 2871, 2031, 2664, 2584, 3206, 1949, 2205, 2227, 2706, 1372, 3345, 1015, 1388, 2723, 421, 1901, 1878, 243, 1394, 481, 848, 2301, 533, 1257, 1300, 3393, 833, 3365, 1426, 499, 520, 205, 2238, 2167, 2015, 470, 1288, 1979, 3260, 2320, 1790, 1830, 1268, 1520, 2354, 468, 528, 491, 2353, 571, 677, 507, 2337, 1523, 934, 2087, 2479, 2902, 850, 2218, 3337, 2308, 1504, 3205, 1276, 1482, 3397, 2497, 2043, 378, 334, 3227, 3479, 2869, 409, 1810, 2005, 282, 2162, 1941, 3181, 839, 591, 906, 3399, 452, 863, 2531, 3352, 479, 2379, 3193, 1882, 3124, 1428, 444, 1952, 2897, 2712, 3383, 3160, 2763, 1488, 606, 2732, 1899, 2325, 514, 106, 1228, 508, 1074, 190, 179, 1289, 1420, 2285, 2682, 3215, 488, 1823, 1980, 2247, 883, 490, 2269, 1795, 1793, 1307, 903, 3446, 161, 3430, 2184, 792, 3252, 2196, 2219, 2603, 623, 2125, 2821, 3175, 461, 1988, 1062, 483, 667, 2631, 2296, 1254, 3317, 417, 1357, 477, 29, 2331, 2081, 1892, 1380, 2262, 2453, 3401, 1905, 2018, 2405, 2726, 998, 1970, 436, 504, 390, 269, 3241, 1752, 2676, 86, 439, 1826, 1578, 1046, 539, 2536, 449, 1392, 1365, 983, 1727, 299, 1249, 1540, 2716, 537, 2072, 2703, 3364, 750, 2555, 1308, 3169, 1832, 1875, 841, 1770, 851, 2291, 2349, 2293, 3475, 909, 198, 2875, 3090, 346, 1401, 3424, 513, 2672, 2264, 3221, 2604, 2154, 2170, 1258, 1413, 948, 1864, 428, 1083, 2989, 1424, 1975, 1945, 894, 3489, 578, 2776, 3134, 1279, 3411, 2550, 2174, 1229, 1938, 534, 1386, 1278, 158, 2207, 870, 3294, 2517, 1993, 2080, 2151, 2328, 492, 1209, 2309, 1936, 2358, 164, 2367, 2333, 3384, 3251, 2494, 1645, 562, 1345, 3452, 3223, 224, 1829, 825, 2230, 1358, 864, 3112, 1376, 1306, 2734, 3357, 789, 1023, 2552, 896, 1622, 2261, 3377, 2412, 40, 3464, 2289, 2214, 3266, 2720, 3061, 2595, 3307, 1927, 1490, 1148, 426, 344, 3487, 610, 69, 474, 3192, 877, 1389, 156, 2329, 943, 3321, 175, 1918, 117, 933, 1516, 1653, 1870, 2680]

solved select: 444 in 44053.57 seconds
iteration: 0, n requested: 444, n selected: 443, selected: [1094, 2693, 2356, 3488, 2442, 1382, 1024, 2347, 126, 1989, 3204, 868, 3370, 3468, 3441, 2327, 1900, 472, 1646, 509, 1342, 1285, 2791, 431, 2336, 1873, 443, 359, 1281, 2422, 1479, 2889, 162, 2299, 446, 3178, 385, 387, 1206, 3328, 3225, 2164, 1650, 2314, 2549, 1968, 3400, 480, 1238, 1414, 1359, 381, 91, 939, 3201, 3278, 465, 549, 844, 1778, 523, 438, 2901, 2737, 2348, 440, 502, 1940, 1033, 2237, 3189, 207, 2546, 380, 3308, 952, 1982, 2010, 3385, 1298, 3330, 1898, 445, 1267, 2078, 345, 2254, 3126, 538, 900, 819, 3183, 1856, 2742, 3236, 1794, 1395, 3355, 469, 208, 53, 3450, 3196, 1632, 2187, 389, 3486, 3197, 2694, 3358, 150, 2599, 1354, 1049, 500, 2739, 2281, 456, 2871, 2031, 2664, 2584, 3206, 1949, 2205, 2227, 2706, 1372, 3345, 1015, 1388, 2723, 421, 1901, 1878, 243, 1394, 481, 848, 2301, 533, 1257, 1300, 3393, 833, 3365, 1426, 499, 520, 205, 2238, 2167, 2015, 470, 1288, 1979, 3260, 2320, 1790, 1830, 1268, 1520, 2354, 468, 528, 491, 2353, 571, 677, 507, 2337, 1523, 934, 2087, 2479, 2902, 850, 2218, 3337, 2308, 1504, 3205, 1276, 1482, 3397, 2497, 2043, 378, 334, 3227, 3479, 2869, 409, 1810, 2005, 282, 2162, 1941, 3181, 839, 591, 906, 3399, 452, 863, 2531, 3352, 479, 2379, 3193, 1882, 3124, 1428, 444, 1952, 2897, 2712, 3383, 3160, 2763, 1488, 606, 2732, 1899, 2325, 514, 106, 1228, 508, 1074, 190, 179, 1289, 1420, 2285, 2682, 3215, 488, 1823, 1980, 2247, 883, 490, 2269, 1795, 1793, 1307, 903, 3446, 161, 3430, 2184, 792, 3252, 2196, 2219, 2603, 623, 2125, 2821, 3175, 461, 1988, 1062, 483, 667, 2631, 2296, 1254, 3317, 417, 1357, 477, 29, 2331, 2081, 1892, 1380, 2262, 2453, 3401, 1905, 2018, 2405, 2726, 998, 1970, 436, 504, 390, 269, 3241, 1752, 2676, 86, 439, 1826, 1578, 1046, 539, 2536, 449, 1392, 1365, 983, 1727, 299, 1249, 1540, 2716, 537, 2072, 2703, 3364, 750, 2555, 1308, 3169, 1832, 1875, 841, 1770, 851, 2291, 2349, 2293, 3475, 909, 198, 2875, 3090, 346, 1401, 3424, 513, 2672, 2264, 3221, 2604, 2154, 2170, 1258, 1413, 948, 1864, 428, 1083, 2989, 1424, 1975, 1945, 894, 3489, 578, 2776, 3134, 1279, 3411, 2550, 2174, 1229, 1938, 534, 1386, 1278, 158, 2207, 870, 3294, 2517, 1993, 2080, 2151, 2328, 492, 1209, 2309, 1936, 2358, 164, 2367, 2333, 3384, 3251, 2494, 1645, 562, 1345, 3452, 3223, 224, 1829, 825, 2230, 1358, 864, 3112, 1376, 1306, 2734, 3357, 789, 1023, 2552, 896, 1622, 2261, 3377, 2412, 40, 3464, 2289, 2214, 3266, 2720, 3061, 2595, 3307, 1927, 1490, 1148, 426, 344, 3487, 610, 69, 474, 3192, 877, 1389, 156, 2329, 943, 3321, 175, 1918, 117, 933, 1516, 1653, 1870, 2680, 1264]

solved select: 445 in 44236.32 seconds
iteration: 0, n requested: 445, n selected: 444, selected: [1094, 2693, 2356, 3488, 2442, 1382, 1024, 2347, 126, 1989, 3204, 868, 3370, 3468, 3441, 2327, 1900, 472, 1646, 509, 1342, 1285, 2791, 431, 2336, 1873, 443, 359, 1281, 2422, 1479, 2889, 162, 2299, 446, 3178, 385, 387, 1206, 3328, 3225, 2164, 1650, 2314, 2549, 1968, 3400, 480, 1238, 1414, 1359, 381, 91, 939, 3201, 3278, 465, 549, 844, 1778, 523, 438, 2901, 2737, 2348, 440, 502, 1940, 1033, 2237, 3189, 207, 2546, 380, 3308, 952, 1982, 2010, 3385, 1298, 3330, 1898, 445, 1267, 2078, 345, 2254, 3126, 538, 900, 819, 3183, 1856, 2742, 3236, 1794, 1395, 3355, 469, 208, 53, 3450, 3196, 1632, 2187, 389, 3486, 3197, 2694, 3358, 150, 2599, 1354, 1049, 500, 2739, 2281, 456, 2871, 2031, 2664, 2584, 3206, 1949, 2205, 2227, 2706, 1372, 3345, 1015, 1388, 2723, 421, 1901, 1878, 243, 1394, 481, 848, 2301, 533, 1257, 1300, 3393, 833, 3365, 1426, 499, 520, 205, 2238, 2167, 2015, 470, 1288, 1979, 3260, 2320, 1790, 1830, 1268, 1520, 2354, 468, 528, 491, 2353, 571, 677, 507, 2337, 1523, 934, 2087, 2479, 2902, 850, 2218, 3337, 2308, 1504, 3205, 1276, 1482, 3397, 2497, 2043, 378, 334, 3227, 3479, 2869, 409, 1810, 2005, 282, 2162, 1941, 3181, 839, 591, 906, 3399, 452, 863, 2531, 3352, 479, 2379, 3193, 1882, 3124, 1428, 444, 1952, 2897, 2712, 3383, 3160, 2763, 1488, 606, 2732, 1899, 2325, 514, 106, 1228, 508, 1074, 190, 179, 1289, 1420, 2285, 2682, 3215, 488, 1823, 1980, 2247, 883, 490, 2269, 1795, 1793, 1307, 903, 3446, 161, 3430, 2184, 792, 3252, 2196, 2219, 2603, 623, 2125, 2821, 3175, 461, 1988, 1062, 483, 667, 2631, 2296, 1254, 3317, 417, 1357, 477, 29, 2331, 2081, 1892, 1380, 2262, 2453, 3401, 1905, 2018, 2405, 2726, 998, 1970, 436, 504, 390, 269, 3241, 1752, 2676, 86, 439, 1826, 1578, 1046, 539, 2536, 449, 1392, 1365, 983, 1727, 299, 1249, 1540, 2716, 537, 2072, 2703, 3364, 750, 2555, 1308, 3169, 1832, 1875, 841, 1770, 851, 2291, 2349, 2293, 3475, 909, 198, 2875, 3090, 346, 1401, 3424, 513, 2672, 2264, 3221, 2604, 2154, 2170, 1258, 1413, 948, 1864, 428, 1083, 2989, 1424, 1975, 1945, 894, 3489, 578, 2776, 3134, 1279, 3411, 2550, 2174, 1229, 1938, 534, 1386, 1278, 158, 2207, 870, 3294, 2517, 1993, 2080, 2151, 2328, 492, 1209, 2309, 1936, 2358, 164, 2367, 2333, 3384, 3251, 2494, 1645, 562, 1345, 3452, 3223, 224, 1829, 825, 2230, 1358, 864, 3112, 1376, 1306, 2734, 3357, 789, 1023, 2552, 896, 1622, 2261, 3377, 2412, 40, 3464, 2289, 2214, 3266, 2720, 3061, 2595, 3307, 1927, 1490, 1148, 426, 344, 3487, 610, 69, 474, 3192, 877, 1389, 156, 2329, 943, 3321, 175, 1918, 117, 933, 1516, 1653, 1870, 2680, 1264, 1860]

solved select: 446 in 44412.71 seconds
iteration: 0, n requested: 446, n selected: 445, selected: [1094, 2693, 2356, 3488, 2442, 1382, 1024, 2347, 126, 1989, 3204, 868, 3370, 3468, 3441, 2327, 1900, 472, 1646, 509, 1342, 1285, 2791, 431, 2336, 1873, 443, 359, 1281, 2422, 1479, 2889, 162, 2299, 446, 3178, 385, 387, 1206, 3328, 3225, 2164, 1650, 2314, 2549, 1968, 3400, 480, 1238, 1414, 1359, 381, 91, 939, 3201, 3278, 465, 549, 844, 1778, 523, 438, 2901, 2737, 2348, 440, 502, 1940, 1033, 2237, 3189, 207, 2546, 380, 3308, 952, 1982, 2010, 3385, 1298, 3330, 1898, 445, 1267, 2078, 345, 2254, 3126, 538, 900, 819, 3183, 1856, 2742, 3236, 1794, 1395, 3355, 469, 208, 53, 3450, 3196, 1632, 2187, 389, 3486, 3197, 2694, 3358, 150, 2599, 1354, 1049, 500, 2739, 2281, 456, 2871, 2031, 2664, 2584, 3206, 1949, 2205, 2227, 2706, 1372, 3345, 1015, 1388, 2723, 421, 1901, 1878, 243, 1394, 481, 848, 2301, 533, 1257, 1300, 3393, 833, 3365, 1426, 499, 520, 205, 2238, 2167, 2015, 470, 1288, 1979, 3260, 2320, 1790, 1830, 1268, 1520, 2354, 468, 528, 491, 2353, 571, 677, 507, 2337, 1523, 934, 2087, 2479, 2902, 850, 2218, 3337, 2308, 1504, 3205, 1276, 1482, 3397, 2497, 2043, 378, 334, 3227, 3479, 2869, 409, 1810, 2005, 282, 2162, 1941, 3181, 839, 591, 906, 3399, 452, 863, 2531, 3352, 479, 2379, 3193, 1882, 3124, 1428, 444, 1952, 2897, 2712, 3383, 3160, 2763, 1488, 606, 2732, 1899, 2325, 514, 106, 1228, 508, 1074, 190, 179, 1289, 1420, 2285, 2682, 3215, 488, 1823, 1980, 2247, 883, 490, 2269, 1795, 1793, 1307, 903, 3446, 161, 3430, 2184, 792, 3252, 2196, 2219, 2603, 623, 2125, 2821, 3175, 461, 1988, 1062, 483, 667, 2631, 2296, 1254, 3317, 417, 1357, 477, 29, 2331, 2081, 1892, 1380, 2262, 2453, 3401, 1905, 2018, 2405, 2726, 998, 1970, 436, 504, 390, 269, 3241, 1752, 2676, 86, 439, 1826, 1578, 1046, 539, 2536, 449, 1392, 1365, 983, 1727, 299, 1249, 1540, 2716, 537, 2072, 2703, 3364, 750, 2555, 1308, 3169, 1832, 1875, 841, 1770, 851, 2291, 2349, 2293, 3475, 909, 198, 2875, 3090, 346, 1401, 3424, 513, 2672, 2264, 3221, 2604, 2154, 2170, 1258, 1413, 948, 1864, 428, 1083, 2989, 1424, 1975, 1945, 894, 3489, 578, 2776, 3134, 1279, 3411, 2550, 2174, 1229, 1938, 534, 1386, 1278, 158, 2207, 870, 3294, 2517, 1993, 2080, 2151, 2328, 492, 1209, 2309, 1936, 2358, 164, 2367, 2333, 3384, 3251, 2494, 1645, 562, 1345, 3452, 3223, 224, 1829, 825, 2230, 1358, 864, 3112, 1376, 1306, 2734, 3357, 789, 1023, 2552, 896, 1622, 2261, 3377, 2412, 40, 3464, 2289, 2214, 3266, 2720, 3061, 2595, 3307, 1927, 1490, 1148, 426, 344, 3487, 610, 69, 474, 3192, 877, 1389, 156, 2329, 943, 3321, 175, 1918, 117, 933, 1516, 1653, 1870, 2680, 1264, 1860, 914]

solved select: 447 in 44594.02 seconds
iteration: 0, n requested: 447, n selected: 446, selected: [1094, 2693, 2356, 3488, 2442, 1382, 1024, 2347, 126, 1989, 3204, 868, 3370, 3468, 3441, 2327, 1900, 472, 1646, 509, 1342, 1285, 2791, 431, 2336, 1873, 443, 359, 1281, 2422, 1479, 2889, 162, 2299, 446, 3178, 385, 387, 1206, 3328, 3225, 2164, 1650, 2314, 2549, 1968, 3400, 480, 1238, 1414, 1359, 381, 91, 939, 3201, 3278, 465, 549, 844, 1778, 523, 438, 2901, 2737, 2348, 440, 502, 1940, 1033, 2237, 3189, 207, 2546, 380, 3308, 952, 1982, 2010, 3385, 1298, 3330, 1898, 445, 1267, 2078, 345, 2254, 3126, 538, 900, 819, 3183, 1856, 2742, 3236, 1794, 1395, 3355, 469, 208, 53, 3450, 3196, 1632, 2187, 389, 3486, 3197, 2694, 3358, 150, 2599, 1354, 1049, 500, 2739, 2281, 456, 2871, 2031, 2664, 2584, 3206, 1949, 2205, 2227, 2706, 1372, 3345, 1015, 1388, 2723, 421, 1901, 1878, 243, 1394, 481, 848, 2301, 533, 1257, 1300, 3393, 833, 3365, 1426, 499, 520, 205, 2238, 2167, 2015, 470, 1288, 1979, 3260, 2320, 1790, 1830, 1268, 1520, 2354, 468, 528, 491, 2353, 571, 677, 507, 2337, 1523, 934, 2087, 2479, 2902, 850, 2218, 3337, 2308, 1504, 3205, 1276, 1482, 3397, 2497, 2043, 378, 334, 3227, 3479, 2869, 409, 1810, 2005, 282, 2162, 1941, 3181, 839, 591, 906, 3399, 452, 863, 2531, 3352, 479, 2379, 3193, 1882, 3124, 1428, 444, 1952, 2897, 2712, 3383, 3160, 2763, 1488, 606, 2732, 1899, 2325, 514, 106, 1228, 508, 1074, 190, 179, 1289, 1420, 2285, 2682, 3215, 488, 1823, 1980, 2247, 883, 490, 2269, 1795, 1793, 1307, 903, 3446, 161, 3430, 2184, 792, 3252, 2196, 2219, 2603, 623, 2125, 2821, 3175, 461, 1988, 1062, 483, 667, 2631, 2296, 1254, 3317, 417, 1357, 477, 29, 2331, 2081, 1892, 1380, 2262, 2453, 3401, 1905, 2018, 2405, 2726, 998, 1970, 436, 504, 390, 269, 3241, 1752, 2676, 86, 439, 1826, 1578, 1046, 539, 2536, 449, 1392, 1365, 983, 1727, 299, 1249, 1540, 2716, 537, 2072, 2703, 3364, 750, 2555, 1308, 3169, 1832, 1875, 841, 1770, 851, 2291, 2349, 2293, 3475, 909, 198, 2875, 3090, 346, 1401, 3424, 513, 2672, 2264, 3221, 2604, 2154, 2170, 1258, 1413, 948, 1864, 428, 1083, 2989, 1424, 1975, 1945, 894, 3489, 578, 2776, 3134, 1279, 3411, 2550, 2174, 1229, 1938, 534, 1386, 1278, 158, 2207, 870, 3294, 2517, 1993, 2080, 2151, 2328, 492, 1209, 2309, 1936, 2358, 164, 2367, 2333, 3384, 3251, 2494, 1645, 562, 1345, 3452, 3223, 224, 1829, 825, 2230, 1358, 864, 3112, 1376, 1306, 2734, 3357, 789, 1023, 2552, 896, 1622, 2261, 3377, 2412, 40, 3464, 2289, 2214, 3266, 2720, 3061, 2595, 3307, 1927, 1490, 1148, 426, 344, 3487, 610, 69, 474, 3192, 877, 1389, 156, 2329, 943, 3321, 175, 1918, 117, 933, 1516, 1653, 1870, 2680, 1264, 1860, 914, 413]

solved select: 448 in 44773.37 seconds
iteration: 0, n requested: 448, n selected: 447, selected: [1094, 2693, 2356, 3488, 2442, 1382, 1024, 2347, 126, 1989, 3204, 868, 3370, 3468, 3441, 2327, 1900, 472, 1646, 509, 1342, 1285, 2791, 431, 2336, 1873, 443, 359, 1281, 2422, 1479, 2889, 162, 2299, 446, 3178, 385, 387, 1206, 3328, 3225, 2164, 1650, 2314, 2549, 1968, 3400, 480, 1238, 1414, 1359, 381, 91, 939, 3201, 3278, 465, 549, 844, 1778, 523, 438, 2901, 2737, 2348, 440, 502, 1940, 1033, 2237, 3189, 207, 2546, 380, 3308, 952, 1982, 2010, 3385, 1298, 3330, 1898, 445, 1267, 2078, 345, 2254, 3126, 538, 900, 819, 3183, 1856, 2742, 3236, 1794, 1395, 3355, 469, 208, 53, 3450, 3196, 1632, 2187, 389, 3486, 3197, 2694, 3358, 150, 2599, 1354, 1049, 500, 2739, 2281, 456, 2871, 2031, 2664, 2584, 3206, 1949, 2205, 2227, 2706, 1372, 3345, 1015, 1388, 2723, 421, 1901, 1878, 243, 1394, 481, 848, 2301, 533, 1257, 1300, 3393, 833, 3365, 1426, 499, 520, 205, 2238, 2167, 2015, 470, 1288, 1979, 3260, 2320, 1790, 1830, 1268, 1520, 2354, 468, 528, 491, 2353, 571, 677, 507, 2337, 1523, 934, 2087, 2479, 2902, 850, 2218, 3337, 2308, 1504, 3205, 1276, 1482, 3397, 2497, 2043, 378, 334, 3227, 3479, 2869, 409, 1810, 2005, 282, 2162, 1941, 3181, 839, 591, 906, 3399, 452, 863, 2531, 3352, 479, 2379, 3193, 1882, 3124, 1428, 444, 1952, 2897, 2712, 3383, 3160, 2763, 1488, 606, 2732, 1899, 2325, 514, 106, 1228, 508, 1074, 190, 179, 1289, 1420, 2285, 2682, 3215, 488, 1823, 1980, 2247, 883, 490, 2269, 1795, 1793, 1307, 903, 3446, 161, 3430, 2184, 792, 3252, 2196, 2219, 2603, 623, 2125, 2821, 3175, 461, 1988, 1062, 483, 667, 2631, 2296, 1254, 3317, 417, 1357, 477, 29, 2331, 2081, 1892, 1380, 2262, 2453, 3401, 1905, 2018, 2405, 2726, 998, 1970, 436, 504, 390, 269, 3241, 1752, 2676, 86, 439, 1826, 1578, 1046, 539, 2536, 449, 1392, 1365, 983, 1727, 299, 1249, 1540, 2716, 537, 2072, 2703, 3364, 750, 2555, 1308, 3169, 1832, 1875, 841, 1770, 851, 2291, 2349, 2293, 3475, 909, 198, 2875, 3090, 346, 1401, 3424, 513, 2672, 2264, 3221, 2604, 2154, 2170, 1258, 1413, 948, 1864, 428, 1083, 2989, 1424, 1975, 1945, 894, 3489, 578, 2776, 3134, 1279, 3411, 2550, 2174, 1229, 1938, 534, 1386, 1278, 158, 2207, 870, 3294, 2517, 1993, 2080, 2151, 2328, 492, 1209, 2309, 1936, 2358, 164, 2367, 2333, 3384, 3251, 2494, 1645, 562, 1345, 3452, 3223, 224, 1829, 825, 2230, 1358, 864, 3112, 1376, 1306, 2734, 3357, 789, 1023, 2552, 896, 1622, 2261, 3377, 2412, 40, 3464, 2289, 2214, 3266, 2720, 3061, 2595, 3307, 1927, 1490, 1148, 426, 344, 3487, 610, 69, 474, 3192, 877, 1389, 156, 2329, 943, 3321, 175, 1918, 117, 933, 1516, 1653, 1870, 2680, 1264, 1860, 914, 413, 2770]

solved select: 449 in 44949.92 seconds
iteration: 0, n requested: 449, n selected: 448, selected: [1094, 2693, 2356, 3488, 2442, 1382, 1024, 2347, 126, 1989, 3204, 868, 3370, 3468, 3441, 2327, 1900, 472, 1646, 509, 1342, 1285, 2791, 431, 2336, 1873, 443, 359, 1281, 2422, 1479, 2889, 162, 2299, 446, 3178, 385, 387, 1206, 3328, 3225, 2164, 1650, 2314, 2549, 1968, 3400, 480, 1238, 1414, 1359, 381, 91, 939, 3201, 3278, 465, 549, 844, 1778, 523, 438, 2901, 2737, 2348, 440, 502, 1940, 1033, 2237, 3189, 207, 2546, 380, 3308, 952, 1982, 2010, 3385, 1298, 3330, 1898, 445, 1267, 2078, 345, 2254, 3126, 538, 900, 819, 3183, 1856, 2742, 3236, 1794, 1395, 3355, 469, 208, 53, 3450, 3196, 1632, 2187, 389, 3486, 3197, 2694, 3358, 150, 2599, 1354, 1049, 500, 2739, 2281, 456, 2871, 2031, 2664, 2584, 3206, 1949, 2205, 2227, 2706, 1372, 3345, 1015, 1388, 2723, 421, 1901, 1878, 243, 1394, 481, 848, 2301, 533, 1257, 1300, 3393, 833, 3365, 1426, 499, 520, 205, 2238, 2167, 2015, 470, 1288, 1979, 3260, 2320, 1790, 1830, 1268, 1520, 2354, 468, 528, 491, 2353, 571, 677, 507, 2337, 1523, 934, 2087, 2479, 2902, 850, 2218, 3337, 2308, 1504, 3205, 1276, 1482, 3397, 2497, 2043, 378, 334, 3227, 3479, 2869, 409, 1810, 2005, 282, 2162, 1941, 3181, 839, 591, 906, 3399, 452, 863, 2531, 3352, 479, 2379, 3193, 1882, 3124, 1428, 444, 1952, 2897, 2712, 3383, 3160, 2763, 1488, 606, 2732, 1899, 2325, 514, 106, 1228, 508, 1074, 190, 179, 1289, 1420, 2285, 2682, 3215, 488, 1823, 1980, 2247, 883, 490, 2269, 1795, 1793, 1307, 903, 3446, 161, 3430, 2184, 792, 3252, 2196, 2219, 2603, 623, 2125, 2821, 3175, 461, 1988, 1062, 483, 667, 2631, 2296, 1254, 3317, 417, 1357, 477, 29, 2331, 2081, 1892, 1380, 2262, 2453, 3401, 1905, 2018, 2405, 2726, 998, 1970, 436, 504, 390, 269, 3241, 1752, 2676, 86, 439, 1826, 1578, 1046, 539, 2536, 449, 1392, 1365, 983, 1727, 299, 1249, 1540, 2716, 537, 2072, 2703, 3364, 750, 2555, 1308, 3169, 1832, 1875, 841, 1770, 851, 2291, 2349, 2293, 3475, 909, 198, 2875, 3090, 346, 1401, 3424, 513, 2672, 2264, 3221, 2604, 2154, 2170, 1258, 1413, 948, 1864, 428, 1083, 2989, 1424, 1975, 1945, 894, 3489, 578, 2776, 3134, 1279, 3411, 2550, 2174, 1229, 1938, 534, 1386, 1278, 158, 2207, 870, 3294, 2517, 1993, 2080, 2151, 2328, 492, 1209, 2309, 1936, 2358, 164, 2367, 2333, 3384, 3251, 2494, 1645, 562, 1345, 3452, 3223, 224, 1829, 825, 2230, 1358, 864, 3112, 1376, 1306, 2734, 3357, 789, 1023, 2552, 896, 1622, 2261, 3377, 2412, 40, 3464, 2289, 2214, 3266, 2720, 3061, 2595, 3307, 1927, 1490, 1148, 426, 344, 3487, 610, 69, 474, 3192, 877, 1389, 156, 2329, 943, 3321, 175, 1918, 117, 933, 1516, 1653, 1870, 2680, 1264, 1860, 914, 413, 2770, 2277]

solved select: 450 in 45127.33 seconds
iteration: 0, n requested: 450, n selected: 449, selected: [1094, 2693, 2356, 3488, 2442, 1382, 1024, 2347, 126, 1989, 3204, 868, 3370, 3468, 3441, 2327, 1900, 472, 1646, 509, 1342, 1285, 2791, 431, 2336, 1873, 443, 359, 1281, 2422, 1479, 2889, 162, 2299, 446, 3178, 385, 387, 1206, 3328, 3225, 2164, 1650, 2314, 2549, 1968, 3400, 480, 1238, 1414, 1359, 381, 91, 939, 3201, 3278, 465, 549, 844, 1778, 523, 438, 2901, 2737, 2348, 440, 502, 1940, 1033, 2237, 3189, 207, 2546, 380, 3308, 952, 1982, 2010, 3385, 1298, 3330, 1898, 445, 1267, 2078, 345, 2254, 3126, 538, 900, 819, 3183, 1856, 2742, 3236, 1794, 1395, 3355, 469, 208, 53, 3450, 3196, 1632, 2187, 389, 3486, 3197, 2694, 3358, 150, 2599, 1354, 1049, 500, 2739, 2281, 456, 2871, 2031, 2664, 2584, 3206, 1949, 2205, 2227, 2706, 1372, 3345, 1015, 1388, 2723, 421, 1901, 1878, 243, 1394, 481, 848, 2301, 533, 1257, 1300, 3393, 833, 3365, 1426, 499, 520, 205, 2238, 2167, 2015, 470, 1288, 1979, 3260, 2320, 1790, 1830, 1268, 1520, 2354, 468, 528, 491, 2353, 571, 677, 507, 2337, 1523, 934, 2087, 2479, 2902, 850, 2218, 3337, 2308, 1504, 3205, 1276, 1482, 3397, 2497, 2043, 378, 334, 3227, 3479, 2869, 409, 1810, 2005, 282, 2162, 1941, 3181, 839, 591, 906, 3399, 452, 863, 2531, 3352, 479, 2379, 3193, 1882, 3124, 1428, 444, 1952, 2897, 2712, 3383, 3160, 2763, 1488, 606, 2732, 1899, 2325, 514, 106, 1228, 508, 1074, 190, 179, 1289, 1420, 2285, 2682, 3215, 488, 1823, 1980, 2247, 883, 490, 2269, 1795, 1793, 1307, 903, 3446, 161, 3430, 2184, 792, 3252, 2196, 2219, 2603, 623, 2125, 2821, 3175, 461, 1988, 1062, 483, 667, 2631, 2296, 1254, 3317, 417, 1357, 477, 29, 2331, 2081, 1892, 1380, 2262, 2453, 3401, 1905, 2018, 2405, 2726, 998, 1970, 436, 504, 390, 269, 3241, 1752, 2676, 86, 439, 1826, 1578, 1046, 539, 2536, 449, 1392, 1365, 983, 1727, 299, 1249, 1540, 2716, 537, 2072, 2703, 3364, 750, 2555, 1308, 3169, 1832, 1875, 841, 1770, 851, 2291, 2349, 2293, 3475, 909, 198, 2875, 3090, 346, 1401, 3424, 513, 2672, 2264, 3221, 2604, 2154, 2170, 1258, 1413, 948, 1864, 428, 1083, 2989, 1424, 1975, 1945, 894, 3489, 578, 2776, 3134, 1279, 3411, 2550, 2174, 1229, 1938, 534, 1386, 1278, 158, 2207, 870, 3294, 2517, 1993, 2080, 2151, 2328, 492, 1209, 2309, 1936, 2358, 164, 2367, 2333, 3384, 3251, 2494, 1645, 562, 1345, 3452, 3223, 224, 1829, 825, 2230, 1358, 864, 3112, 1376, 1306, 2734, 3357, 789, 1023, 2552, 896, 1622, 2261, 3377, 2412, 40, 3464, 2289, 2214, 3266, 2720, 3061, 2595, 3307, 1927, 1490, 1148, 426, 344, 3487, 610, 69, 474, 3192, 877, 1389, 156, 2329, 943, 3321, 175, 1918, 117, 933, 1516, 1653, 1870, 2680, 1264, 1860, 914, 413, 2770, 2277, 3484]

solved select: 451 in 45304.35 seconds
iteration: 0, n requested: 451, n selected: 450, selected: [1094, 2693, 2356, 3488, 2442, 1382, 1024, 2347, 126, 1989, 3204, 868, 3370, 3468, 3441, 2327, 1900, 472, 1646, 509, 1342, 1285, 2791, 431, 2336, 1873, 443, 359, 1281, 2422, 1479, 2889, 162, 2299, 446, 3178, 385, 387, 1206, 3328, 3225, 2164, 1650, 2314, 2549, 1968, 3400, 480, 1238, 1414, 1359, 381, 91, 939, 3201, 3278, 465, 549, 844, 1778, 523, 438, 2901, 2737, 2348, 440, 502, 1940, 1033, 2237, 3189, 207, 2546, 380, 3308, 952, 1982, 2010, 3385, 1298, 3330, 1898, 445, 1267, 2078, 345, 2254, 3126, 538, 900, 819, 3183, 1856, 2742, 3236, 1794, 1395, 3355, 469, 208, 53, 3450, 3196, 1632, 2187, 389, 3486, 3197, 2694, 3358, 150, 2599, 1354, 1049, 500, 2739, 2281, 456, 2871, 2031, 2664, 2584, 3206, 1949, 2205, 2227, 2706, 1372, 3345, 1015, 1388, 2723, 421, 1901, 1878, 243, 1394, 481, 848, 2301, 533, 1257, 1300, 3393, 833, 3365, 1426, 499, 520, 205, 2238, 2167, 2015, 470, 1288, 1979, 3260, 2320, 1790, 1830, 1268, 1520, 2354, 468, 528, 491, 2353, 571, 677, 507, 2337, 1523, 934, 2087, 2479, 2902, 850, 2218, 3337, 2308, 1504, 3205, 1276, 1482, 3397, 2497, 2043, 378, 334, 3227, 3479, 2869, 409, 1810, 2005, 282, 2162, 1941, 3181, 839, 591, 906, 3399, 452, 863, 2531, 3352, 479, 2379, 3193, 1882, 3124, 1428, 444, 1952, 2897, 2712, 3383, 3160, 2763, 1488, 606, 2732, 1899, 2325, 514, 106, 1228, 508, 1074, 190, 179, 1289, 1420, 2285, 2682, 3215, 488, 1823, 1980, 2247, 883, 490, 2269, 1795, 1793, 1307, 903, 3446, 161, 3430, 2184, 792, 3252, 2196, 2219, 2603, 623, 2125, 2821, 3175, 461, 1988, 1062, 483, 667, 2631, 2296, 1254, 3317, 417, 1357, 477, 29, 2331, 2081, 1892, 1380, 2262, 2453, 3401, 1905, 2018, 2405, 2726, 998, 1970, 436, 504, 390, 269, 3241, 1752, 2676, 86, 439, 1826, 1578, 1046, 539, 2536, 449, 1392, 1365, 983, 1727, 299, 1249, 1540, 2716, 537, 2072, 2703, 3364, 750, 2555, 1308, 3169, 1832, 1875, 841, 1770, 851, 2291, 2349, 2293, 3475, 909, 198, 2875, 3090, 346, 1401, 3424, 513, 2672, 2264, 3221, 2604, 2154, 2170, 1258, 1413, 948, 1864, 428, 1083, 2989, 1424, 1975, 1945, 894, 3489, 578, 2776, 3134, 1279, 3411, 2550, 2174, 1229, 1938, 534, 1386, 1278, 158, 2207, 870, 3294, 2517, 1993, 2080, 2151, 2328, 492, 1209, 2309, 1936, 2358, 164, 2367, 2333, 3384, 3251, 2494, 1645, 562, 1345, 3452, 3223, 224, 1829, 825, 2230, 1358, 864, 3112, 1376, 1306, 2734, 3357, 789, 1023, 2552, 896, 1622, 2261, 3377, 2412, 40, 3464, 2289, 2214, 3266, 2720, 3061, 2595, 3307, 1927, 1490, 1148, 426, 344, 3487, 610, 69, 474, 3192, 877, 1389, 156, 2329, 943, 3321, 175, 1918, 117, 933, 1516, 1653, 1870, 2680, 1264, 1860, 914, 413, 2770, 2277, 3484, 336]

solved select: 452 in 45480.36 seconds
iteration: 0, n requested: 452, n selected: 451, selected: [1094, 2693, 2356, 3488, 2442, 1382, 1024, 2347, 126, 1989, 3204, 868, 3370, 3468, 3441, 2327, 1900, 472, 1646, 509, 1342, 1285, 2791, 431, 2336, 1873, 443, 359, 1281, 2422, 1479, 2889, 162, 2299, 446, 3178, 385, 387, 1206, 3328, 3225, 2164, 1650, 2314, 2549, 1968, 3400, 480, 1238, 1414, 1359, 381, 91, 939, 3201, 3278, 465, 549, 844, 1778, 523, 438, 2901, 2737, 2348, 440, 502, 1940, 1033, 2237, 3189, 207, 2546, 380, 3308, 952, 1982, 2010, 3385, 1298, 3330, 1898, 445, 1267, 2078, 345, 2254, 3126, 538, 900, 819, 3183, 1856, 2742, 3236, 1794, 1395, 3355, 469, 208, 53, 3450, 3196, 1632, 2187, 389, 3486, 3197, 2694, 3358, 150, 2599, 1354, 1049, 500, 2739, 2281, 456, 2871, 2031, 2664, 2584, 3206, 1949, 2205, 2227, 2706, 1372, 3345, 1015, 1388, 2723, 421, 1901, 1878, 243, 1394, 481, 848, 2301, 533, 1257, 1300, 3393, 833, 3365, 1426, 499, 520, 205, 2238, 2167, 2015, 470, 1288, 1979, 3260, 2320, 1790, 1830, 1268, 1520, 2354, 468, 528, 491, 2353, 571, 677, 507, 2337, 1523, 934, 2087, 2479, 2902, 850, 2218, 3337, 2308, 1504, 3205, 1276, 1482, 3397, 2497, 2043, 378, 334, 3227, 3479, 2869, 409, 1810, 2005, 282, 2162, 1941, 3181, 839, 591, 906, 3399, 452, 863, 2531, 3352, 479, 2379, 3193, 1882, 3124, 1428, 444, 1952, 2897, 2712, 3383, 3160, 2763, 1488, 606, 2732, 1899, 2325, 514, 106, 1228, 508, 1074, 190, 179, 1289, 1420, 2285, 2682, 3215, 488, 1823, 1980, 2247, 883, 490, 2269, 1795, 1793, 1307, 903, 3446, 161, 3430, 2184, 792, 3252, 2196, 2219, 2603, 623, 2125, 2821, 3175, 461, 1988, 1062, 483, 667, 2631, 2296, 1254, 3317, 417, 1357, 477, 29, 2331, 2081, 1892, 1380, 2262, 2453, 3401, 1905, 2018, 2405, 2726, 998, 1970, 436, 504, 390, 269, 3241, 1752, 2676, 86, 439, 1826, 1578, 1046, 539, 2536, 449, 1392, 1365, 983, 1727, 299, 1249, 1540, 2716, 537, 2072, 2703, 3364, 750, 2555, 1308, 3169, 1832, 1875, 841, 1770, 851, 2291, 2349, 2293, 3475, 909, 198, 2875, 3090, 346, 1401, 3424, 513, 2672, 2264, 3221, 2604, 2154, 2170, 1258, 1413, 948, 1864, 428, 1083, 2989, 1424, 1975, 1945, 894, 3489, 578, 2776, 3134, 1279, 3411, 2550, 2174, 1229, 1938, 534, 1386, 1278, 158, 2207, 870, 3294, 2517, 1993, 2080, 2151, 2328, 492, 1209, 2309, 1936, 2358, 164, 2367, 2333, 3384, 3251, 2494, 1645, 562, 1345, 3452, 3223, 224, 1829, 825, 2230, 1358, 864, 3112, 1376, 1306, 2734, 3357, 789, 1023, 2552, 896, 1622, 2261, 3377, 2412, 40, 3464, 2289, 2214, 3266, 2720, 3061, 2595, 3307, 1927, 1490, 1148, 426, 344, 3487, 610, 69, 474, 3192, 877, 1389, 156, 2329, 943, 3321, 175, 1918, 117, 933, 1516, 1653, 1870, 2680, 1264, 1860, 914, 413, 2770, 2277, 3484, 336, 1818]

solved select: 453 in 45662.21 seconds
iteration: 0, n requested: 453, n selected: 452, selected: [1094, 2693, 2356, 3488, 2442, 1382, 1024, 2347, 126, 1989, 3204, 868, 3370, 3468, 3441, 2327, 1900, 472, 1646, 509, 1342, 1285, 2791, 431, 2336, 1873, 443, 359, 1281, 2422, 1479, 2889, 162, 2299, 446, 3178, 385, 387, 1206, 3328, 3225, 2164, 1650, 2314, 2549, 1968, 3400, 480, 1238, 1414, 1359, 381, 91, 939, 3201, 3278, 465, 549, 844, 1778, 523, 438, 2901, 2737, 2348, 440, 502, 1940, 1033, 2237, 3189, 207, 2546, 380, 3308, 952, 1982, 2010, 3385, 1298, 3330, 1898, 445, 1267, 2078, 345, 2254, 3126, 538, 900, 819, 3183, 1856, 2742, 3236, 1794, 1395, 3355, 469, 208, 53, 3450, 3196, 1632, 2187, 389, 3486, 3197, 2694, 3358, 150, 2599, 1354, 1049, 500, 2739, 2281, 456, 2871, 2031, 2664, 2584, 3206, 1949, 2205, 2227, 2706, 1372, 3345, 1015, 1388, 2723, 421, 1901, 1878, 243, 1394, 481, 848, 2301, 533, 1257, 1300, 3393, 833, 3365, 1426, 499, 520, 205, 2238, 2167, 2015, 470, 1288, 1979, 3260, 2320, 1790, 1830, 1268, 1520, 2354, 468, 528, 491, 2353, 571, 677, 507, 2337, 1523, 934, 2087, 2479, 2902, 850, 2218, 3337, 2308, 1504, 3205, 1276, 1482, 3397, 2497, 2043, 378, 334, 3227, 3479, 2869, 409, 1810, 2005, 282, 2162, 1941, 3181, 839, 591, 906, 3399, 452, 863, 2531, 3352, 479, 2379, 3193, 1882, 3124, 1428, 444, 1952, 2897, 2712, 3383, 3160, 2763, 1488, 606, 2732, 1899, 2325, 514, 106, 1228, 508, 1074, 190, 179, 1289, 1420, 2285, 2682, 3215, 488, 1823, 1980, 2247, 883, 490, 2269, 1795, 1793, 1307, 903, 3446, 161, 3430, 2184, 792, 3252, 2196, 2219, 2603, 623, 2125, 2821, 3175, 461, 1988, 1062, 483, 667, 2631, 2296, 1254, 3317, 417, 1357, 477, 29, 2331, 2081, 1892, 1380, 2262, 2453, 3401, 1905, 2018, 2405, 2726, 998, 1970, 436, 504, 390, 269, 3241, 1752, 2676, 86, 439, 1826, 1578, 1046, 539, 2536, 449, 1392, 1365, 983, 1727, 299, 1249, 1540, 2716, 537, 2072, 2703, 3364, 750, 2555, 1308, 3169, 1832, 1875, 841, 1770, 851, 2291, 2349, 2293, 3475, 909, 198, 2875, 3090, 346, 1401, 3424, 513, 2672, 2264, 3221, 2604, 2154, 2170, 1258, 1413, 948, 1864, 428, 1083, 2989, 1424, 1975, 1945, 894, 3489, 578, 2776, 3134, 1279, 3411, 2550, 2174, 1229, 1938, 534, 1386, 1278, 158, 2207, 870, 3294, 2517, 1993, 2080, 2151, 2328, 492, 1209, 2309, 1936, 2358, 164, 2367, 2333, 3384, 3251, 2494, 1645, 562, 1345, 3452, 3223, 224, 1829, 825, 2230, 1358, 864, 3112, 1376, 1306, 2734, 3357, 789, 1023, 2552, 896, 1622, 2261, 3377, 2412, 40, 3464, 2289, 2214, 3266, 2720, 3061, 2595, 3307, 1927, 1490, 1148, 426, 344, 3487, 610, 69, 474, 3192, 877, 1389, 156, 2329, 943, 3321, 175, 1918, 117, 933, 1516, 1653, 1870, 2680, 1264, 1860, 914, 413, 2770, 2277, 3484, 336, 1818, 994]

solved select: 454 in 45846.74 seconds
iteration: 0, n requested: 454, n selected: 453, selected: [1094, 2693, 2356, 3488, 2442, 1382, 1024, 2347, 126, 1989, 3204, 868, 3370, 3468, 3441, 2327, 1900, 472, 1646, 509, 1342, 1285, 2791, 431, 2336, 1873, 443, 359, 1281, 2422, 1479, 2889, 162, 2299, 446, 3178, 385, 387, 1206, 3328, 3225, 2164, 1650, 2314, 2549, 1968, 3400, 480, 1238, 1414, 1359, 381, 91, 939, 3201, 3278, 465, 549, 844, 1778, 523, 438, 2901, 2737, 2348, 440, 502, 1940, 1033, 2237, 3189, 207, 2546, 380, 3308, 952, 1982, 2010, 3385, 1298, 3330, 1898, 445, 1267, 2078, 345, 2254, 3126, 538, 900, 819, 3183, 1856, 2742, 3236, 1794, 1395, 3355, 469, 208, 53, 3450, 3196, 1632, 2187, 389, 3486, 3197, 2694, 3358, 150, 2599, 1354, 1049, 500, 2739, 2281, 456, 2871, 2031, 2664, 2584, 3206, 1949, 2205, 2227, 2706, 1372, 3345, 1015, 1388, 2723, 421, 1901, 1878, 243, 1394, 481, 848, 2301, 533, 1257, 1300, 3393, 833, 3365, 1426, 499, 520, 205, 2238, 2167, 2015, 470, 1288, 1979, 3260, 2320, 1790, 1830, 1268, 1520, 2354, 468, 528, 491, 2353, 571, 677, 507, 2337, 1523, 934, 2087, 2479, 2902, 850, 2218, 3337, 2308, 1504, 3205, 1276, 1482, 3397, 2497, 2043, 378, 334, 3227, 3479, 2869, 409, 1810, 2005, 282, 2162, 1941, 3181, 839, 591, 906, 3399, 452, 863, 2531, 3352, 479, 2379, 3193, 1882, 3124, 1428, 444, 1952, 2897, 2712, 3383, 3160, 2763, 1488, 606, 2732, 1899, 2325, 514, 106, 1228, 508, 1074, 190, 179, 1289, 1420, 2285, 2682, 3215, 488, 1823, 1980, 2247, 883, 490, 2269, 1795, 1793, 1307, 903, 3446, 161, 3430, 2184, 792, 3252, 2196, 2219, 2603, 623, 2125, 2821, 3175, 461, 1988, 1062, 483, 667, 2631, 2296, 1254, 3317, 417, 1357, 477, 29, 2331, 2081, 1892, 1380, 2262, 2453, 3401, 1905, 2018, 2405, 2726, 998, 1970, 436, 504, 390, 269, 3241, 1752, 2676, 86, 439, 1826, 1578, 1046, 539, 2536, 449, 1392, 1365, 983, 1727, 299, 1249, 1540, 2716, 537, 2072, 2703, 3364, 750, 2555, 1308, 3169, 1832, 1875, 841, 1770, 851, 2291, 2349, 2293, 3475, 909, 198, 2875, 3090, 346, 1401, 3424, 513, 2672, 2264, 3221, 2604, 2154, 2170, 1258, 1413, 948, 1864, 428, 1083, 2989, 1424, 1975, 1945, 894, 3489, 578, 2776, 3134, 1279, 3411, 2550, 2174, 1229, 1938, 534, 1386, 1278, 158, 2207, 870, 3294, 2517, 1993, 2080, 2151, 2328, 492, 1209, 2309, 1936, 2358, 164, 2367, 2333, 3384, 3251, 2494, 1645, 562, 1345, 3452, 3223, 224, 1829, 825, 2230, 1358, 864, 3112, 1376, 1306, 2734, 3357, 789, 1023, 2552, 896, 1622, 2261, 3377, 2412, 40, 3464, 2289, 2214, 3266, 2720, 3061, 2595, 3307, 1927, 1490, 1148, 426, 344, 3487, 610, 69, 474, 3192, 877, 1389, 156, 2329, 943, 3321, 175, 1918, 117, 933, 1516, 1653, 1870, 2680, 1264, 1860, 914, 413, 2770, 2277, 3484, 336, 1818, 994, 1655]

solved select: 455 in 46042.48 seconds
iteration: 0, n requested: 455, n selected: 454, selected: [1094, 2693, 2356, 3488, 2442, 1382, 1024, 2347, 126, 1989, 3204, 868, 3370, 3468, 3441, 2327, 1900, 472, 1646, 509, 1342, 1285, 2791, 431, 2336, 1873, 443, 359, 1281, 2422, 1479, 2889, 162, 2299, 446, 3178, 385, 387, 1206, 3328, 3225, 2164, 1650, 2314, 2549, 1968, 3400, 480, 1238, 1414, 1359, 381, 91, 939, 3201, 3278, 465, 549, 844, 1778, 523, 438, 2901, 2737, 2348, 440, 502, 1940, 1033, 2237, 3189, 207, 2546, 380, 3308, 952, 1982, 2010, 3385, 1298, 3330, 1898, 445, 1267, 2078, 345, 2254, 3126, 538, 900, 819, 3183, 1856, 2742, 3236, 1794, 1395, 3355, 469, 208, 53, 3450, 3196, 1632, 2187, 389, 3486, 3197, 2694, 3358, 150, 2599, 1354, 1049, 500, 2739, 2281, 456, 2871, 2031, 2664, 2584, 3206, 1949, 2205, 2227, 2706, 1372, 3345, 1015, 1388, 2723, 421, 1901, 1878, 243, 1394, 481, 848, 2301, 533, 1257, 1300, 3393, 833, 3365, 1426, 499, 520, 205, 2238, 2167, 2015, 470, 1288, 1979, 3260, 2320, 1790, 1830, 1268, 1520, 2354, 468, 528, 491, 2353, 571, 677, 507, 2337, 1523, 934, 2087, 2479, 2902, 850, 2218, 3337, 2308, 1504, 3205, 1276, 1482, 3397, 2497, 2043, 378, 334, 3227, 3479, 2869, 409, 1810, 2005, 282, 2162, 1941, 3181, 839, 591, 906, 3399, 452, 863, 2531, 3352, 479, 2379, 3193, 1882, 3124, 1428, 444, 1952, 2897, 2712, 3383, 3160, 2763, 1488, 606, 2732, 1899, 2325, 514, 106, 1228, 508, 1074, 190, 179, 1289, 1420, 2285, 2682, 3215, 488, 1823, 1980, 2247, 883, 490, 2269, 1795, 1793, 1307, 903, 3446, 161, 3430, 2184, 792, 3252, 2196, 2219, 2603, 623, 2125, 2821, 3175, 461, 1988, 1062, 483, 667, 2631, 2296, 1254, 3317, 417, 1357, 477, 29, 2331, 2081, 1892, 1380, 2262, 2453, 3401, 1905, 2018, 2405, 2726, 998, 1970, 436, 504, 390, 269, 3241, 1752, 2676, 86, 439, 1826, 1578, 1046, 539, 2536, 449, 1392, 1365, 983, 1727, 299, 1249, 1540, 2716, 537, 2072, 2703, 3364, 750, 2555, 1308, 3169, 1832, 1875, 841, 1770, 851, 2291, 2349, 2293, 3475, 909, 198, 2875, 3090, 346, 1401, 3424, 513, 2672, 2264, 3221, 2604, 2154, 2170, 1258, 1413, 948, 1864, 428, 1083, 2989, 1424, 1975, 1945, 894, 3489, 578, 2776, 3134, 1279, 3411, 2550, 2174, 1229, 1938, 534, 1386, 1278, 158, 2207, 870, 3294, 2517, 1993, 2080, 2151, 2328, 492, 1209, 2309, 1936, 2358, 164, 2367, 2333, 3384, 3251, 2494, 1645, 562, 1345, 3452, 3223, 224, 1829, 825, 2230, 1358, 864, 3112, 1376, 1306, 2734, 3357, 789, 1023, 2552, 896, 1622, 2261, 3377, 2412, 40, 3464, 2289, 2214, 3266, 2720, 3061, 2595, 3307, 1927, 1490, 1148, 426, 344, 3487, 610, 69, 474, 3192, 877, 1389, 156, 2329, 943, 3321, 175, 1918, 117, 933, 1516, 1653, 1870, 2680, 1264, 1860, 914, 413, 2770, 2277, 3484, 336, 1818, 994, 1655, 3229]

solved select: 456 in 46223.95 seconds
iteration: 0, n requested: 456, n selected: 455, selected: [1094, 2693, 2356, 3488, 2442, 1382, 1024, 2347, 126, 1989, 3204, 868, 3370, 3468, 3441, 2327, 1900, 472, 1646, 509, 1342, 1285, 2791, 431, 2336, 1873, 443, 359, 1281, 2422, 1479, 2889, 162, 2299, 446, 3178, 385, 387, 1206, 3328, 3225, 2164, 1650, 2314, 2549, 1968, 3400, 480, 1238, 1414, 1359, 381, 91, 939, 3201, 3278, 465, 549, 844, 1778, 523, 438, 2901, 2737, 2348, 440, 502, 1940, 1033, 2237, 3189, 207, 2546, 380, 3308, 952, 1982, 2010, 3385, 1298, 3330, 1898, 445, 1267, 2078, 345, 2254, 3126, 538, 900, 819, 3183, 1856, 2742, 3236, 1794, 1395, 3355, 469, 208, 53, 3450, 3196, 1632, 2187, 389, 3486, 3197, 2694, 3358, 150, 2599, 1354, 1049, 500, 2739, 2281, 456, 2871, 2031, 2664, 2584, 3206, 1949, 2205, 2227, 2706, 1372, 3345, 1015, 1388, 2723, 421, 1901, 1878, 243, 1394, 481, 848, 2301, 533, 1257, 1300, 3393, 833, 3365, 1426, 499, 520, 205, 2238, 2167, 2015, 470, 1288, 1979, 3260, 2320, 1790, 1830, 1268, 1520, 2354, 468, 528, 491, 2353, 571, 677, 507, 2337, 1523, 934, 2087, 2479, 2902, 850, 2218, 3337, 2308, 1504, 3205, 1276, 1482, 3397, 2497, 2043, 378, 334, 3227, 3479, 2869, 409, 1810, 2005, 282, 2162, 1941, 3181, 839, 591, 906, 3399, 452, 863, 2531, 3352, 479, 2379, 3193, 1882, 3124, 1428, 444, 1952, 2897, 2712, 3383, 3160, 2763, 1488, 606, 2732, 1899, 2325, 514, 106, 1228, 508, 1074, 190, 179, 1289, 1420, 2285, 2682, 3215, 488, 1823, 1980, 2247, 883, 490, 2269, 1795, 1793, 1307, 903, 3446, 161, 3430, 2184, 792, 3252, 2196, 2219, 2603, 623, 2125, 2821, 3175, 461, 1988, 1062, 483, 667, 2631, 2296, 1254, 3317, 417, 1357, 477, 29, 2331, 2081, 1892, 1380, 2262, 2453, 3401, 1905, 2018, 2405, 2726, 998, 1970, 436, 504, 390, 269, 3241, 1752, 2676, 86, 439, 1826, 1578, 1046, 539, 2536, 449, 1392, 1365, 983, 1727, 299, 1249, 1540, 2716, 537, 2072, 2703, 3364, 750, 2555, 1308, 3169, 1832, 1875, 841, 1770, 851, 2291, 2349, 2293, 3475, 909, 198, 2875, 3090, 346, 1401, 3424, 513, 2672, 2264, 3221, 2604, 2154, 2170, 1258, 1413, 948, 1864, 428, 1083, 2989, 1424, 1975, 1945, 894, 3489, 578, 2776, 3134, 1279, 3411, 2550, 2174, 1229, 1938, 534, 1386, 1278, 158, 2207, 870, 3294, 2517, 1993, 2080, 2151, 2328, 492, 1209, 2309, 1936, 2358, 164, 2367, 2333, 3384, 3251, 2494, 1645, 562, 1345, 3452, 3223, 224, 1829, 825, 2230, 1358, 864, 3112, 1376, 1306, 2734, 3357, 789, 1023, 2552, 896, 1622, 2261, 3377, 2412, 40, 3464, 2289, 2214, 3266, 2720, 3061, 2595, 3307, 1927, 1490, 1148, 426, 344, 3487, 610, 69, 474, 3192, 877, 1389, 156, 2329, 943, 3321, 175, 1918, 117, 933, 1516, 1653, 1870, 2680, 1264, 1860, 914, 413, 2770, 2277, 3484, 336, 1818, 994, 1655, 3229, 2355]

solved select: 457 in 46405.24 seconds
iteration: 0, n requested: 457, n selected: 456, selected: [1094, 2693, 2356, 3488, 2442, 1382, 1024, 2347, 126, 1989, 3204, 868, 3370, 3468, 3441, 2327, 1900, 472, 1646, 509, 1342, 1285, 2791, 431, 2336, 1873, 443, 359, 1281, 2422, 1479, 2889, 162, 2299, 446, 3178, 385, 387, 1206, 3328, 3225, 2164, 1650, 2314, 2549, 1968, 3400, 480, 1238, 1414, 1359, 381, 91, 939, 3201, 3278, 465, 549, 844, 1778, 523, 438, 2901, 2737, 2348, 440, 502, 1940, 1033, 2237, 3189, 207, 2546, 380, 3308, 952, 1982, 2010, 3385, 1298, 3330, 1898, 445, 1267, 2078, 345, 2254, 3126, 538, 900, 819, 3183, 1856, 2742, 3236, 1794, 1395, 3355, 469, 208, 53, 3450, 3196, 1632, 2187, 389, 3486, 3197, 2694, 3358, 150, 2599, 1354, 1049, 500, 2739, 2281, 456, 2871, 2031, 2664, 2584, 3206, 1949, 2205, 2227, 2706, 1372, 3345, 1015, 1388, 2723, 421, 1901, 1878, 243, 1394, 481, 848, 2301, 533, 1257, 1300, 3393, 833, 3365, 1426, 499, 520, 205, 2238, 2167, 2015, 470, 1288, 1979, 3260, 2320, 1790, 1830, 1268, 1520, 2354, 468, 528, 491, 2353, 571, 677, 507, 2337, 1523, 934, 2087, 2479, 2902, 850, 2218, 3337, 2308, 1504, 3205, 1276, 1482, 3397, 2497, 2043, 378, 334, 3227, 3479, 2869, 409, 1810, 2005, 282, 2162, 1941, 3181, 839, 591, 906, 3399, 452, 863, 2531, 3352, 479, 2379, 3193, 1882, 3124, 1428, 444, 1952, 2897, 2712, 3383, 3160, 2763, 1488, 606, 2732, 1899, 2325, 514, 106, 1228, 508, 1074, 190, 179, 1289, 1420, 2285, 2682, 3215, 488, 1823, 1980, 2247, 883, 490, 2269, 1795, 1793, 1307, 903, 3446, 161, 3430, 2184, 792, 3252, 2196, 2219, 2603, 623, 2125, 2821, 3175, 461, 1988, 1062, 483, 667, 2631, 2296, 1254, 3317, 417, 1357, 477, 29, 2331, 2081, 1892, 1380, 2262, 2453, 3401, 1905, 2018, 2405, 2726, 998, 1970, 436, 504, 390, 269, 3241, 1752, 2676, 86, 439, 1826, 1578, 1046, 539, 2536, 449, 1392, 1365, 983, 1727, 299, 1249, 1540, 2716, 537, 2072, 2703, 3364, 750, 2555, 1308, 3169, 1832, 1875, 841, 1770, 851, 2291, 2349, 2293, 3475, 909, 198, 2875, 3090, 346, 1401, 3424, 513, 2672, 2264, 3221, 2604, 2154, 2170, 1258, 1413, 948, 1864, 428, 1083, 2989, 1424, 1975, 1945, 894, 3489, 578, 2776, 3134, 1279, 3411, 2550, 2174, 1229, 1938, 534, 1386, 1278, 158, 2207, 870, 3294, 2517, 1993, 2080, 2151, 2328, 492, 1209, 2309, 1936, 2358, 164, 2367, 2333, 3384, 3251, 2494, 1645, 562, 1345, 3452, 3223, 224, 1829, 825, 2230, 1358, 864, 3112, 1376, 1306, 2734, 3357, 789, 1023, 2552, 896, 1622, 2261, 3377, 2412, 40, 3464, 2289, 2214, 3266, 2720, 3061, 2595, 3307, 1927, 1490, 1148, 426, 344, 3487, 610, 69, 474, 3192, 877, 1389, 156, 2329, 943, 3321, 175, 1918, 117, 933, 1516, 1653, 1870, 2680, 1264, 1860, 914, 413, 2770, 2277, 3484, 336, 1818, 994, 1655, 3229, 2355, 2191]

solved select: 458 in 46583.35 seconds
iteration: 0, n requested: 458, n selected: 457, selected: [1094, 2693, 2356, 3488, 2442, 1382, 1024, 2347, 126, 1989, 3204, 868, 3370, 3468, 3441, 2327, 1900, 472, 1646, 509, 1342, 1285, 2791, 431, 2336, 1873, 443, 359, 1281, 2422, 1479, 2889, 162, 2299, 446, 3178, 385, 387, 1206, 3328, 3225, 2164, 1650, 2314, 2549, 1968, 3400, 480, 1238, 1414, 1359, 381, 91, 939, 3201, 3278, 465, 549, 844, 1778, 523, 438, 2901, 2737, 2348, 440, 502, 1940, 1033, 2237, 3189, 207, 2546, 380, 3308, 952, 1982, 2010, 3385, 1298, 3330, 1898, 445, 1267, 2078, 345, 2254, 3126, 538, 900, 819, 3183, 1856, 2742, 3236, 1794, 1395, 3355, 469, 208, 53, 3450, 3196, 1632, 2187, 389, 3486, 3197, 2694, 3358, 150, 2599, 1354, 1049, 500, 2739, 2281, 456, 2871, 2031, 2664, 2584, 3206, 1949, 2205, 2227, 2706, 1372, 3345, 1015, 1388, 2723, 421, 1901, 1878, 243, 1394, 481, 848, 2301, 533, 1257, 1300, 3393, 833, 3365, 1426, 499, 520, 205, 2238, 2167, 2015, 470, 1288, 1979, 3260, 2320, 1790, 1830, 1268, 1520, 2354, 468, 528, 491, 2353, 571, 677, 507, 2337, 1523, 934, 2087, 2479, 2902, 850, 2218, 3337, 2308, 1504, 3205, 1276, 1482, 3397, 2497, 2043, 378, 334, 3227, 3479, 2869, 409, 1810, 2005, 282, 2162, 1941, 3181, 839, 591, 906, 3399, 452, 863, 2531, 3352, 479, 2379, 3193, 1882, 3124, 1428, 444, 1952, 2897, 2712, 3383, 3160, 2763, 1488, 606, 2732, 1899, 2325, 514, 106, 1228, 508, 1074, 190, 179, 1289, 1420, 2285, 2682, 3215, 488, 1823, 1980, 2247, 883, 490, 2269, 1795, 1793, 1307, 903, 3446, 161, 3430, 2184, 792, 3252, 2196, 2219, 2603, 623, 2125, 2821, 3175, 461, 1988, 1062, 483, 667, 2631, 2296, 1254, 3317, 417, 1357, 477, 29, 2331, 2081, 1892, 1380, 2262, 2453, 3401, 1905, 2018, 2405, 2726, 998, 1970, 436, 504, 390, 269, 3241, 1752, 2676, 86, 439, 1826, 1578, 1046, 539, 2536, 449, 1392, 1365, 983, 1727, 299, 1249, 1540, 2716, 537, 2072, 2703, 3364, 750, 2555, 1308, 3169, 1832, 1875, 841, 1770, 851, 2291, 2349, 2293, 3475, 909, 198, 2875, 3090, 346, 1401, 3424, 513, 2672, 2264, 3221, 2604, 2154, 2170, 1258, 1413, 948, 1864, 428, 1083, 2989, 1424, 1975, 1945, 894, 3489, 578, 2776, 3134, 1279, 3411, 2550, 2174, 1229, 1938, 534, 1386, 1278, 158, 2207, 870, 3294, 2517, 1993, 2080, 2151, 2328, 492, 1209, 2309, 1936, 2358, 164, 2367, 2333, 3384, 3251, 2494, 1645, 562, 1345, 3452, 3223, 224, 1829, 825, 2230, 1358, 864, 3112, 1376, 1306, 2734, 3357, 789, 1023, 2552, 896, 1622, 2261, 3377, 2412, 40, 3464, 2289, 2214, 3266, 2720, 3061, 2595, 3307, 1927, 1490, 1148, 426, 344, 3487, 610, 69, 474, 3192, 877, 1389, 156, 2329, 943, 3321, 175, 1918, 117, 933, 1516, 1653, 1870, 2680, 1264, 1860, 914, 413, 2770, 2277, 3484, 336, 1818, 994, 1655, 3229, 2355, 2191, 1903]

solved select: 459 in 46763.46 seconds
iteration: 0, n requested: 459, n selected: 458, selected: [1094, 2693, 2356, 3488, 2442, 1382, 1024, 2347, 126, 1989, 3204, 868, 3370, 3468, 3441, 2327, 1900, 472, 1646, 509, 1342, 1285, 2791, 431, 2336, 1873, 443, 359, 1281, 2422, 1479, 2889, 162, 2299, 446, 3178, 385, 387, 1206, 3328, 3225, 2164, 1650, 2314, 2549, 1968, 3400, 480, 1238, 1414, 1359, 381, 91, 939, 3201, 3278, 465, 549, 844, 1778, 523, 438, 2901, 2737, 2348, 440, 502, 1940, 1033, 2237, 3189, 207, 2546, 380, 3308, 952, 1982, 2010, 3385, 1298, 3330, 1898, 445, 1267, 2078, 345, 2254, 3126, 538, 900, 819, 3183, 1856, 2742, 3236, 1794, 1395, 3355, 469, 208, 53, 3450, 3196, 1632, 2187, 389, 3486, 3197, 2694, 3358, 150, 2599, 1354, 1049, 500, 2739, 2281, 456, 2871, 2031, 2664, 2584, 3206, 1949, 2205, 2227, 2706, 1372, 3345, 1015, 1388, 2723, 421, 1901, 1878, 243, 1394, 481, 848, 2301, 533, 1257, 1300, 3393, 833, 3365, 1426, 499, 520, 205, 2238, 2167, 2015, 470, 1288, 1979, 3260, 2320, 1790, 1830, 1268, 1520, 2354, 468, 528, 491, 2353, 571, 677, 507, 2337, 1523, 934, 2087, 2479, 2902, 850, 2218, 3337, 2308, 1504, 3205, 1276, 1482, 3397, 2497, 2043, 378, 334, 3227, 3479, 2869, 409, 1810, 2005, 282, 2162, 1941, 3181, 839, 591, 906, 3399, 452, 863, 2531, 3352, 479, 2379, 3193, 1882, 3124, 1428, 444, 1952, 2897, 2712, 3383, 3160, 2763, 1488, 606, 2732, 1899, 2325, 514, 106, 1228, 508, 1074, 190, 179, 1289, 1420, 2285, 2682, 3215, 488, 1823, 1980, 2247, 883, 490, 2269, 1795, 1793, 1307, 903, 3446, 161, 3430, 2184, 792, 3252, 2196, 2219, 2603, 623, 2125, 2821, 3175, 461, 1988, 1062, 483, 667, 2631, 2296, 1254, 3317, 417, 1357, 477, 29, 2331, 2081, 1892, 1380, 2262, 2453, 3401, 1905, 2018, 2405, 2726, 998, 1970, 436, 504, 390, 269, 3241, 1752, 2676, 86, 439, 1826, 1578, 1046, 539, 2536, 449, 1392, 1365, 983, 1727, 299, 1249, 1540, 2716, 537, 2072, 2703, 3364, 750, 2555, 1308, 3169, 1832, 1875, 841, 1770, 851, 2291, 2349, 2293, 3475, 909, 198, 2875, 3090, 346, 1401, 3424, 513, 2672, 2264, 3221, 2604, 2154, 2170, 1258, 1413, 948, 1864, 428, 1083, 2989, 1424, 1975, 1945, 894, 3489, 578, 2776, 3134, 1279, 3411, 2550, 2174, 1229, 1938, 534, 1386, 1278, 158, 2207, 870, 3294, 2517, 1993, 2080, 2151, 2328, 492, 1209, 2309, 1936, 2358, 164, 2367, 2333, 3384, 3251, 2494, 1645, 562, 1345, 3452, 3223, 224, 1829, 825, 2230, 1358, 864, 3112, 1376, 1306, 2734, 3357, 789, 1023, 2552, 896, 1622, 2261, 3377, 2412, 40, 3464, 2289, 2214, 3266, 2720, 3061, 2595, 3307, 1927, 1490, 1148, 426, 344, 3487, 610, 69, 474, 3192, 877, 1389, 156, 2329, 943, 3321, 175, 1918, 117, 933, 1516, 1653, 1870, 2680, 1264, 1860, 914, 413, 2770, 2277, 3484, 336, 1818, 994, 1655, 3229, 2355, 2191, 1903, 811]

solved select: 460 in 46945.98 seconds
iteration: 0, n requested: 460, n selected: 459, selected: [1094, 2693, 2356, 3488, 2442, 1382, 1024, 2347, 126, 1989, 3204, 868, 3370, 3468, 3441, 2327, 1900, 472, 1646, 509, 1342, 1285, 2791, 431, 2336, 1873, 443, 359, 1281, 2422, 1479, 2889, 162, 2299, 446, 3178, 385, 387, 1206, 3328, 3225, 2164, 1650, 2314, 2549, 1968, 3400, 480, 1238, 1414, 1359, 381, 91, 939, 3201, 3278, 465, 549, 844, 1778, 523, 438, 2901, 2737, 2348, 440, 502, 1940, 1033, 2237, 3189, 207, 2546, 380, 3308, 952, 1982, 2010, 3385, 1298, 3330, 1898, 445, 1267, 2078, 345, 2254, 3126, 538, 900, 819, 3183, 1856, 2742, 3236, 1794, 1395, 3355, 469, 208, 53, 3450, 3196, 1632, 2187, 389, 3486, 3197, 2694, 3358, 150, 2599, 1354, 1049, 500, 2739, 2281, 456, 2871, 2031, 2664, 2584, 3206, 1949, 2205, 2227, 2706, 1372, 3345, 1015, 1388, 2723, 421, 1901, 1878, 243, 1394, 481, 848, 2301, 533, 1257, 1300, 3393, 833, 3365, 1426, 499, 520, 205, 2238, 2167, 2015, 470, 1288, 1979, 3260, 2320, 1790, 1830, 1268, 1520, 2354, 468, 528, 491, 2353, 571, 677, 507, 2337, 1523, 934, 2087, 2479, 2902, 850, 2218, 3337, 2308, 1504, 3205, 1276, 1482, 3397, 2497, 2043, 378, 334, 3227, 3479, 2869, 409, 1810, 2005, 282, 2162, 1941, 3181, 839, 591, 906, 3399, 452, 863, 2531, 3352, 479, 2379, 3193, 1882, 3124, 1428, 444, 1952, 2897, 2712, 3383, 3160, 2763, 1488, 606, 2732, 1899, 2325, 514, 106, 1228, 508, 1074, 190, 179, 1289, 1420, 2285, 2682, 3215, 488, 1823, 1980, 2247, 883, 490, 2269, 1795, 1793, 1307, 903, 3446, 161, 3430, 2184, 792, 3252, 2196, 2219, 2603, 623, 2125, 2821, 3175, 461, 1988, 1062, 483, 667, 2631, 2296, 1254, 3317, 417, 1357, 477, 29, 2331, 2081, 1892, 1380, 2262, 2453, 3401, 1905, 2018, 2405, 2726, 998, 1970, 436, 504, 390, 269, 3241, 1752, 2676, 86, 439, 1826, 1578, 1046, 539, 2536, 449, 1392, 1365, 983, 1727, 299, 1249, 1540, 2716, 537, 2072, 2703, 3364, 750, 2555, 1308, 3169, 1832, 1875, 841, 1770, 851, 2291, 2349, 2293, 3475, 909, 198, 2875, 3090, 346, 1401, 3424, 513, 2672, 2264, 3221, 2604, 2154, 2170, 1258, 1413, 948, 1864, 428, 1083, 2989, 1424, 1975, 1945, 894, 3489, 578, 2776, 3134, 1279, 3411, 2550, 2174, 1229, 1938, 534, 1386, 1278, 158, 2207, 870, 3294, 2517, 1993, 2080, 2151, 2328, 492, 1209, 2309, 1936, 2358, 164, 2367, 2333, 3384, 3251, 2494, 1645, 562, 1345, 3452, 3223, 224, 1829, 825, 2230, 1358, 864, 3112, 1376, 1306, 2734, 3357, 789, 1023, 2552, 896, 1622, 2261, 3377, 2412, 40, 3464, 2289, 2214, 3266, 2720, 3061, 2595, 3307, 1927, 1490, 1148, 426, 344, 3487, 610, 69, 474, 3192, 877, 1389, 156, 2329, 943, 3321, 175, 1918, 117, 933, 1516, 1653, 1870, 2680, 1264, 1860, 914, 413, 2770, 2277, 3484, 336, 1818, 994, 1655, 3229, 2355, 2191, 1903, 811, 195]

solved select: 461 in 47129.07 seconds
iteration: 0, n requested: 461, n selected: 460, selected: [1094, 2693, 2356, 3488, 2442, 1382, 1024, 2347, 126, 1989, 3204, 868, 3370, 3468, 3441, 2327, 1900, 472, 1646, 509, 1342, 1285, 2791, 431, 2336, 1873, 443, 359, 1281, 2422, 1479, 2889, 162, 2299, 446, 3178, 385, 387, 1206, 3328, 3225, 2164, 1650, 2314, 2549, 1968, 3400, 480, 1238, 1414, 1359, 381, 91, 939, 3201, 3278, 465, 549, 844, 1778, 523, 438, 2901, 2737, 2348, 440, 502, 1940, 1033, 2237, 3189, 207, 2546, 380, 3308, 952, 1982, 2010, 3385, 1298, 3330, 1898, 445, 1267, 2078, 345, 2254, 3126, 538, 900, 819, 3183, 1856, 2742, 3236, 1794, 1395, 3355, 469, 208, 53, 3450, 3196, 1632, 2187, 389, 3486, 3197, 2694, 3358, 150, 2599, 1354, 1049, 500, 2739, 2281, 456, 2871, 2031, 2664, 2584, 3206, 1949, 2205, 2227, 2706, 1372, 3345, 1015, 1388, 2723, 421, 1901, 1878, 243, 1394, 481, 848, 2301, 533, 1257, 1300, 3393, 833, 3365, 1426, 499, 520, 205, 2238, 2167, 2015, 470, 1288, 1979, 3260, 2320, 1790, 1830, 1268, 1520, 2354, 468, 528, 491, 2353, 571, 677, 507, 2337, 1523, 934, 2087, 2479, 2902, 850, 2218, 3337, 2308, 1504, 3205, 1276, 1482, 3397, 2497, 2043, 378, 334, 3227, 3479, 2869, 409, 1810, 2005, 282, 2162, 1941, 3181, 839, 591, 906, 3399, 452, 863, 2531, 3352, 479, 2379, 3193, 1882, 3124, 1428, 444, 1952, 2897, 2712, 3383, 3160, 2763, 1488, 606, 2732, 1899, 2325, 514, 106, 1228, 508, 1074, 190, 179, 1289, 1420, 2285, 2682, 3215, 488, 1823, 1980, 2247, 883, 490, 2269, 1795, 1793, 1307, 903, 3446, 161, 3430, 2184, 792, 3252, 2196, 2219, 2603, 623, 2125, 2821, 3175, 461, 1988, 1062, 483, 667, 2631, 2296, 1254, 3317, 417, 1357, 477, 29, 2331, 2081, 1892, 1380, 2262, 2453, 3401, 1905, 2018, 2405, 2726, 998, 1970, 436, 504, 390, 269, 3241, 1752, 2676, 86, 439, 1826, 1578, 1046, 539, 2536, 449, 1392, 1365, 983, 1727, 299, 1249, 1540, 2716, 537, 2072, 2703, 3364, 750, 2555, 1308, 3169, 1832, 1875, 841, 1770, 851, 2291, 2349, 2293, 3475, 909, 198, 2875, 3090, 346, 1401, 3424, 513, 2672, 2264, 3221, 2604, 2154, 2170, 1258, 1413, 948, 1864, 428, 1083, 2989, 1424, 1975, 1945, 894, 3489, 578, 2776, 3134, 1279, 3411, 2550, 2174, 1229, 1938, 534, 1386, 1278, 158, 2207, 870, 3294, 2517, 1993, 2080, 2151, 2328, 492, 1209, 2309, 1936, 2358, 164, 2367, 2333, 3384, 3251, 2494, 1645, 562, 1345, 3452, 3223, 224, 1829, 825, 2230, 1358, 864, 3112, 1376, 1306, 2734, 3357, 789, 1023, 2552, 896, 1622, 2261, 3377, 2412, 40, 3464, 2289, 2214, 3266, 2720, 3061, 2595, 3307, 1927, 1490, 1148, 426, 344, 3487, 610, 69, 474, 3192, 877, 1389, 156, 2329, 943, 3321, 175, 1918, 117, 933, 1516, 1653, 1870, 2680, 1264, 1860, 914, 413, 2770, 2277, 3484, 336, 1818, 994, 1655, 3229, 2355, 2191, 1903, 811, 195, 1481]

solved select: 462 in 47316.01 seconds
iteration: 0, n requested: 462, n selected: 461, selected: [1094, 2693, 2356, 3488, 2442, 1382, 1024, 2347, 126, 1989, 3204, 868, 3370, 3468, 3441, 2327, 1900, 472, 1646, 509, 1342, 1285, 2791, 431, 2336, 1873, 443, 359, 1281, 2422, 1479, 2889, 162, 2299, 446, 3178, 385, 387, 1206, 3328, 3225, 2164, 1650, 2314, 2549, 1968, 3400, 480, 1238, 1414, 1359, 381, 91, 939, 3201, 3278, 465, 549, 844, 1778, 523, 438, 2901, 2737, 2348, 440, 502, 1940, 1033, 2237, 3189, 207, 2546, 380, 3308, 952, 1982, 2010, 3385, 1298, 3330, 1898, 445, 1267, 2078, 345, 2254, 3126, 538, 900, 819, 3183, 1856, 2742, 3236, 1794, 1395, 3355, 469, 208, 53, 3450, 3196, 1632, 2187, 389, 3486, 3197, 2694, 3358, 150, 2599, 1354, 1049, 500, 2739, 2281, 456, 2871, 2031, 2664, 2584, 3206, 1949, 2205, 2227, 2706, 1372, 3345, 1015, 1388, 2723, 421, 1901, 1878, 243, 1394, 481, 848, 2301, 533, 1257, 1300, 3393, 833, 3365, 1426, 499, 520, 205, 2238, 2167, 2015, 470, 1288, 1979, 3260, 2320, 1790, 1830, 1268, 1520, 2354, 468, 528, 491, 2353, 571, 677, 507, 2337, 1523, 934, 2087, 2479, 2902, 850, 2218, 3337, 2308, 1504, 3205, 1276, 1482, 3397, 2497, 2043, 378, 334, 3227, 3479, 2869, 409, 1810, 2005, 282, 2162, 1941, 3181, 839, 591, 906, 3399, 452, 863, 2531, 3352, 479, 2379, 3193, 1882, 3124, 1428, 444, 1952, 2897, 2712, 3383, 3160, 2763, 1488, 606, 2732, 1899, 2325, 514, 106, 1228, 508, 1074, 190, 179, 1289, 1420, 2285, 2682, 3215, 488, 1823, 1980, 2247, 883, 490, 2269, 1795, 1793, 1307, 903, 3446, 161, 3430, 2184, 792, 3252, 2196, 2219, 2603, 623, 2125, 2821, 3175, 461, 1988, 1062, 483, 667, 2631, 2296, 1254, 3317, 417, 1357, 477, 29, 2331, 2081, 1892, 1380, 2262, 2453, 3401, 1905, 2018, 2405, 2726, 998, 1970, 436, 504, 390, 269, 3241, 1752, 2676, 86, 439, 1826, 1578, 1046, 539, 2536, 449, 1392, 1365, 983, 1727, 299, 1249, 1540, 2716, 537, 2072, 2703, 3364, 750, 2555, 1308, 3169, 1832, 1875, 841, 1770, 851, 2291, 2349, 2293, 3475, 909, 198, 2875, 3090, 346, 1401, 3424, 513, 2672, 2264, 3221, 2604, 2154, 2170, 1258, 1413, 948, 1864, 428, 1083, 2989, 1424, 1975, 1945, 894, 3489, 578, 2776, 3134, 1279, 3411, 2550, 2174, 1229, 1938, 534, 1386, 1278, 158, 2207, 870, 3294, 2517, 1993, 2080, 2151, 2328, 492, 1209, 2309, 1936, 2358, 164, 2367, 2333, 3384, 3251, 2494, 1645, 562, 1345, 3452, 3223, 224, 1829, 825, 2230, 1358, 864, 3112, 1376, 1306, 2734, 3357, 789, 1023, 2552, 896, 1622, 2261, 3377, 2412, 40, 3464, 2289, 2214, 3266, 2720, 3061, 2595, 3307, 1927, 1490, 1148, 426, 344, 3487, 610, 69, 474, 3192, 877, 1389, 156, 2329, 943, 3321, 175, 1918, 117, 933, 1516, 1653, 1870, 2680, 1264, 1860, 914, 413, 2770, 2277, 3484, 336, 1818, 994, 1655, 3229, 2355, 2191, 1903, 811, 195, 1481, 1299]

solved select: 463 in 47499.29 seconds
iteration: 0, n requested: 463, n selected: 462, selected: [1094, 2693, 2356, 3488, 2442, 1382, 1024, 2347, 126, 1989, 3204, 868, 3370, 3468, 3441, 2327, 1900, 472, 1646, 509, 1342, 1285, 2791, 431, 2336, 1873, 443, 359, 1281, 2422, 1479, 2889, 162, 2299, 446, 3178, 385, 387, 1206, 3328, 3225, 2164, 1650, 2314, 2549, 1968, 3400, 480, 1238, 1414, 1359, 381, 91, 939, 3201, 3278, 465, 549, 844, 1778, 523, 438, 2901, 2737, 2348, 440, 502, 1940, 1033, 2237, 3189, 207, 2546, 380, 3308, 952, 1982, 2010, 3385, 1298, 3330, 1898, 445, 1267, 2078, 345, 2254, 3126, 538, 900, 819, 3183, 1856, 2742, 3236, 1794, 1395, 3355, 469, 208, 53, 3450, 3196, 1632, 2187, 389, 3486, 3197, 2694, 3358, 150, 2599, 1354, 1049, 500, 2739, 2281, 456, 2871, 2031, 2664, 2584, 3206, 1949, 2205, 2227, 2706, 1372, 3345, 1015, 1388, 2723, 421, 1901, 1878, 243, 1394, 481, 848, 2301, 533, 1257, 1300, 3393, 833, 3365, 1426, 499, 520, 205, 2238, 2167, 2015, 470, 1288, 1979, 3260, 2320, 1790, 1830, 1268, 1520, 2354, 468, 528, 491, 2353, 571, 677, 507, 2337, 1523, 934, 2087, 2479, 2902, 850, 2218, 3337, 2308, 1504, 3205, 1276, 1482, 3397, 2497, 2043, 378, 334, 3227, 3479, 2869, 409, 1810, 2005, 282, 2162, 1941, 3181, 839, 591, 906, 3399, 452, 863, 2531, 3352, 479, 2379, 3193, 1882, 3124, 1428, 444, 1952, 2897, 2712, 3383, 3160, 2763, 1488, 606, 2732, 1899, 2325, 514, 106, 1228, 508, 1074, 190, 179, 1289, 1420, 2285, 2682, 3215, 488, 1823, 1980, 2247, 883, 490, 2269, 1795, 1793, 1307, 903, 3446, 161, 3430, 2184, 792, 3252, 2196, 2219, 2603, 623, 2125, 2821, 3175, 461, 1988, 1062, 483, 667, 2631, 2296, 1254, 3317, 417, 1357, 477, 29, 2331, 2081, 1892, 1380, 2262, 2453, 3401, 1905, 2018, 2405, 2726, 998, 1970, 436, 504, 390, 269, 3241, 1752, 2676, 86, 439, 1826, 1578, 1046, 539, 2536, 449, 1392, 1365, 983, 1727, 299, 1249, 1540, 2716, 537, 2072, 2703, 3364, 750, 2555, 1308, 3169, 1832, 1875, 841, 1770, 851, 2291, 2349, 2293, 3475, 909, 198, 2875, 3090, 346, 1401, 3424, 513, 2672, 2264, 3221, 2604, 2154, 2170, 1258, 1413, 948, 1864, 428, 1083, 2989, 1424, 1975, 1945, 894, 3489, 578, 2776, 3134, 1279, 3411, 2550, 2174, 1229, 1938, 534, 1386, 1278, 158, 2207, 870, 3294, 2517, 1993, 2080, 2151, 2328, 492, 1209, 2309, 1936, 2358, 164, 2367, 2333, 3384, 3251, 2494, 1645, 562, 1345, 3452, 3223, 224, 1829, 825, 2230, 1358, 864, 3112, 1376, 1306, 2734, 3357, 789, 1023, 2552, 896, 1622, 2261, 3377, 2412, 40, 3464, 2289, 2214, 3266, 2720, 3061, 2595, 3307, 1927, 1490, 1148, 426, 344, 3487, 610, 69, 474, 3192, 877, 1389, 156, 2329, 943, 3321, 175, 1918, 117, 933, 1516, 1653, 1870, 2680, 1264, 1860, 914, 413, 2770, 2277, 3484, 336, 1818, 994, 1655, 3229, 2355, 2191, 1903, 811, 195, 1481, 1299, 2007]

solved select: 464 in 47678.74 seconds
iteration: 0, n requested: 464, n selected: 463, selected: [1094, 2693, 2356, 3488, 2442, 1382, 1024, 2347, 126, 1989, 3204, 868, 3370, 3468, 3441, 2327, 1900, 472, 1646, 509, 1342, 1285, 2791, 431, 2336, 1873, 443, 359, 1281, 2422, 1479, 2889, 162, 2299, 446, 3178, 385, 387, 1206, 3328, 3225, 2164, 1650, 2314, 2549, 1968, 3400, 480, 1238, 1414, 1359, 381, 91, 939, 3201, 3278, 465, 549, 844, 1778, 523, 438, 2901, 2737, 2348, 440, 502, 1940, 1033, 2237, 3189, 207, 2546, 380, 3308, 952, 1982, 2010, 3385, 1298, 3330, 1898, 445, 1267, 2078, 345, 2254, 3126, 538, 900, 819, 3183, 1856, 2742, 3236, 1794, 1395, 3355, 469, 208, 53, 3450, 3196, 1632, 2187, 389, 3486, 3197, 2694, 3358, 150, 2599, 1354, 1049, 500, 2739, 2281, 456, 2871, 2031, 2664, 2584, 3206, 1949, 2205, 2227, 2706, 1372, 3345, 1015, 1388, 2723, 421, 1901, 1878, 243, 1394, 481, 848, 2301, 533, 1257, 1300, 3393, 833, 3365, 1426, 499, 520, 205, 2238, 2167, 2015, 470, 1288, 1979, 3260, 2320, 1790, 1830, 1268, 1520, 2354, 468, 528, 491, 2353, 571, 677, 507, 2337, 1523, 934, 2087, 2479, 2902, 850, 2218, 3337, 2308, 1504, 3205, 1276, 1482, 3397, 2497, 2043, 378, 334, 3227, 3479, 2869, 409, 1810, 2005, 282, 2162, 1941, 3181, 839, 591, 906, 3399, 452, 863, 2531, 3352, 479, 2379, 3193, 1882, 3124, 1428, 444, 1952, 2897, 2712, 3383, 3160, 2763, 1488, 606, 2732, 1899, 2325, 514, 106, 1228, 508, 1074, 190, 179, 1289, 1420, 2285, 2682, 3215, 488, 1823, 1980, 2247, 883, 490, 2269, 1795, 1793, 1307, 903, 3446, 161, 3430, 2184, 792, 3252, 2196, 2219, 2603, 623, 2125, 2821, 3175, 461, 1988, 1062, 483, 667, 2631, 2296, 1254, 3317, 417, 1357, 477, 29, 2331, 2081, 1892, 1380, 2262, 2453, 3401, 1905, 2018, 2405, 2726, 998, 1970, 436, 504, 390, 269, 3241, 1752, 2676, 86, 439, 1826, 1578, 1046, 539, 2536, 449, 1392, 1365, 983, 1727, 299, 1249, 1540, 2716, 537, 2072, 2703, 3364, 750, 2555, 1308, 3169, 1832, 1875, 841, 1770, 851, 2291, 2349, 2293, 3475, 909, 198, 2875, 3090, 346, 1401, 3424, 513, 2672, 2264, 3221, 2604, 2154, 2170, 1258, 1413, 948, 1864, 428, 1083, 2989, 1424, 1975, 1945, 894, 3489, 578, 2776, 3134, 1279, 3411, 2550, 2174, 1229, 1938, 534, 1386, 1278, 158, 2207, 870, 3294, 2517, 1993, 2080, 2151, 2328, 492, 1209, 2309, 1936, 2358, 164, 2367, 2333, 3384, 3251, 2494, 1645, 562, 1345, 3452, 3223, 224, 1829, 825, 2230, 1358, 864, 3112, 1376, 1306, 2734, 3357, 789, 1023, 2552, 896, 1622, 2261, 3377, 2412, 40, 3464, 2289, 2214, 3266, 2720, 3061, 2595, 3307, 1927, 1490, 1148, 426, 344, 3487, 610, 69, 474, 3192, 877, 1389, 156, 2329, 943, 3321, 175, 1918, 117, 933, 1516, 1653, 1870, 2680, 1264, 1860, 914, 413, 2770, 2277, 3484, 336, 1818, 994, 1655, 3229, 2355, 2191, 1903, 811, 195, 1481, 1299, 2007, 1545]

solved select: 465 in 47865.98 seconds
iteration: 0, n requested: 465, n selected: 464, selected: [1094, 2693, 2356, 3488, 2442, 1382, 1024, 2347, 126, 1989, 3204, 868, 3370, 3468, 3441, 2327, 1900, 472, 1646, 509, 1342, 1285, 2791, 431, 2336, 1873, 443, 359, 1281, 2422, 1479, 2889, 162, 2299, 446, 3178, 385, 387, 1206, 3328, 3225, 2164, 1650, 2314, 2549, 1968, 3400, 480, 1238, 1414, 1359, 381, 91, 939, 3201, 3278, 465, 549, 844, 1778, 523, 438, 2901, 2737, 2348, 440, 502, 1940, 1033, 2237, 3189, 207, 2546, 380, 3308, 952, 1982, 2010, 3385, 1298, 3330, 1898, 445, 1267, 2078, 345, 2254, 3126, 538, 900, 819, 3183, 1856, 2742, 3236, 1794, 1395, 3355, 469, 208, 53, 3450, 3196, 1632, 2187, 389, 3486, 3197, 2694, 3358, 150, 2599, 1354, 1049, 500, 2739, 2281, 456, 2871, 2031, 2664, 2584, 3206, 1949, 2205, 2227, 2706, 1372, 3345, 1015, 1388, 2723, 421, 1901, 1878, 243, 1394, 481, 848, 2301, 533, 1257, 1300, 3393, 833, 3365, 1426, 499, 520, 205, 2238, 2167, 2015, 470, 1288, 1979, 3260, 2320, 1790, 1830, 1268, 1520, 2354, 468, 528, 491, 2353, 571, 677, 507, 2337, 1523, 934, 2087, 2479, 2902, 850, 2218, 3337, 2308, 1504, 3205, 1276, 1482, 3397, 2497, 2043, 378, 334, 3227, 3479, 2869, 409, 1810, 2005, 282, 2162, 1941, 3181, 839, 591, 906, 3399, 452, 863, 2531, 3352, 479, 2379, 3193, 1882, 3124, 1428, 444, 1952, 2897, 2712, 3383, 3160, 2763, 1488, 606, 2732, 1899, 2325, 514, 106, 1228, 508, 1074, 190, 179, 1289, 1420, 2285, 2682, 3215, 488, 1823, 1980, 2247, 883, 490, 2269, 1795, 1793, 1307, 903, 3446, 161, 3430, 2184, 792, 3252, 2196, 2219, 2603, 623, 2125, 2821, 3175, 461, 1988, 1062, 483, 667, 2631, 2296, 1254, 3317, 417, 1357, 477, 29, 2331, 2081, 1892, 1380, 2262, 2453, 3401, 1905, 2018, 2405, 2726, 998, 1970, 436, 504, 390, 269, 3241, 1752, 2676, 86, 439, 1826, 1578, 1046, 539, 2536, 449, 1392, 1365, 983, 1727, 299, 1249, 1540, 2716, 537, 2072, 2703, 3364, 750, 2555, 1308, 3169, 1832, 1875, 841, 1770, 851, 2291, 2349, 2293, 3475, 909, 198, 2875, 3090, 346, 1401, 3424, 513, 2672, 2264, 3221, 2604, 2154, 2170, 1258, 1413, 948, 1864, 428, 1083, 2989, 1424, 1975, 1945, 894, 3489, 578, 2776, 3134, 1279, 3411, 2550, 2174, 1229, 1938, 534, 1386, 1278, 158, 2207, 870, 3294, 2517, 1993, 2080, 2151, 2328, 492, 1209, 2309, 1936, 2358, 164, 2367, 2333, 3384, 3251, 2494, 1645, 562, 1345, 3452, 3223, 224, 1829, 825, 2230, 1358, 864, 3112, 1376, 1306, 2734, 3357, 789, 1023, 2552, 896, 1622, 2261, 3377, 2412, 40, 3464, 2289, 2214, 3266, 2720, 3061, 2595, 3307, 1927, 1490, 1148, 426, 344, 3487, 610, 69, 474, 3192, 877, 1389, 156, 2329, 943, 3321, 175, 1918, 117, 933, 1516, 1653, 1870, 2680, 1264, 1860, 914, 413, 2770, 2277, 3484, 336, 1818, 994, 1655, 3229, 2355, 2191, 1903, 811, 195, 1481, 1299, 2007, 1545, 524]

solved select: 466 in 48049.87 seconds
iteration: 0, n requested: 466, n selected: 465, selected: [1094, 2693, 2356, 3488, 2442, 1382, 1024, 2347, 126, 1989, 3204, 868, 3370, 3468, 3441, 2327, 1900, 472, 1646, 509, 1342, 1285, 2791, 431, 2336, 1873, 443, 359, 1281, 2422, 1479, 2889, 162, 2299, 446, 3178, 385, 387, 1206, 3328, 3225, 2164, 1650, 2314, 2549, 1968, 3400, 480, 1238, 1414, 1359, 381, 91, 939, 3201, 3278, 465, 549, 844, 1778, 523, 438, 2901, 2737, 2348, 440, 502, 1940, 1033, 2237, 3189, 207, 2546, 380, 3308, 952, 1982, 2010, 3385, 1298, 3330, 1898, 445, 1267, 2078, 345, 2254, 3126, 538, 900, 819, 3183, 1856, 2742, 3236, 1794, 1395, 3355, 469, 208, 53, 3450, 3196, 1632, 2187, 389, 3486, 3197, 2694, 3358, 150, 2599, 1354, 1049, 500, 2739, 2281, 456, 2871, 2031, 2664, 2584, 3206, 1949, 2205, 2227, 2706, 1372, 3345, 1015, 1388, 2723, 421, 1901, 1878, 243, 1394, 481, 848, 2301, 533, 1257, 1300, 3393, 833, 3365, 1426, 499, 520, 205, 2238, 2167, 2015, 470, 1288, 1979, 3260, 2320, 1790, 1830, 1268, 1520, 2354, 468, 528, 491, 2353, 571, 677, 507, 2337, 1523, 934, 2087, 2479, 2902, 850, 2218, 3337, 2308, 1504, 3205, 1276, 1482, 3397, 2497, 2043, 378, 334, 3227, 3479, 2869, 409, 1810, 2005, 282, 2162, 1941, 3181, 839, 591, 906, 3399, 452, 863, 2531, 3352, 479, 2379, 3193, 1882, 3124, 1428, 444, 1952, 2897, 2712, 3383, 3160, 2763, 1488, 606, 2732, 1899, 2325, 514, 106, 1228, 508, 1074, 190, 179, 1289, 1420, 2285, 2682, 3215, 488, 1823, 1980, 2247, 883, 490, 2269, 1795, 1793, 1307, 903, 3446, 161, 3430, 2184, 792, 3252, 2196, 2219, 2603, 623, 2125, 2821, 3175, 461, 1988, 1062, 483, 667, 2631, 2296, 1254, 3317, 417, 1357, 477, 29, 2331, 2081, 1892, 1380, 2262, 2453, 3401, 1905, 2018, 2405, 2726, 998, 1970, 436, 504, 390, 269, 3241, 1752, 2676, 86, 439, 1826, 1578, 1046, 539, 2536, 449, 1392, 1365, 983, 1727, 299, 1249, 1540, 2716, 537, 2072, 2703, 3364, 750, 2555, 1308, 3169, 1832, 1875, 841, 1770, 851, 2291, 2349, 2293, 3475, 909, 198, 2875, 3090, 346, 1401, 3424, 513, 2672, 2264, 3221, 2604, 2154, 2170, 1258, 1413, 948, 1864, 428, 1083, 2989, 1424, 1975, 1945, 894, 3489, 578, 2776, 3134, 1279, 3411, 2550, 2174, 1229, 1938, 534, 1386, 1278, 158, 2207, 870, 3294, 2517, 1993, 2080, 2151, 2328, 492, 1209, 2309, 1936, 2358, 164, 2367, 2333, 3384, 3251, 2494, 1645, 562, 1345, 3452, 3223, 224, 1829, 825, 2230, 1358, 864, 3112, 1376, 1306, 2734, 3357, 789, 1023, 2552, 896, 1622, 2261, 3377, 2412, 40, 3464, 2289, 2214, 3266, 2720, 3061, 2595, 3307, 1927, 1490, 1148, 426, 344, 3487, 610, 69, 474, 3192, 877, 1389, 156, 2329, 943, 3321, 175, 1918, 117, 933, 1516, 1653, 1870, 2680, 1264, 1860, 914, 413, 2770, 2277, 3484, 336, 1818, 994, 1655, 3229, 2355, 2191, 1903, 811, 195, 1481, 1299, 2007, 1545, 524, 1762]

solved select: 467 in 48235.48 seconds
iteration: 0, n requested: 467, n selected: 466, selected: [1094, 2693, 2356, 3488, 2442, 1382, 1024, 2347, 126, 1989, 3204, 868, 3370, 3468, 3441, 2327, 1900, 472, 1646, 509, 1342, 1285, 2791, 431, 2336, 1873, 443, 359, 1281, 2422, 1479, 2889, 162, 2299, 446, 3178, 385, 387, 1206, 3328, 3225, 2164, 1650, 2314, 2549, 1968, 3400, 480, 1238, 1414, 1359, 381, 91, 939, 3201, 3278, 465, 549, 844, 1778, 523, 438, 2901, 2737, 2348, 440, 502, 1940, 1033, 2237, 3189, 207, 2546, 380, 3308, 952, 1982, 2010, 3385, 1298, 3330, 1898, 445, 1267, 2078, 345, 2254, 3126, 538, 900, 819, 3183, 1856, 2742, 3236, 1794, 1395, 3355, 469, 208, 53, 3450, 3196, 1632, 2187, 389, 3486, 3197, 2694, 3358, 150, 2599, 1354, 1049, 500, 2739, 2281, 456, 2871, 2031, 2664, 2584, 3206, 1949, 2205, 2227, 2706, 1372, 3345, 1015, 1388, 2723, 421, 1901, 1878, 243, 1394, 481, 848, 2301, 533, 1257, 1300, 3393, 833, 3365, 1426, 499, 520, 205, 2238, 2167, 2015, 470, 1288, 1979, 3260, 2320, 1790, 1830, 1268, 1520, 2354, 468, 528, 491, 2353, 571, 677, 507, 2337, 1523, 934, 2087, 2479, 2902, 850, 2218, 3337, 2308, 1504, 3205, 1276, 1482, 3397, 2497, 2043, 378, 334, 3227, 3479, 2869, 409, 1810, 2005, 282, 2162, 1941, 3181, 839, 591, 906, 3399, 452, 863, 2531, 3352, 479, 2379, 3193, 1882, 3124, 1428, 444, 1952, 2897, 2712, 3383, 3160, 2763, 1488, 606, 2732, 1899, 2325, 514, 106, 1228, 508, 1074, 190, 179, 1289, 1420, 2285, 2682, 3215, 488, 1823, 1980, 2247, 883, 490, 2269, 1795, 1793, 1307, 903, 3446, 161, 3430, 2184, 792, 3252, 2196, 2219, 2603, 623, 2125, 2821, 3175, 461, 1988, 1062, 483, 667, 2631, 2296, 1254, 3317, 417, 1357, 477, 29, 2331, 2081, 1892, 1380, 2262, 2453, 3401, 1905, 2018, 2405, 2726, 998, 1970, 436, 504, 390, 269, 3241, 1752, 2676, 86, 439, 1826, 1578, 1046, 539, 2536, 449, 1392, 1365, 983, 1727, 299, 1249, 1540, 2716, 537, 2072, 2703, 3364, 750, 2555, 1308, 3169, 1832, 1875, 841, 1770, 851, 2291, 2349, 2293, 3475, 909, 198, 2875, 3090, 346, 1401, 3424, 513, 2672, 2264, 3221, 2604, 2154, 2170, 1258, 1413, 948, 1864, 428, 1083, 2989, 1424, 1975, 1945, 894, 3489, 578, 2776, 3134, 1279, 3411, 2550, 2174, 1229, 1938, 534, 1386, 1278, 158, 2207, 870, 3294, 2517, 1993, 2080, 2151, 2328, 492, 1209, 2309, 1936, 2358, 164, 2367, 2333, 3384, 3251, 2494, 1645, 562, 1345, 3452, 3223, 224, 1829, 825, 2230, 1358, 864, 3112, 1376, 1306, 2734, 3357, 789, 1023, 2552, 896, 1622, 2261, 3377, 2412, 40, 3464, 2289, 2214, 3266, 2720, 3061, 2595, 3307, 1927, 1490, 1148, 426, 344, 3487, 610, 69, 474, 3192, 877, 1389, 156, 2329, 943, 3321, 175, 1918, 117, 933, 1516, 1653, 1870, 2680, 1264, 1860, 914, 413, 2770, 2277, 3484, 336, 1818, 994, 1655, 3229, 2355, 2191, 1903, 811, 195, 1481, 1299, 2007, 1545, 524, 1762, 2736]

solved select: 468 in 48420.57 seconds
iteration: 0, n requested: 468, n selected: 467, selected: [1094, 2693, 2356, 3488, 2442, 1382, 1024, 2347, 126, 1989, 3204, 868, 3370, 3468, 3441, 2327, 1900, 472, 1646, 509, 1342, 1285, 2791, 431, 2336, 1873, 443, 359, 1281, 2422, 1479, 2889, 162, 2299, 446, 3178, 385, 387, 1206, 3328, 3225, 2164, 1650, 2314, 2549, 1968, 3400, 480, 1238, 1414, 1359, 381, 91, 939, 3201, 3278, 465, 549, 844, 1778, 523, 438, 2901, 2737, 2348, 440, 502, 1940, 1033, 2237, 3189, 207, 2546, 380, 3308, 952, 1982, 2010, 3385, 1298, 3330, 1898, 445, 1267, 2078, 345, 2254, 3126, 538, 900, 819, 3183, 1856, 2742, 3236, 1794, 1395, 3355, 469, 208, 53, 3450, 3196, 1632, 2187, 389, 3486, 3197, 2694, 3358, 150, 2599, 1354, 1049, 500, 2739, 2281, 456, 2871, 2031, 2664, 2584, 3206, 1949, 2205, 2227, 2706, 1372, 3345, 1015, 1388, 2723, 421, 1901, 1878, 243, 1394, 481, 848, 2301, 533, 1257, 1300, 3393, 833, 3365, 1426, 499, 520, 205, 2238, 2167, 2015, 470, 1288, 1979, 3260, 2320, 1790, 1830, 1268, 1520, 2354, 468, 528, 491, 2353, 571, 677, 507, 2337, 1523, 934, 2087, 2479, 2902, 850, 2218, 3337, 2308, 1504, 3205, 1276, 1482, 3397, 2497, 2043, 378, 334, 3227, 3479, 2869, 409, 1810, 2005, 282, 2162, 1941, 3181, 839, 591, 906, 3399, 452, 863, 2531, 3352, 479, 2379, 3193, 1882, 3124, 1428, 444, 1952, 2897, 2712, 3383, 3160, 2763, 1488, 606, 2732, 1899, 2325, 514, 106, 1228, 508, 1074, 190, 179, 1289, 1420, 2285, 2682, 3215, 488, 1823, 1980, 2247, 883, 490, 2269, 1795, 1793, 1307, 903, 3446, 161, 3430, 2184, 792, 3252, 2196, 2219, 2603, 623, 2125, 2821, 3175, 461, 1988, 1062, 483, 667, 2631, 2296, 1254, 3317, 417, 1357, 477, 29, 2331, 2081, 1892, 1380, 2262, 2453, 3401, 1905, 2018, 2405, 2726, 998, 1970, 436, 504, 390, 269, 3241, 1752, 2676, 86, 439, 1826, 1578, 1046, 539, 2536, 449, 1392, 1365, 983, 1727, 299, 1249, 1540, 2716, 537, 2072, 2703, 3364, 750, 2555, 1308, 3169, 1832, 1875, 841, 1770, 851, 2291, 2349, 2293, 3475, 909, 198, 2875, 3090, 346, 1401, 3424, 513, 2672, 2264, 3221, 2604, 2154, 2170, 1258, 1413, 948, 1864, 428, 1083, 2989, 1424, 1975, 1945, 894, 3489, 578, 2776, 3134, 1279, 3411, 2550, 2174, 1229, 1938, 534, 1386, 1278, 158, 2207, 870, 3294, 2517, 1993, 2080, 2151, 2328, 492, 1209, 2309, 1936, 2358, 164, 2367, 2333, 3384, 3251, 2494, 1645, 562, 1345, 3452, 3223, 224, 1829, 825, 2230, 1358, 864, 3112, 1376, 1306, 2734, 3357, 789, 1023, 2552, 896, 1622, 2261, 3377, 2412, 40, 3464, 2289, 2214, 3266, 2720, 3061, 2595, 3307, 1927, 1490, 1148, 426, 344, 3487, 610, 69, 474, 3192, 877, 1389, 156, 2329, 943, 3321, 175, 1918, 117, 933, 1516, 1653, 1870, 2680, 1264, 1860, 914, 413, 2770, 2277, 3484, 336, 1818, 994, 1655, 3229, 2355, 2191, 1903, 811, 195, 1481, 1299, 2007, 1545, 524, 1762, 2736, 1619]

solved select: 469 in 48602.36 seconds
iteration: 0, n requested: 469, n selected: 468, selected: [1094, 2693, 2356, 3488, 2442, 1382, 1024, 2347, 126, 1989, 3204, 868, 3370, 3468, 3441, 2327, 1900, 472, 1646, 509, 1342, 1285, 2791, 431, 2336, 1873, 443, 359, 1281, 2422, 1479, 2889, 162, 2299, 446, 3178, 385, 387, 1206, 3328, 3225, 2164, 1650, 2314, 2549, 1968, 3400, 480, 1238, 1414, 1359, 381, 91, 939, 3201, 3278, 465, 549, 844, 1778, 523, 438, 2901, 2737, 2348, 440, 502, 1940, 1033, 2237, 3189, 207, 2546, 380, 3308, 952, 1982, 2010, 3385, 1298, 3330, 1898, 445, 1267, 2078, 345, 2254, 3126, 538, 900, 819, 3183, 1856, 2742, 3236, 1794, 1395, 3355, 469, 208, 53, 3450, 3196, 1632, 2187, 389, 3486, 3197, 2694, 3358, 150, 2599, 1354, 1049, 500, 2739, 2281, 456, 2871, 2031, 2664, 2584, 3206, 1949, 2205, 2227, 2706, 1372, 3345, 1015, 1388, 2723, 421, 1901, 1878, 243, 1394, 481, 848, 2301, 533, 1257, 1300, 3393, 833, 3365, 1426, 499, 520, 205, 2238, 2167, 2015, 470, 1288, 1979, 3260, 2320, 1790, 1830, 1268, 1520, 2354, 468, 528, 491, 2353, 571, 677, 507, 2337, 1523, 934, 2087, 2479, 2902, 850, 2218, 3337, 2308, 1504, 3205, 1276, 1482, 3397, 2497, 2043, 378, 334, 3227, 3479, 2869, 409, 1810, 2005, 282, 2162, 1941, 3181, 839, 591, 906, 3399, 452, 863, 2531, 3352, 479, 2379, 3193, 1882, 3124, 1428, 444, 1952, 2897, 2712, 3383, 3160, 2763, 1488, 606, 2732, 1899, 2325, 514, 106, 1228, 508, 1074, 190, 179, 1289, 1420, 2285, 2682, 3215, 488, 1823, 1980, 2247, 883, 490, 2269, 1795, 1793, 1307, 903, 3446, 161, 3430, 2184, 792, 3252, 2196, 2219, 2603, 623, 2125, 2821, 3175, 461, 1988, 1062, 483, 667, 2631, 2296, 1254, 3317, 417, 1357, 477, 29, 2331, 2081, 1892, 1380, 2262, 2453, 3401, 1905, 2018, 2405, 2726, 998, 1970, 436, 504, 390, 269, 3241, 1752, 2676, 86, 439, 1826, 1578, 1046, 539, 2536, 449, 1392, 1365, 983, 1727, 299, 1249, 1540, 2716, 537, 2072, 2703, 3364, 750, 2555, 1308, 3169, 1832, 1875, 841, 1770, 851, 2291, 2349, 2293, 3475, 909, 198, 2875, 3090, 346, 1401, 3424, 513, 2672, 2264, 3221, 2604, 2154, 2170, 1258, 1413, 948, 1864, 428, 1083, 2989, 1424, 1975, 1945, 894, 3489, 578, 2776, 3134, 1279, 3411, 2550, 2174, 1229, 1938, 534, 1386, 1278, 158, 2207, 870, 3294, 2517, 1993, 2080, 2151, 2328, 492, 1209, 2309, 1936, 2358, 164, 2367, 2333, 3384, 3251, 2494, 1645, 562, 1345, 3452, 3223, 224, 1829, 825, 2230, 1358, 864, 3112, 1376, 1306, 2734, 3357, 789, 1023, 2552, 896, 1622, 2261, 3377, 2412, 40, 3464, 2289, 2214, 3266, 2720, 3061, 2595, 3307, 1927, 1490, 1148, 426, 344, 3487, 610, 69, 474, 3192, 877, 1389, 156, 2329, 943, 3321, 175, 1918, 117, 933, 1516, 1653, 1870, 2680, 1264, 1860, 914, 413, 2770, 2277, 3484, 336, 1818, 994, 1655, 3229, 2355, 2191, 1903, 811, 195, 1481, 1299, 2007, 1545, 524, 1762, 2736, 1619, 471]

solved select: 470 in 48797.57 seconds
iteration: 0, n requested: 470, n selected: 469, selected: [1094, 2693, 2356, 3488, 2442, 1382, 1024, 2347, 126, 1989, 3204, 868, 3370, 3468, 3441, 2327, 1900, 472, 1646, 509, 1342, 1285, 2791, 431, 2336, 1873, 443, 359, 1281, 2422, 1479, 2889, 162, 2299, 446, 3178, 385, 387, 1206, 3328, 3225, 2164, 1650, 2314, 2549, 1968, 3400, 480, 1238, 1414, 1359, 381, 91, 939, 3201, 3278, 465, 549, 844, 1778, 523, 438, 2901, 2737, 2348, 440, 502, 1940, 1033, 2237, 3189, 207, 2546, 380, 3308, 952, 1982, 2010, 3385, 1298, 3330, 1898, 445, 1267, 2078, 345, 2254, 3126, 538, 900, 819, 3183, 1856, 2742, 3236, 1794, 1395, 3355, 469, 208, 53, 3450, 3196, 1632, 2187, 389, 3486, 3197, 2694, 3358, 150, 2599, 1354, 1049, 500, 2739, 2281, 456, 2871, 2031, 2664, 2584, 3206, 1949, 2205, 2227, 2706, 1372, 3345, 1015, 1388, 2723, 421, 1901, 1878, 243, 1394, 481, 848, 2301, 533, 1257, 1300, 3393, 833, 3365, 1426, 499, 520, 205, 2238, 2167, 2015, 470, 1288, 1979, 3260, 2320, 1790, 1830, 1268, 1520, 2354, 468, 528, 491, 2353, 571, 677, 507, 2337, 1523, 934, 2087, 2479, 2902, 850, 2218, 3337, 2308, 1504, 3205, 1276, 1482, 3397, 2497, 2043, 378, 334, 3227, 3479, 2869, 409, 1810, 2005, 282, 2162, 1941, 3181, 839, 591, 906, 3399, 452, 863, 2531, 3352, 479, 2379, 3193, 1882, 3124, 1428, 444, 1952, 2897, 2712, 3383, 3160, 2763, 1488, 606, 2732, 1899, 2325, 514, 106, 1228, 508, 1074, 190, 179, 1289, 1420, 2285, 2682, 3215, 488, 1823, 1980, 2247, 883, 490, 2269, 1795, 1793, 1307, 903, 3446, 161, 3430, 2184, 792, 3252, 2196, 2219, 2603, 623, 2125, 2821, 3175, 461, 1988, 1062, 483, 667, 2631, 2296, 1254, 3317, 417, 1357, 477, 29, 2331, 2081, 1892, 1380, 2262, 2453, 3401, 1905, 2018, 2405, 2726, 998, 1970, 436, 504, 390, 269, 3241, 1752, 2676, 86, 439, 1826, 1578, 1046, 539, 2536, 449, 1392, 1365, 983, 1727, 299, 1249, 1540, 2716, 537, 2072, 2703, 3364, 750, 2555, 1308, 3169, 1832, 1875, 841, 1770, 851, 2291, 2349, 2293, 3475, 909, 198, 2875, 3090, 346, 1401, 3424, 513, 2672, 2264, 3221, 2604, 2154, 2170, 1258, 1413, 948, 1864, 428, 1083, 2989, 1424, 1975, 1945, 894, 3489, 578, 2776, 3134, 1279, 3411, 2550, 2174, 1229, 1938, 534, 1386, 1278, 158, 2207, 870, 3294, 2517, 1993, 2080, 2151, 2328, 492, 1209, 2309, 1936, 2358, 164, 2367, 2333, 3384, 3251, 2494, 1645, 562, 1345, 3452, 3223, 224, 1829, 825, 2230, 1358, 864, 3112, 1376, 1306, 2734, 3357, 789, 1023, 2552, 896, 1622, 2261, 3377, 2412, 40, 3464, 2289, 2214, 3266, 2720, 3061, 2595, 3307, 1927, 1490, 1148, 426, 344, 3487, 610, 69, 474, 3192, 877, 1389, 156, 2329, 943, 3321, 175, 1918, 117, 933, 1516, 1653, 1870, 2680, 1264, 1860, 914, 413, 2770, 2277, 3484, 336, 1818, 994, 1655, 3229, 2355, 2191, 1903, 811, 195, 1481, 1299, 2007, 1545, 524, 1762, 2736, 1619, 471, 3194]

solved select: 471 in 48981.47 seconds
iteration: 0, n requested: 471, n selected: 470, selected: [1094, 2693, 2356, 3488, 2442, 1382, 1024, 2347, 126, 1989, 3204, 868, 3370, 3468, 3441, 2327, 1900, 472, 1646, 509, 1342, 1285, 2791, 431, 2336, 1873, 443, 359, 1281, 2422, 1479, 2889, 162, 2299, 446, 3178, 385, 387, 1206, 3328, 3225, 2164, 1650, 2314, 2549, 1968, 3400, 480, 1238, 1414, 1359, 381, 91, 939, 3201, 3278, 465, 549, 844, 1778, 523, 438, 2901, 2737, 2348, 440, 502, 1940, 1033, 2237, 3189, 207, 2546, 380, 3308, 952, 1982, 2010, 3385, 1298, 3330, 1898, 445, 1267, 2078, 345, 2254, 3126, 538, 900, 819, 3183, 1856, 2742, 3236, 1794, 1395, 3355, 469, 208, 53, 3450, 3196, 1632, 2187, 389, 3486, 3197, 2694, 3358, 150, 2599, 1354, 1049, 500, 2739, 2281, 456, 2871, 2031, 2664, 2584, 3206, 1949, 2205, 2227, 2706, 1372, 3345, 1015, 1388, 2723, 421, 1901, 1878, 243, 1394, 481, 848, 2301, 533, 1257, 1300, 3393, 833, 3365, 1426, 499, 520, 205, 2238, 2167, 2015, 470, 1288, 1979, 3260, 2320, 1790, 1830, 1268, 1520, 2354, 468, 528, 491, 2353, 571, 677, 507, 2337, 1523, 934, 2087, 2479, 2902, 850, 2218, 3337, 2308, 1504, 3205, 1276, 1482, 3397, 2497, 2043, 378, 334, 3227, 3479, 2869, 409, 1810, 2005, 282, 2162, 1941, 3181, 839, 591, 906, 3399, 452, 863, 2531, 3352, 479, 2379, 3193, 1882, 3124, 1428, 444, 1952, 2897, 2712, 3383, 3160, 2763, 1488, 606, 2732, 1899, 2325, 514, 106, 1228, 508, 1074, 190, 179, 1289, 1420, 2285, 2682, 3215, 488, 1823, 1980, 2247, 883, 490, 2269, 1795, 1793, 1307, 903, 3446, 161, 3430, 2184, 792, 3252, 2196, 2219, 2603, 623, 2125, 2821, 3175, 461, 1988, 1062, 483, 667, 2631, 2296, 1254, 3317, 417, 1357, 477, 29, 2331, 2081, 1892, 1380, 2262, 2453, 3401, 1905, 2018, 2405, 2726, 998, 1970, 436, 504, 390, 269, 3241, 1752, 2676, 86, 439, 1826, 1578, 1046, 539, 2536, 449, 1392, 1365, 983, 1727, 299, 1249, 1540, 2716, 537, 2072, 2703, 3364, 750, 2555, 1308, 3169, 1832, 1875, 841, 1770, 851, 2291, 2349, 2293, 3475, 909, 198, 2875, 3090, 346, 1401, 3424, 513, 2672, 2264, 3221, 2604, 2154, 2170, 1258, 1413, 948, 1864, 428, 1083, 2989, 1424, 1975, 1945, 894, 3489, 578, 2776, 3134, 1279, 3411, 2550, 2174, 1229, 1938, 534, 1386, 1278, 158, 2207, 870, 3294, 2517, 1993, 2080, 2151, 2328, 492, 1209, 2309, 1936, 2358, 164, 2367, 2333, 3384, 3251, 2494, 1645, 562, 1345, 3452, 3223, 224, 1829, 825, 2230, 1358, 864, 3112, 1376, 1306, 2734, 3357, 789, 1023, 2552, 896, 1622, 2261, 3377, 2412, 40, 3464, 2289, 2214, 3266, 2720, 3061, 2595, 3307, 1927, 1490, 1148, 426, 344, 3487, 610, 69, 474, 3192, 877, 1389, 156, 2329, 943, 3321, 175, 1918, 117, 933, 1516, 1653, 1870, 2680, 1264, 1860, 914, 413, 2770, 2277, 3484, 336, 1818, 994, 1655, 3229, 2355, 2191, 1903, 811, 195, 1481, 1299, 2007, 1545, 524, 1762, 2736, 1619, 471, 3194, 1983]

solved select: 472 in 49170.20 seconds
iteration: 0, n requested: 472, n selected: 471, selected: [1094, 2693, 2356, 3488, 2442, 1382, 1024, 2347, 126, 1989, 3204, 868, 3370, 3468, 3441, 2327, 1900, 472, 1646, 509, 1342, 1285, 2791, 431, 2336, 1873, 443, 359, 1281, 2422, 1479, 2889, 162, 2299, 446, 3178, 385, 387, 1206, 3328, 3225, 2164, 1650, 2314, 2549, 1968, 3400, 480, 1238, 1414, 1359, 381, 91, 939, 3201, 3278, 465, 549, 844, 1778, 523, 438, 2901, 2737, 2348, 440, 502, 1940, 1033, 2237, 3189, 207, 2546, 380, 3308, 952, 1982, 2010, 3385, 1298, 3330, 1898, 445, 1267, 2078, 345, 2254, 3126, 538, 900, 819, 3183, 1856, 2742, 3236, 1794, 1395, 3355, 469, 208, 53, 3450, 3196, 1632, 2187, 389, 3486, 3197, 2694, 3358, 150, 2599, 1354, 1049, 500, 2739, 2281, 456, 2871, 2031, 2664, 2584, 3206, 1949, 2205, 2227, 2706, 1372, 3345, 1015, 1388, 2723, 421, 1901, 1878, 243, 1394, 481, 848, 2301, 533, 1257, 1300, 3393, 833, 3365, 1426, 499, 520, 205, 2238, 2167, 2015, 470, 1288, 1979, 3260, 2320, 1790, 1830, 1268, 1520, 2354, 468, 528, 491, 2353, 571, 677, 507, 2337, 1523, 934, 2087, 2479, 2902, 850, 2218, 3337, 2308, 1504, 3205, 1276, 1482, 3397, 2497, 2043, 378, 334, 3227, 3479, 2869, 409, 1810, 2005, 282, 2162, 1941, 3181, 839, 591, 906, 3399, 452, 863, 2531, 3352, 479, 2379, 3193, 1882, 3124, 1428, 444, 1952, 2897, 2712, 3383, 3160, 2763, 1488, 606, 2732, 1899, 2325, 514, 106, 1228, 508, 1074, 190, 179, 1289, 1420, 2285, 2682, 3215, 488, 1823, 1980, 2247, 883, 490, 2269, 1795, 1793, 1307, 903, 3446, 161, 3430, 2184, 792, 3252, 2196, 2219, 2603, 623, 2125, 2821, 3175, 461, 1988, 1062, 483, 667, 2631, 2296, 1254, 3317, 417, 1357, 477, 29, 2331, 2081, 1892, 1380, 2262, 2453, 3401, 1905, 2018, 2405, 2726, 998, 1970, 436, 504, 390, 269, 3241, 1752, 2676, 86, 439, 1826, 1578, 1046, 539, 2536, 449, 1392, 1365, 983, 1727, 299, 1249, 1540, 2716, 537, 2072, 2703, 3364, 750, 2555, 1308, 3169, 1832, 1875, 841, 1770, 851, 2291, 2349, 2293, 3475, 909, 198, 2875, 3090, 346, 1401, 3424, 513, 2672, 2264, 3221, 2604, 2154, 2170, 1258, 1413, 948, 1864, 428, 1083, 2989, 1424, 1975, 1945, 894, 3489, 578, 2776, 3134, 1279, 3411, 2550, 2174, 1229, 1938, 534, 1386, 1278, 158, 2207, 870, 3294, 2517, 1993, 2080, 2151, 2328, 492, 1209, 2309, 1936, 2358, 164, 2367, 2333, 3384, 3251, 2494, 1645, 562, 1345, 3452, 3223, 224, 1829, 825, 2230, 1358, 864, 3112, 1376, 1306, 2734, 3357, 789, 1023, 2552, 896, 1622, 2261, 3377, 2412, 40, 3464, 2289, 2214, 3266, 2720, 3061, 2595, 3307, 1927, 1490, 1148, 426, 344, 3487, 610, 69, 474, 3192, 877, 1389, 156, 2329, 943, 3321, 175, 1918, 117, 933, 1516, 1653, 1870, 2680, 1264, 1860, 914, 413, 2770, 2277, 3484, 336, 1818, 994, 1655, 3229, 2355, 2191, 1903, 811, 195, 1481, 1299, 2007, 1545, 524, 1762, 2736, 1619, 471, 3194, 1983, 2674]

solved select: 473 in 49360.30 seconds
iteration: 0, n requested: 473, n selected: 472, selected: [1094, 2693, 2356, 3488, 2442, 1382, 1024, 2347, 126, 1989, 3204, 868, 3370, 3468, 3441, 2327, 1900, 472, 1646, 509, 1342, 1285, 2791, 431, 2336, 1873, 443, 359, 1281, 2422, 1479, 2889, 162, 2299, 446, 3178, 385, 387, 1206, 3328, 3225, 2164, 1650, 2314, 2549, 1968, 3400, 480, 1238, 1414, 1359, 381, 91, 939, 3201, 3278, 465, 549, 844, 1778, 523, 438, 2901, 2737, 2348, 440, 502, 1940, 1033, 2237, 3189, 207, 2546, 380, 3308, 952, 1982, 2010, 3385, 1298, 3330, 1898, 445, 1267, 2078, 345, 2254, 3126, 538, 900, 819, 3183, 1856, 2742, 3236, 1794, 1395, 3355, 469, 208, 53, 3450, 3196, 1632, 2187, 389, 3486, 3197, 2694, 3358, 150, 2599, 1354, 1049, 500, 2739, 2281, 456, 2871, 2031, 2664, 2584, 3206, 1949, 2205, 2227, 2706, 1372, 3345, 1015, 1388, 2723, 421, 1901, 1878, 243, 1394, 481, 848, 2301, 533, 1257, 1300, 3393, 833, 3365, 1426, 499, 520, 205, 2238, 2167, 2015, 470, 1288, 1979, 3260, 2320, 1790, 1830, 1268, 1520, 2354, 468, 528, 491, 2353, 571, 677, 507, 2337, 1523, 934, 2087, 2479, 2902, 850, 2218, 3337, 2308, 1504, 3205, 1276, 1482, 3397, 2497, 2043, 378, 334, 3227, 3479, 2869, 409, 1810, 2005, 282, 2162, 1941, 3181, 839, 591, 906, 3399, 452, 863, 2531, 3352, 479, 2379, 3193, 1882, 3124, 1428, 444, 1952, 2897, 2712, 3383, 3160, 2763, 1488, 606, 2732, 1899, 2325, 514, 106, 1228, 508, 1074, 190, 179, 1289, 1420, 2285, 2682, 3215, 488, 1823, 1980, 2247, 883, 490, 2269, 1795, 1793, 1307, 903, 3446, 161, 3430, 2184, 792, 3252, 2196, 2219, 2603, 623, 2125, 2821, 3175, 461, 1988, 1062, 483, 667, 2631, 2296, 1254, 3317, 417, 1357, 477, 29, 2331, 2081, 1892, 1380, 2262, 2453, 3401, 1905, 2018, 2405, 2726, 998, 1970, 436, 504, 390, 269, 3241, 1752, 2676, 86, 439, 1826, 1578, 1046, 539, 2536, 449, 1392, 1365, 983, 1727, 299, 1249, 1540, 2716, 537, 2072, 2703, 3364, 750, 2555, 1308, 3169, 1832, 1875, 841, 1770, 851, 2291, 2349, 2293, 3475, 909, 198, 2875, 3090, 346, 1401, 3424, 513, 2672, 2264, 3221, 2604, 2154, 2170, 1258, 1413, 948, 1864, 428, 1083, 2989, 1424, 1975, 1945, 894, 3489, 578, 2776, 3134, 1279, 3411, 2550, 2174, 1229, 1938, 534, 1386, 1278, 158, 2207, 870, 3294, 2517, 1993, 2080, 2151, 2328, 492, 1209, 2309, 1936, 2358, 164, 2367, 2333, 3384, 3251, 2494, 1645, 562, 1345, 3452, 3223, 224, 1829, 825, 2230, 1358, 864, 3112, 1376, 1306, 2734, 3357, 789, 1023, 2552, 896, 1622, 2261, 3377, 2412, 40, 3464, 2289, 2214, 3266, 2720, 3061, 2595, 3307, 1927, 1490, 1148, 426, 344, 3487, 610, 69, 474, 3192, 877, 1389, 156, 2329, 943, 3321, 175, 1918, 117, 933, 1516, 1653, 1870, 2680, 1264, 1860, 914, 413, 2770, 2277, 3484, 336, 1818, 994, 1655, 3229, 2355, 2191, 1903, 811, 195, 1481, 1299, 2007, 1545, 524, 1762, 2736, 1619, 471, 3194, 1983, 2674, 2107]

solved select: 474 in 49543.92 seconds
iteration: 0, n requested: 474, n selected: 473, selected: [1094, 2693, 2356, 3488, 2442, 1382, 1024, 2347, 126, 1989, 3204, 868, 3370, 3468, 3441, 2327, 1900, 472, 1646, 509, 1342, 1285, 2791, 431, 2336, 1873, 443, 359, 1281, 2422, 1479, 2889, 162, 2299, 446, 3178, 385, 387, 1206, 3328, 3225, 2164, 1650, 2314, 2549, 1968, 3400, 480, 1238, 1414, 1359, 381, 91, 939, 3201, 3278, 465, 549, 844, 1778, 523, 438, 2901, 2737, 2348, 440, 502, 1940, 1033, 2237, 3189, 207, 2546, 380, 3308, 952, 1982, 2010, 3385, 1298, 3330, 1898, 445, 1267, 2078, 345, 2254, 3126, 538, 900, 819, 3183, 1856, 2742, 3236, 1794, 1395, 3355, 469, 208, 53, 3450, 3196, 1632, 2187, 389, 3486, 3197, 2694, 3358, 150, 2599, 1354, 1049, 500, 2739, 2281, 456, 2871, 2031, 2664, 2584, 3206, 1949, 2205, 2227, 2706, 1372, 3345, 1015, 1388, 2723, 421, 1901, 1878, 243, 1394, 481, 848, 2301, 533, 1257, 1300, 3393, 833, 3365, 1426, 499, 520, 205, 2238, 2167, 2015, 470, 1288, 1979, 3260, 2320, 1790, 1830, 1268, 1520, 2354, 468, 528, 491, 2353, 571, 677, 507, 2337, 1523, 934, 2087, 2479, 2902, 850, 2218, 3337, 2308, 1504, 3205, 1276, 1482, 3397, 2497, 2043, 378, 334, 3227, 3479, 2869, 409, 1810, 2005, 282, 2162, 1941, 3181, 839, 591, 906, 3399, 452, 863, 2531, 3352, 479, 2379, 3193, 1882, 3124, 1428, 444, 1952, 2897, 2712, 3383, 3160, 2763, 1488, 606, 2732, 1899, 2325, 514, 106, 1228, 508, 1074, 190, 179, 1289, 1420, 2285, 2682, 3215, 488, 1823, 1980, 2247, 883, 490, 2269, 1795, 1793, 1307, 903, 3446, 161, 3430, 2184, 792, 3252, 2196, 2219, 2603, 623, 2125, 2821, 3175, 461, 1988, 1062, 483, 667, 2631, 2296, 1254, 3317, 417, 1357, 477, 29, 2331, 2081, 1892, 1380, 2262, 2453, 3401, 1905, 2018, 2405, 2726, 998, 1970, 436, 504, 390, 269, 3241, 1752, 2676, 86, 439, 1826, 1578, 1046, 539, 2536, 449, 1392, 1365, 983, 1727, 299, 1249, 1540, 2716, 537, 2072, 2703, 3364, 750, 2555, 1308, 3169, 1832, 1875, 841, 1770, 851, 2291, 2349, 2293, 3475, 909, 198, 2875, 3090, 346, 1401, 3424, 513, 2672, 2264, 3221, 2604, 2154, 2170, 1258, 1413, 948, 1864, 428, 1083, 2989, 1424, 1975, 1945, 894, 3489, 578, 2776, 3134, 1279, 3411, 2550, 2174, 1229, 1938, 534, 1386, 1278, 158, 2207, 870, 3294, 2517, 1993, 2080, 2151, 2328, 492, 1209, 2309, 1936, 2358, 164, 2367, 2333, 3384, 3251, 2494, 1645, 562, 1345, 3452, 3223, 224, 1829, 825, 2230, 1358, 864, 3112, 1376, 1306, 2734, 3357, 789, 1023, 2552, 896, 1622, 2261, 3377, 2412, 40, 3464, 2289, 2214, 3266, 2720, 3061, 2595, 3307, 1927, 1490, 1148, 426, 344, 3487, 610, 69, 474, 3192, 877, 1389, 156, 2329, 943, 3321, 175, 1918, 117, 933, 1516, 1653, 1870, 2680, 1264, 1860, 914, 413, 2770, 2277, 3484, 336, 1818, 994, 1655, 3229, 2355, 2191, 1903, 811, 195, 1481, 1299, 2007, 1545, 524, 1762, 2736, 1619, 471, 3194, 1983, 2674, 2107, 3387]

solved select: 475 in 49744.61 seconds
iteration: 0, n requested: 475, n selected: 474, selected: [1094, 2693, 2356, 3488, 2442, 1382, 1024, 2347, 126, 1989, 3204, 868, 3370, 3468, 3441, 2327, 1900, 472, 1646, 509, 1342, 1285, 2791, 431, 2336, 1873, 443, 359, 1281, 2422, 1479, 2889, 162, 2299, 446, 3178, 385, 387, 1206, 3328, 3225, 2164, 1650, 2314, 2549, 1968, 3400, 480, 1238, 1414, 1359, 381, 91, 939, 3201, 3278, 465, 549, 844, 1778, 523, 438, 2901, 2737, 2348, 440, 502, 1940, 1033, 2237, 3189, 207, 2546, 380, 3308, 952, 1982, 2010, 3385, 1298, 3330, 1898, 445, 1267, 2078, 345, 2254, 3126, 538, 900, 819, 3183, 1856, 2742, 3236, 1794, 1395, 3355, 469, 208, 53, 3450, 3196, 1632, 2187, 389, 3486, 3197, 2694, 3358, 150, 2599, 1354, 1049, 500, 2739, 2281, 456, 2871, 2031, 2664, 2584, 3206, 1949, 2205, 2227, 2706, 1372, 3345, 1015, 1388, 2723, 421, 1901, 1878, 243, 1394, 481, 848, 2301, 533, 1257, 1300, 3393, 833, 3365, 1426, 499, 520, 205, 2238, 2167, 2015, 470, 1288, 1979, 3260, 2320, 1790, 1830, 1268, 1520, 2354, 468, 528, 491, 2353, 571, 677, 507, 2337, 1523, 934, 2087, 2479, 2902, 850, 2218, 3337, 2308, 1504, 3205, 1276, 1482, 3397, 2497, 2043, 378, 334, 3227, 3479, 2869, 409, 1810, 2005, 282, 2162, 1941, 3181, 839, 591, 906, 3399, 452, 863, 2531, 3352, 479, 2379, 3193, 1882, 3124, 1428, 444, 1952, 2897, 2712, 3383, 3160, 2763, 1488, 606, 2732, 1899, 2325, 514, 106, 1228, 508, 1074, 190, 179, 1289, 1420, 2285, 2682, 3215, 488, 1823, 1980, 2247, 883, 490, 2269, 1795, 1793, 1307, 903, 3446, 161, 3430, 2184, 792, 3252, 2196, 2219, 2603, 623, 2125, 2821, 3175, 461, 1988, 1062, 483, 667, 2631, 2296, 1254, 3317, 417, 1357, 477, 29, 2331, 2081, 1892, 1380, 2262, 2453, 3401, 1905, 2018, 2405, 2726, 998, 1970, 436, 504, 390, 269, 3241, 1752, 2676, 86, 439, 1826, 1578, 1046, 539, 2536, 449, 1392, 1365, 983, 1727, 299, 1249, 1540, 2716, 537, 2072, 2703, 3364, 750, 2555, 1308, 3169, 1832, 1875, 841, 1770, 851, 2291, 2349, 2293, 3475, 909, 198, 2875, 3090, 346, 1401, 3424, 513, 2672, 2264, 3221, 2604, 2154, 2170, 1258, 1413, 948, 1864, 428, 1083, 2989, 1424, 1975, 1945, 894, 3489, 578, 2776, 3134, 1279, 3411, 2550, 2174, 1229, 1938, 534, 1386, 1278, 158, 2207, 870, 3294, 2517, 1993, 2080, 2151, 2328, 492, 1209, 2309, 1936, 2358, 164, 2367, 2333, 3384, 3251, 2494, 1645, 562, 1345, 3452, 3223, 224, 1829, 825, 2230, 1358, 864, 3112, 1376, 1306, 2734, 3357, 789, 1023, 2552, 896, 1622, 2261, 3377, 2412, 40, 3464, 2289, 2214, 3266, 2720, 3061, 2595, 3307, 1927, 1490, 1148, 426, 344, 3487, 610, 69, 474, 3192, 877, 1389, 156, 2329, 943, 3321, 175, 1918, 117, 933, 1516, 1653, 1870, 2680, 1264, 1860, 914, 413, 2770, 2277, 3484, 336, 1818, 994, 1655, 3229, 2355, 2191, 1903, 811, 195, 1481, 1299, 2007, 1545, 524, 1762, 2736, 1619, 471, 3194, 1983, 2674, 2107, 3387, 829]

solved select: 476 in 49933.06 seconds
iteration: 0, n requested: 476, n selected: 475, selected: [1094, 2693, 2356, 3488, 2442, 1382, 1024, 2347, 126, 1989, 3204, 868, 3370, 3468, 3441, 2327, 1900, 472, 1646, 509, 1342, 1285, 2791, 431, 2336, 1873, 443, 359, 1281, 2422, 1479, 2889, 162, 2299, 446, 3178, 385, 387, 1206, 3328, 3225, 2164, 1650, 2314, 2549, 1968, 3400, 480, 1238, 1414, 1359, 381, 91, 939, 3201, 3278, 465, 549, 844, 1778, 523, 438, 2901, 2737, 2348, 440, 502, 1940, 1033, 2237, 3189, 207, 2546, 380, 3308, 952, 1982, 2010, 3385, 1298, 3330, 1898, 445, 1267, 2078, 345, 2254, 3126, 538, 900, 819, 3183, 1856, 2742, 3236, 1794, 1395, 3355, 469, 208, 53, 3450, 3196, 1632, 2187, 389, 3486, 3197, 2694, 3358, 150, 2599, 1354, 1049, 500, 2739, 2281, 456, 2871, 2031, 2664, 2584, 3206, 1949, 2205, 2227, 2706, 1372, 3345, 1015, 1388, 2723, 421, 1901, 1878, 243, 1394, 481, 848, 2301, 533, 1257, 1300, 3393, 833, 3365, 1426, 499, 520, 205, 2238, 2167, 2015, 470, 1288, 1979, 3260, 2320, 1790, 1830, 1268, 1520, 2354, 468, 528, 491, 2353, 571, 677, 507, 2337, 1523, 934, 2087, 2479, 2902, 850, 2218, 3337, 2308, 1504, 3205, 1276, 1482, 3397, 2497, 2043, 378, 334, 3227, 3479, 2869, 409, 1810, 2005, 282, 2162, 1941, 3181, 839, 591, 906, 3399, 452, 863, 2531, 3352, 479, 2379, 3193, 1882, 3124, 1428, 444, 1952, 2897, 2712, 3383, 3160, 2763, 1488, 606, 2732, 1899, 2325, 514, 106, 1228, 508, 1074, 190, 179, 1289, 1420, 2285, 2682, 3215, 488, 1823, 1980, 2247, 883, 490, 2269, 1795, 1793, 1307, 903, 3446, 161, 3430, 2184, 792, 3252, 2196, 2219, 2603, 623, 2125, 2821, 3175, 461, 1988, 1062, 483, 667, 2631, 2296, 1254, 3317, 417, 1357, 477, 29, 2331, 2081, 1892, 1380, 2262, 2453, 3401, 1905, 2018, 2405, 2726, 998, 1970, 436, 504, 390, 269, 3241, 1752, 2676, 86, 439, 1826, 1578, 1046, 539, 2536, 449, 1392, 1365, 983, 1727, 299, 1249, 1540, 2716, 537, 2072, 2703, 3364, 750, 2555, 1308, 3169, 1832, 1875, 841, 1770, 851, 2291, 2349, 2293, 3475, 909, 198, 2875, 3090, 346, 1401, 3424, 513, 2672, 2264, 3221, 2604, 2154, 2170, 1258, 1413, 948, 1864, 428, 1083, 2989, 1424, 1975, 1945, 894, 3489, 578, 2776, 3134, 1279, 3411, 2550, 2174, 1229, 1938, 534, 1386, 1278, 158, 2207, 870, 3294, 2517, 1993, 2080, 2151, 2328, 492, 1209, 2309, 1936, 2358, 164, 2367, 2333, 3384, 3251, 2494, 1645, 562, 1345, 3452, 3223, 224, 1829, 825, 2230, 1358, 864, 3112, 1376, 1306, 2734, 3357, 789, 1023, 2552, 896, 1622, 2261, 3377, 2412, 40, 3464, 2289, 2214, 3266, 2720, 3061, 2595, 3307, 1927, 1490, 1148, 426, 344, 3487, 610, 69, 474, 3192, 877, 1389, 156, 2329, 943, 3321, 175, 1918, 117, 933, 1516, 1653, 1870, 2680, 1264, 1860, 914, 413, 2770, 2277, 3484, 336, 1818, 994, 1655, 3229, 2355, 2191, 1903, 811, 195, 1481, 1299, 2007, 1545, 524, 1762, 2736, 1619, 471, 3194, 1983, 2674, 2107, 3387, 829, 1879]

solved select: 477 in 50115.25 seconds
iteration: 0, n requested: 477, n selected: 476, selected: [1094, 2693, 2356, 3488, 2442, 1382, 1024, 2347, 126, 1989, 3204, 868, 3370, 3468, 3441, 2327, 1900, 472, 1646, 509, 1342, 1285, 2791, 431, 2336, 1873, 443, 359, 1281, 2422, 1479, 2889, 162, 2299, 446, 3178, 385, 387, 1206, 3328, 3225, 2164, 1650, 2314, 2549, 1968, 3400, 480, 1238, 1414, 1359, 381, 91, 939, 3201, 3278, 465, 549, 844, 1778, 523, 438, 2901, 2737, 2348, 440, 502, 1940, 1033, 2237, 3189, 207, 2546, 380, 3308, 952, 1982, 2010, 3385, 1298, 3330, 1898, 445, 1267, 2078, 345, 2254, 3126, 538, 900, 819, 3183, 1856, 2742, 3236, 1794, 1395, 3355, 469, 208, 53, 3450, 3196, 1632, 2187, 389, 3486, 3197, 2694, 3358, 150, 2599, 1354, 1049, 500, 2739, 2281, 456, 2871, 2031, 2664, 2584, 3206, 1949, 2205, 2227, 2706, 1372, 3345, 1015, 1388, 2723, 421, 1901, 1878, 243, 1394, 481, 848, 2301, 533, 1257, 1300, 3393, 833, 3365, 1426, 499, 520, 205, 2238, 2167, 2015, 470, 1288, 1979, 3260, 2320, 1790, 1830, 1268, 1520, 2354, 468, 528, 491, 2353, 571, 677, 507, 2337, 1523, 934, 2087, 2479, 2902, 850, 2218, 3337, 2308, 1504, 3205, 1276, 1482, 3397, 2497, 2043, 378, 334, 3227, 3479, 2869, 409, 1810, 2005, 282, 2162, 1941, 3181, 839, 591, 906, 3399, 452, 863, 2531, 3352, 479, 2379, 3193, 1882, 3124, 1428, 444, 1952, 2897, 2712, 3383, 3160, 2763, 1488, 606, 2732, 1899, 2325, 514, 106, 1228, 508, 1074, 190, 179, 1289, 1420, 2285, 2682, 3215, 488, 1823, 1980, 2247, 883, 490, 2269, 1795, 1793, 1307, 903, 3446, 161, 3430, 2184, 792, 3252, 2196, 2219, 2603, 623, 2125, 2821, 3175, 461, 1988, 1062, 483, 667, 2631, 2296, 1254, 3317, 417, 1357, 477, 29, 2331, 2081, 1892, 1380, 2262, 2453, 3401, 1905, 2018, 2405, 2726, 998, 1970, 436, 504, 390, 269, 3241, 1752, 2676, 86, 439, 1826, 1578, 1046, 539, 2536, 449, 1392, 1365, 983, 1727, 299, 1249, 1540, 2716, 537, 2072, 2703, 3364, 750, 2555, 1308, 3169, 1832, 1875, 841, 1770, 851, 2291, 2349, 2293, 3475, 909, 198, 2875, 3090, 346, 1401, 3424, 513, 2672, 2264, 3221, 2604, 2154, 2170, 1258, 1413, 948, 1864, 428, 1083, 2989, 1424, 1975, 1945, 894, 3489, 578, 2776, 3134, 1279, 3411, 2550, 2174, 1229, 1938, 534, 1386, 1278, 158, 2207, 870, 3294, 2517, 1993, 2080, 2151, 2328, 492, 1209, 2309, 1936, 2358, 164, 2367, 2333, 3384, 3251, 2494, 1645, 562, 1345, 3452, 3223, 224, 1829, 825, 2230, 1358, 864, 3112, 1376, 1306, 2734, 3357, 789, 1023, 2552, 896, 1622, 2261, 3377, 2412, 40, 3464, 2289, 2214, 3266, 2720, 3061, 2595, 3307, 1927, 1490, 1148, 426, 344, 3487, 610, 69, 474, 3192, 877, 1389, 156, 2329, 943, 3321, 175, 1918, 117, 933, 1516, 1653, 1870, 2680, 1264, 1860, 914, 413, 2770, 2277, 3484, 336, 1818, 994, 1655, 3229, 2355, 2191, 1903, 811, 195, 1481, 1299, 2007, 1545, 524, 1762, 2736, 1619, 471, 3194, 1983, 2674, 2107, 3387, 829, 1879, 2137]

solved select: 478 in 50304.55 seconds
iteration: 0, n requested: 478, n selected: 477, selected: [1094, 2693, 2356, 3488, 2442, 1382, 1024, 2347, 126, 1989, 3204, 868, 3370, 3468, 3441, 2327, 1900, 472, 1646, 509, 1342, 1285, 2791, 431, 2336, 1873, 443, 359, 1281, 2422, 1479, 2889, 162, 2299, 446, 3178, 385, 387, 1206, 3328, 3225, 2164, 1650, 2314, 2549, 1968, 3400, 480, 1238, 1414, 1359, 381, 91, 939, 3201, 3278, 465, 549, 844, 1778, 523, 438, 2901, 2737, 2348, 440, 502, 1940, 1033, 2237, 3189, 207, 2546, 380, 3308, 952, 1982, 2010, 3385, 1298, 3330, 1898, 445, 1267, 2078, 345, 2254, 3126, 538, 900, 819, 3183, 1856, 2742, 3236, 1794, 1395, 3355, 469, 208, 53, 3450, 3196, 1632, 2187, 389, 3486, 3197, 2694, 3358, 150, 2599, 1354, 1049, 500, 2739, 2281, 456, 2871, 2031, 2664, 2584, 3206, 1949, 2205, 2227, 2706, 1372, 3345, 1015, 1388, 2723, 421, 1901, 1878, 243, 1394, 481, 848, 2301, 533, 1257, 1300, 3393, 833, 3365, 1426, 499, 520, 205, 2238, 2167, 2015, 470, 1288, 1979, 3260, 2320, 1790, 1830, 1268, 1520, 2354, 468, 528, 491, 2353, 571, 677, 507, 2337, 1523, 934, 2087, 2479, 2902, 850, 2218, 3337, 2308, 1504, 3205, 1276, 1482, 3397, 2497, 2043, 378, 334, 3227, 3479, 2869, 409, 1810, 2005, 282, 2162, 1941, 3181, 839, 591, 906, 3399, 452, 863, 2531, 3352, 479, 2379, 3193, 1882, 3124, 1428, 444, 1952, 2897, 2712, 3383, 3160, 2763, 1488, 606, 2732, 1899, 2325, 514, 106, 1228, 508, 1074, 190, 179, 1289, 1420, 2285, 2682, 3215, 488, 1823, 1980, 2247, 883, 490, 2269, 1795, 1793, 1307, 903, 3446, 161, 3430, 2184, 792, 3252, 2196, 2219, 2603, 623, 2125, 2821, 3175, 461, 1988, 1062, 483, 667, 2631, 2296, 1254, 3317, 417, 1357, 477, 29, 2331, 2081, 1892, 1380, 2262, 2453, 3401, 1905, 2018, 2405, 2726, 998, 1970, 436, 504, 390, 269, 3241, 1752, 2676, 86, 439, 1826, 1578, 1046, 539, 2536, 449, 1392, 1365, 983, 1727, 299, 1249, 1540, 2716, 537, 2072, 2703, 3364, 750, 2555, 1308, 3169, 1832, 1875, 841, 1770, 851, 2291, 2349, 2293, 3475, 909, 198, 2875, 3090, 346, 1401, 3424, 513, 2672, 2264, 3221, 2604, 2154, 2170, 1258, 1413, 948, 1864, 428, 1083, 2989, 1424, 1975, 1945, 894, 3489, 578, 2776, 3134, 1279, 3411, 2550, 2174, 1229, 1938, 534, 1386, 1278, 158, 2207, 870, 3294, 2517, 1993, 2080, 2151, 2328, 492, 1209, 2309, 1936, 2358, 164, 2367, 2333, 3384, 3251, 2494, 1645, 562, 1345, 3452, 3223, 224, 1829, 825, 2230, 1358, 864, 3112, 1376, 1306, 2734, 3357, 789, 1023, 2552, 896, 1622, 2261, 3377, 2412, 40, 3464, 2289, 2214, 3266, 2720, 3061, 2595, 3307, 1927, 1490, 1148, 426, 344, 3487, 610, 69, 474, 3192, 877, 1389, 156, 2329, 943, 3321, 175, 1918, 117, 933, 1516, 1653, 1870, 2680, 1264, 1860, 914, 413, 2770, 2277, 3484, 336, 1818, 994, 1655, 3229, 2355, 2191, 1903, 811, 195, 1481, 1299, 2007, 1545, 524, 1762, 2736, 1619, 471, 3194, 1983, 2674, 2107, 3387, 829, 1879, 2137, 259]

solved select: 479 in 50492.87 seconds
iteration: 0, n requested: 479, n selected: 478, selected: [1094, 2693, 2356, 3488, 2442, 1382, 1024, 2347, 126, 1989, 3204, 868, 3370, 3468, 3441, 2327, 1900, 472, 1646, 509, 1342, 1285, 2791, 431, 2336, 1873, 443, 359, 1281, 2422, 1479, 2889, 162, 2299, 446, 3178, 385, 387, 1206, 3328, 3225, 2164, 1650, 2314, 2549, 1968, 3400, 480, 1238, 1414, 1359, 381, 91, 939, 3201, 3278, 465, 549, 844, 1778, 523, 438, 2901, 2737, 2348, 440, 502, 1940, 1033, 2237, 3189, 207, 2546, 380, 3308, 952, 1982, 2010, 3385, 1298, 3330, 1898, 445, 1267, 2078, 345, 2254, 3126, 538, 900, 819, 3183, 1856, 2742, 3236, 1794, 1395, 3355, 469, 208, 53, 3450, 3196, 1632, 2187, 389, 3486, 3197, 2694, 3358, 150, 2599, 1354, 1049, 500, 2739, 2281, 456, 2871, 2031, 2664, 2584, 3206, 1949, 2205, 2227, 2706, 1372, 3345, 1015, 1388, 2723, 421, 1901, 1878, 243, 1394, 481, 848, 2301, 533, 1257, 1300, 3393, 833, 3365, 1426, 499, 520, 205, 2238, 2167, 2015, 470, 1288, 1979, 3260, 2320, 1790, 1830, 1268, 1520, 2354, 468, 528, 491, 2353, 571, 677, 507, 2337, 1523, 934, 2087, 2479, 2902, 850, 2218, 3337, 2308, 1504, 3205, 1276, 1482, 3397, 2497, 2043, 378, 334, 3227, 3479, 2869, 409, 1810, 2005, 282, 2162, 1941, 3181, 839, 591, 906, 3399, 452, 863, 2531, 3352, 479, 2379, 3193, 1882, 3124, 1428, 444, 1952, 2897, 2712, 3383, 3160, 2763, 1488, 606, 2732, 1899, 2325, 514, 106, 1228, 508, 1074, 190, 179, 1289, 1420, 2285, 2682, 3215, 488, 1823, 1980, 2247, 883, 490, 2269, 1795, 1793, 1307, 903, 3446, 161, 3430, 2184, 792, 3252, 2196, 2219, 2603, 623, 2125, 2821, 3175, 461, 1988, 1062, 483, 667, 2631, 2296, 1254, 3317, 417, 1357, 477, 29, 2331, 2081, 1892, 1380, 2262, 2453, 3401, 1905, 2018, 2405, 2726, 998, 1970, 436, 504, 390, 269, 3241, 1752, 2676, 86, 439, 1826, 1578, 1046, 539, 2536, 449, 1392, 1365, 983, 1727, 299, 1249, 1540, 2716, 537, 2072, 2703, 3364, 750, 2555, 1308, 3169, 1832, 1875, 841, 1770, 851, 2291, 2349, 2293, 3475, 909, 198, 2875, 3090, 346, 1401, 3424, 513, 2672, 2264, 3221, 2604, 2154, 2170, 1258, 1413, 948, 1864, 428, 1083, 2989, 1424, 1975, 1945, 894, 3489, 578, 2776, 3134, 1279, 3411, 2550, 2174, 1229, 1938, 534, 1386, 1278, 158, 2207, 870, 3294, 2517, 1993, 2080, 2151, 2328, 492, 1209, 2309, 1936, 2358, 164, 2367, 2333, 3384, 3251, 2494, 1645, 562, 1345, 3452, 3223, 224, 1829, 825, 2230, 1358, 864, 3112, 1376, 1306, 2734, 3357, 789, 1023, 2552, 896, 1622, 2261, 3377, 2412, 40, 3464, 2289, 2214, 3266, 2720, 3061, 2595, 3307, 1927, 1490, 1148, 426, 344, 3487, 610, 69, 474, 3192, 877, 1389, 156, 2329, 943, 3321, 175, 1918, 117, 933, 1516, 1653, 1870, 2680, 1264, 1860, 914, 413, 2770, 2277, 3484, 336, 1818, 994, 1655, 3229, 2355, 2191, 1903, 811, 195, 1481, 1299, 2007, 1545, 524, 1762, 2736, 1619, 471, 3194, 1983, 2674, 2107, 3387, 829, 1879, 2137, 259, 2955]

solved select: 480 in 50680.07 seconds
iteration: 0, n requested: 480, n selected: 479, selected: [1094, 2693, 2356, 3488, 2442, 1382, 1024, 2347, 126, 1989, 3204, 868, 3370, 3468, 3441, 2327, 1900, 472, 1646, 509, 1342, 1285, 2791, 431, 2336, 1873, 443, 359, 1281, 2422, 1479, 2889, 162, 2299, 446, 3178, 385, 387, 1206, 3328, 3225, 2164, 1650, 2314, 2549, 1968, 3400, 480, 1238, 1414, 1359, 381, 91, 939, 3201, 3278, 465, 549, 844, 1778, 523, 438, 2901, 2737, 2348, 440, 502, 1940, 1033, 2237, 3189, 207, 2546, 380, 3308, 952, 1982, 2010, 3385, 1298, 3330, 1898, 445, 1267, 2078, 345, 2254, 3126, 538, 900, 819, 3183, 1856, 2742, 3236, 1794, 1395, 3355, 469, 208, 53, 3450, 3196, 1632, 2187, 389, 3486, 3197, 2694, 3358, 150, 2599, 1354, 1049, 500, 2739, 2281, 456, 2871, 2031, 2664, 2584, 3206, 1949, 2205, 2227, 2706, 1372, 3345, 1015, 1388, 2723, 421, 1901, 1878, 243, 1394, 481, 848, 2301, 533, 1257, 1300, 3393, 833, 3365, 1426, 499, 520, 205, 2238, 2167, 2015, 470, 1288, 1979, 3260, 2320, 1790, 1830, 1268, 1520, 2354, 468, 528, 491, 2353, 571, 677, 507, 2337, 1523, 934, 2087, 2479, 2902, 850, 2218, 3337, 2308, 1504, 3205, 1276, 1482, 3397, 2497, 2043, 378, 334, 3227, 3479, 2869, 409, 1810, 2005, 282, 2162, 1941, 3181, 839, 591, 906, 3399, 452, 863, 2531, 3352, 479, 2379, 3193, 1882, 3124, 1428, 444, 1952, 2897, 2712, 3383, 3160, 2763, 1488, 606, 2732, 1899, 2325, 514, 106, 1228, 508, 1074, 190, 179, 1289, 1420, 2285, 2682, 3215, 488, 1823, 1980, 2247, 883, 490, 2269, 1795, 1793, 1307, 903, 3446, 161, 3430, 2184, 792, 3252, 2196, 2219, 2603, 623, 2125, 2821, 3175, 461, 1988, 1062, 483, 667, 2631, 2296, 1254, 3317, 417, 1357, 477, 29, 2331, 2081, 1892, 1380, 2262, 2453, 3401, 1905, 2018, 2405, 2726, 998, 1970, 436, 504, 390, 269, 3241, 1752, 2676, 86, 439, 1826, 1578, 1046, 539, 2536, 449, 1392, 1365, 983, 1727, 299, 1249, 1540, 2716, 537, 2072, 2703, 3364, 750, 2555, 1308, 3169, 1832, 1875, 841, 1770, 851, 2291, 2349, 2293, 3475, 909, 198, 2875, 3090, 346, 1401, 3424, 513, 2672, 2264, 3221, 2604, 2154, 2170, 1258, 1413, 948, 1864, 428, 1083, 2989, 1424, 1975, 1945, 894, 3489, 578, 2776, 3134, 1279, 3411, 2550, 2174, 1229, 1938, 534, 1386, 1278, 158, 2207, 870, 3294, 2517, 1993, 2080, 2151, 2328, 492, 1209, 2309, 1936, 2358, 164, 2367, 2333, 3384, 3251, 2494, 1645, 562, 1345, 3452, 3223, 224, 1829, 825, 2230, 1358, 864, 3112, 1376, 1306, 2734, 3357, 789, 1023, 2552, 896, 1622, 2261, 3377, 2412, 40, 3464, 2289, 2214, 3266, 2720, 3061, 2595, 3307, 1927, 1490, 1148, 426, 344, 3487, 610, 69, 474, 3192, 877, 1389, 156, 2329, 943, 3321, 175, 1918, 117, 933, 1516, 1653, 1870, 2680, 1264, 1860, 914, 413, 2770, 2277, 3484, 336, 1818, 994, 1655, 3229, 2355, 2191, 1903, 811, 195, 1481, 1299, 2007, 1545, 524, 1762, 2736, 1619, 471, 3194, 1983, 2674, 2107, 3387, 829, 1879, 2137, 259, 2955, 3343]

solved select: 481 in 50867.41 seconds
iteration: 0, n requested: 481, n selected: 480, selected: [1094, 2693, 2356, 3488, 2442, 1382, 1024, 2347, 126, 1989, 3204, 868, 3370, 3468, 3441, 2327, 1900, 472, 1646, 509, 1342, 1285, 2791, 431, 2336, 1873, 443, 359, 1281, 2422, 1479, 2889, 162, 2299, 446, 3178, 385, 387, 1206, 3328, 3225, 2164, 1650, 2314, 2549, 1968, 3400, 480, 1238, 1414, 1359, 381, 91, 939, 3201, 3278, 465, 549, 844, 1778, 523, 438, 2901, 2737, 2348, 440, 502, 1940, 1033, 2237, 3189, 207, 2546, 380, 3308, 952, 1982, 2010, 3385, 1298, 3330, 1898, 445, 1267, 2078, 345, 2254, 3126, 538, 900, 819, 3183, 1856, 2742, 3236, 1794, 1395, 3355, 469, 208, 53, 3450, 3196, 1632, 2187, 389, 3486, 3197, 2694, 3358, 150, 2599, 1354, 1049, 500, 2739, 2281, 456, 2871, 2031, 2664, 2584, 3206, 1949, 2205, 2227, 2706, 1372, 3345, 1015, 1388, 2723, 421, 1901, 1878, 243, 1394, 481, 848, 2301, 533, 1257, 1300, 3393, 833, 3365, 1426, 499, 520, 205, 2238, 2167, 2015, 470, 1288, 1979, 3260, 2320, 1790, 1830, 1268, 1520, 2354, 468, 528, 491, 2353, 571, 677, 507, 2337, 1523, 934, 2087, 2479, 2902, 850, 2218, 3337, 2308, 1504, 3205, 1276, 1482, 3397, 2497, 2043, 378, 334, 3227, 3479, 2869, 409, 1810, 2005, 282, 2162, 1941, 3181, 839, 591, 906, 3399, 452, 863, 2531, 3352, 479, 2379, 3193, 1882, 3124, 1428, 444, 1952, 2897, 2712, 3383, 3160, 2763, 1488, 606, 2732, 1899, 2325, 514, 106, 1228, 508, 1074, 190, 179, 1289, 1420, 2285, 2682, 3215, 488, 1823, 1980, 2247, 883, 490, 2269, 1795, 1793, 1307, 903, 3446, 161, 3430, 2184, 792, 3252, 2196, 2219, 2603, 623, 2125, 2821, 3175, 461, 1988, 1062, 483, 667, 2631, 2296, 1254, 3317, 417, 1357, 477, 29, 2331, 2081, 1892, 1380, 2262, 2453, 3401, 1905, 2018, 2405, 2726, 998, 1970, 436, 504, 390, 269, 3241, 1752, 2676, 86, 439, 1826, 1578, 1046, 539, 2536, 449, 1392, 1365, 983, 1727, 299, 1249, 1540, 2716, 537, 2072, 2703, 3364, 750, 2555, 1308, 3169, 1832, 1875, 841, 1770, 851, 2291, 2349, 2293, 3475, 909, 198, 2875, 3090, 346, 1401, 3424, 513, 2672, 2264, 3221, 2604, 2154, 2170, 1258, 1413, 948, 1864, 428, 1083, 2989, 1424, 1975, 1945, 894, 3489, 578, 2776, 3134, 1279, 3411, 2550, 2174, 1229, 1938, 534, 1386, 1278, 158, 2207, 870, 3294, 2517, 1993, 2080, 2151, 2328, 492, 1209, 2309, 1936, 2358, 164, 2367, 2333, 3384, 3251, 2494, 1645, 562, 1345, 3452, 3223, 224, 1829, 825, 2230, 1358, 864, 3112, 1376, 1306, 2734, 3357, 789, 1023, 2552, 896, 1622, 2261, 3377, 2412, 40, 3464, 2289, 2214, 3266, 2720, 3061, 2595, 3307, 1927, 1490, 1148, 426, 344, 3487, 610, 69, 474, 3192, 877, 1389, 156, 2329, 943, 3321, 175, 1918, 117, 933, 1516, 1653, 1870, 2680, 1264, 1860, 914, 413, 2770, 2277, 3484, 336, 1818, 994, 1655, 3229, 2355, 2191, 1903, 811, 195, 1481, 1299, 2007, 1545, 524, 1762, 2736, 1619, 471, 3194, 1983, 2674, 2107, 3387, 829, 1879, 2137, 259, 2955, 3343, 2469]

solved select: 482 in 51056.64 seconds
iteration: 0, n requested: 482, n selected: 481, selected: [1094, 2693, 2356, 3488, 2442, 1382, 1024, 2347, 126, 1989, 3204, 868, 3370, 3468, 3441, 2327, 1900, 472, 1646, 509, 1342, 1285, 2791, 431, 2336, 1873, 443, 359, 1281, 2422, 1479, 2889, 162, 2299, 446, 3178, 385, 387, 1206, 3328, 3225, 2164, 1650, 2314, 2549, 1968, 3400, 480, 1238, 1414, 1359, 381, 91, 939, 3201, 3278, 465, 549, 844, 1778, 523, 438, 2901, 2737, 2348, 440, 502, 1940, 1033, 2237, 3189, 207, 2546, 380, 3308, 952, 1982, 2010, 3385, 1298, 3330, 1898, 445, 1267, 2078, 345, 2254, 3126, 538, 900, 819, 3183, 1856, 2742, 3236, 1794, 1395, 3355, 469, 208, 53, 3450, 3196, 1632, 2187, 389, 3486, 3197, 2694, 3358, 150, 2599, 1354, 1049, 500, 2739, 2281, 456, 2871, 2031, 2664, 2584, 3206, 1949, 2205, 2227, 2706, 1372, 3345, 1015, 1388, 2723, 421, 1901, 1878, 243, 1394, 481, 848, 2301, 533, 1257, 1300, 3393, 833, 3365, 1426, 499, 520, 205, 2238, 2167, 2015, 470, 1288, 1979, 3260, 2320, 1790, 1830, 1268, 1520, 2354, 468, 528, 491, 2353, 571, 677, 507, 2337, 1523, 934, 2087, 2479, 2902, 850, 2218, 3337, 2308, 1504, 3205, 1276, 1482, 3397, 2497, 2043, 378, 334, 3227, 3479, 2869, 409, 1810, 2005, 282, 2162, 1941, 3181, 839, 591, 906, 3399, 452, 863, 2531, 3352, 479, 2379, 3193, 1882, 3124, 1428, 444, 1952, 2897, 2712, 3383, 3160, 2763, 1488, 606, 2732, 1899, 2325, 514, 106, 1228, 508, 1074, 190, 179, 1289, 1420, 2285, 2682, 3215, 488, 1823, 1980, 2247, 883, 490, 2269, 1795, 1793, 1307, 903, 3446, 161, 3430, 2184, 792, 3252, 2196, 2219, 2603, 623, 2125, 2821, 3175, 461, 1988, 1062, 483, 667, 2631, 2296, 1254, 3317, 417, 1357, 477, 29, 2331, 2081, 1892, 1380, 2262, 2453, 3401, 1905, 2018, 2405, 2726, 998, 1970, 436, 504, 390, 269, 3241, 1752, 2676, 86, 439, 1826, 1578, 1046, 539, 2536, 449, 1392, 1365, 983, 1727, 299, 1249, 1540, 2716, 537, 2072, 2703, 3364, 750, 2555, 1308, 3169, 1832, 1875, 841, 1770, 851, 2291, 2349, 2293, 3475, 909, 198, 2875, 3090, 346, 1401, 3424, 513, 2672, 2264, 3221, 2604, 2154, 2170, 1258, 1413, 948, 1864, 428, 1083, 2989, 1424, 1975, 1945, 894, 3489, 578, 2776, 3134, 1279, 3411, 2550, 2174, 1229, 1938, 534, 1386, 1278, 158, 2207, 870, 3294, 2517, 1993, 2080, 2151, 2328, 492, 1209, 2309, 1936, 2358, 164, 2367, 2333, 3384, 3251, 2494, 1645, 562, 1345, 3452, 3223, 224, 1829, 825, 2230, 1358, 864, 3112, 1376, 1306, 2734, 3357, 789, 1023, 2552, 896, 1622, 2261, 3377, 2412, 40, 3464, 2289, 2214, 3266, 2720, 3061, 2595, 3307, 1927, 1490, 1148, 426, 344, 3487, 610, 69, 474, 3192, 877, 1389, 156, 2329, 943, 3321, 175, 1918, 117, 933, 1516, 1653, 1870, 2680, 1264, 1860, 914, 413, 2770, 2277, 3484, 336, 1818, 994, 1655, 3229, 2355, 2191, 1903, 811, 195, 1481, 1299, 2007, 1545, 524, 1762, 2736, 1619, 471, 3194, 1983, 2674, 2107, 3387, 829, 1879, 2137, 259, 2955, 3343, 2469, 455]

solved select: 483 in 51246.64 seconds
iteration: 0, n requested: 483, n selected: 482, selected: [1094, 2693, 2356, 3488, 2442, 1382, 1024, 2347, 126, 1989, 3204, 868, 3370, 3468, 3441, 2327, 1900, 472, 1646, 509, 1342, 1285, 2791, 431, 2336, 1873, 443, 359, 1281, 2422, 1479, 2889, 162, 2299, 446, 3178, 385, 387, 1206, 3328, 3225, 2164, 1650, 2314, 2549, 1968, 3400, 480, 1238, 1414, 1359, 381, 91, 939, 3201, 3278, 465, 549, 844, 1778, 523, 438, 2901, 2737, 2348, 440, 502, 1940, 1033, 2237, 3189, 207, 2546, 380, 3308, 952, 1982, 2010, 3385, 1298, 3330, 1898, 445, 1267, 2078, 345, 2254, 3126, 538, 900, 819, 3183, 1856, 2742, 3236, 1794, 1395, 3355, 469, 208, 53, 3450, 3196, 1632, 2187, 389, 3486, 3197, 2694, 3358, 150, 2599, 1354, 1049, 500, 2739, 2281, 456, 2871, 2031, 2664, 2584, 3206, 1949, 2205, 2227, 2706, 1372, 3345, 1015, 1388, 2723, 421, 1901, 1878, 243, 1394, 481, 848, 2301, 533, 1257, 1300, 3393, 833, 3365, 1426, 499, 520, 205, 2238, 2167, 2015, 470, 1288, 1979, 3260, 2320, 1790, 1830, 1268, 1520, 2354, 468, 528, 491, 2353, 571, 677, 507, 2337, 1523, 934, 2087, 2479, 2902, 850, 2218, 3337, 2308, 1504, 3205, 1276, 1482, 3397, 2497, 2043, 378, 334, 3227, 3479, 2869, 409, 1810, 2005, 282, 2162, 1941, 3181, 839, 591, 906, 3399, 452, 863, 2531, 3352, 479, 2379, 3193, 1882, 3124, 1428, 444, 1952, 2897, 2712, 3383, 3160, 2763, 1488, 606, 2732, 1899, 2325, 514, 106, 1228, 508, 1074, 190, 179, 1289, 1420, 2285, 2682, 3215, 488, 1823, 1980, 2247, 883, 490, 2269, 1795, 1793, 1307, 903, 3446, 161, 3430, 2184, 792, 3252, 2196, 2219, 2603, 623, 2125, 2821, 3175, 461, 1988, 1062, 483, 667, 2631, 2296, 1254, 3317, 417, 1357, 477, 29, 2331, 2081, 1892, 1380, 2262, 2453, 3401, 1905, 2018, 2405, 2726, 998, 1970, 436, 504, 390, 269, 3241, 1752, 2676, 86, 439, 1826, 1578, 1046, 539, 2536, 449, 1392, 1365, 983, 1727, 299, 1249, 1540, 2716, 537, 2072, 2703, 3364, 750, 2555, 1308, 3169, 1832, 1875, 841, 1770, 851, 2291, 2349, 2293, 3475, 909, 198, 2875, 3090, 346, 1401, 3424, 513, 2672, 2264, 3221, 2604, 2154, 2170, 1258, 1413, 948, 1864, 428, 1083, 2989, 1424, 1975, 1945, 894, 3489, 578, 2776, 3134, 1279, 3411, 2550, 2174, 1229, 1938, 534, 1386, 1278, 158, 2207, 870, 3294, 2517, 1993, 2080, 2151, 2328, 492, 1209, 2309, 1936, 2358, 164, 2367, 2333, 3384, 3251, 2494, 1645, 562, 1345, 3452, 3223, 224, 1829, 825, 2230, 1358, 864, 3112, 1376, 1306, 2734, 3357, 789, 1023, 2552, 896, 1622, 2261, 3377, 2412, 40, 3464, 2289, 2214, 3266, 2720, 3061, 2595, 3307, 1927, 1490, 1148, 426, 344, 3487, 610, 69, 474, 3192, 877, 1389, 156, 2329, 943, 3321, 175, 1918, 117, 933, 1516, 1653, 1870, 2680, 1264, 1860, 914, 413, 2770, 2277, 3484, 336, 1818, 994, 1655, 3229, 2355, 2191, 1903, 811, 195, 1481, 1299, 2007, 1545, 524, 1762, 2736, 1619, 471, 3194, 1983, 2674, 2107, 3387, 829, 1879, 2137, 259, 2955, 3343, 2469, 455, 466]

solved select: 484 in 51432.61 seconds
iteration: 0, n requested: 484, n selected: 483, selected: [1094, 2693, 2356, 3488, 2442, 1382, 1024, 2347, 126, 1989, 3204, 868, 3370, 3468, 3441, 2327, 1900, 472, 1646, 509, 1342, 1285, 2791, 431, 2336, 1873, 443, 359, 1281, 2422, 1479, 2889, 162, 2299, 446, 3178, 385, 387, 1206, 3328, 3225, 2164, 1650, 2314, 2549, 1968, 3400, 480, 1238, 1414, 1359, 381, 91, 939, 3201, 3278, 465, 549, 844, 1778, 523, 438, 2901, 2737, 2348, 440, 502, 1940, 1033, 2237, 3189, 207, 2546, 380, 3308, 952, 1982, 2010, 3385, 1298, 3330, 1898, 445, 1267, 2078, 345, 2254, 3126, 538, 900, 819, 3183, 1856, 2742, 3236, 1794, 1395, 3355, 469, 208, 53, 3450, 3196, 1632, 2187, 389, 3486, 3197, 2694, 3358, 150, 2599, 1354, 1049, 500, 2739, 2281, 456, 2871, 2031, 2664, 2584, 3206, 1949, 2205, 2227, 2706, 1372, 3345, 1015, 1388, 2723, 421, 1901, 1878, 243, 1394, 481, 848, 2301, 533, 1257, 1300, 3393, 833, 3365, 1426, 499, 520, 205, 2238, 2167, 2015, 470, 1288, 1979, 3260, 2320, 1790, 1830, 1268, 1520, 2354, 468, 528, 491, 2353, 571, 677, 507, 2337, 1523, 934, 2087, 2479, 2902, 850, 2218, 3337, 2308, 1504, 3205, 1276, 1482, 3397, 2497, 2043, 378, 334, 3227, 3479, 2869, 409, 1810, 2005, 282, 2162, 1941, 3181, 839, 591, 906, 3399, 452, 863, 2531, 3352, 479, 2379, 3193, 1882, 3124, 1428, 444, 1952, 2897, 2712, 3383, 3160, 2763, 1488, 606, 2732, 1899, 2325, 514, 106, 1228, 508, 1074, 190, 179, 1289, 1420, 2285, 2682, 3215, 488, 1823, 1980, 2247, 883, 490, 2269, 1795, 1793, 1307, 903, 3446, 161, 3430, 2184, 792, 3252, 2196, 2219, 2603, 623, 2125, 2821, 3175, 461, 1988, 1062, 483, 667, 2631, 2296, 1254, 3317, 417, 1357, 477, 29, 2331, 2081, 1892, 1380, 2262, 2453, 3401, 1905, 2018, 2405, 2726, 998, 1970, 436, 504, 390, 269, 3241, 1752, 2676, 86, 439, 1826, 1578, 1046, 539, 2536, 449, 1392, 1365, 983, 1727, 299, 1249, 1540, 2716, 537, 2072, 2703, 3364, 750, 2555, 1308, 3169, 1832, 1875, 841, 1770, 851, 2291, 2349, 2293, 3475, 909, 198, 2875, 3090, 346, 1401, 3424, 513, 2672, 2264, 3221, 2604, 2154, 2170, 1258, 1413, 948, 1864, 428, 1083, 2989, 1424, 1975, 1945, 894, 3489, 578, 2776, 3134, 1279, 3411, 2550, 2174, 1229, 1938, 534, 1386, 1278, 158, 2207, 870, 3294, 2517, 1993, 2080, 2151, 2328, 492, 1209, 2309, 1936, 2358, 164, 2367, 2333, 3384, 3251, 2494, 1645, 562, 1345, 3452, 3223, 224, 1829, 825, 2230, 1358, 864, 3112, 1376, 1306, 2734, 3357, 789, 1023, 2552, 896, 1622, 2261, 3377, 2412, 40, 3464, 2289, 2214, 3266, 2720, 3061, 2595, 3307, 1927, 1490, 1148, 426, 344, 3487, 610, 69, 474, 3192, 877, 1389, 156, 2329, 943, 3321, 175, 1918, 117, 933, 1516, 1653, 1870, 2680, 1264, 1860, 914, 413, 2770, 2277, 3484, 336, 1818, 994, 1655, 3229, 2355, 2191, 1903, 811, 195, 1481, 1299, 2007, 1545, 524, 1762, 2736, 1619, 471, 3194, 1983, 2674, 2107, 3387, 829, 1879, 2137, 259, 2955, 3343, 2469, 455, 466, 2177]

solved select: 485 in 51621.17 seconds
iteration: 0, n requested: 485, n selected: 484, selected: [1094, 2693, 2356, 3488, 2442, 1382, 1024, 2347, 126, 1989, 3204, 868, 3370, 3468, 3441, 2327, 1900, 472, 1646, 509, 1342, 1285, 2791, 431, 2336, 1873, 443, 359, 1281, 2422, 1479, 2889, 162, 2299, 446, 3178, 385, 387, 1206, 3328, 3225, 2164, 1650, 2314, 2549, 1968, 3400, 480, 1238, 1414, 1359, 381, 91, 939, 3201, 3278, 465, 549, 844, 1778, 523, 438, 2901, 2737, 2348, 440, 502, 1940, 1033, 2237, 3189, 207, 2546, 380, 3308, 952, 1982, 2010, 3385, 1298, 3330, 1898, 445, 1267, 2078, 345, 2254, 3126, 538, 900, 819, 3183, 1856, 2742, 3236, 1794, 1395, 3355, 469, 208, 53, 3450, 3196, 1632, 2187, 389, 3486, 3197, 2694, 3358, 150, 2599, 1354, 1049, 500, 2739, 2281, 456, 2871, 2031, 2664, 2584, 3206, 1949, 2205, 2227, 2706, 1372, 3345, 1015, 1388, 2723, 421, 1901, 1878, 243, 1394, 481, 848, 2301, 533, 1257, 1300, 3393, 833, 3365, 1426, 499, 520, 205, 2238, 2167, 2015, 470, 1288, 1979, 3260, 2320, 1790, 1830, 1268, 1520, 2354, 468, 528, 491, 2353, 571, 677, 507, 2337, 1523, 934, 2087, 2479, 2902, 850, 2218, 3337, 2308, 1504, 3205, 1276, 1482, 3397, 2497, 2043, 378, 334, 3227, 3479, 2869, 409, 1810, 2005, 282, 2162, 1941, 3181, 839, 591, 906, 3399, 452, 863, 2531, 3352, 479, 2379, 3193, 1882, 3124, 1428, 444, 1952, 2897, 2712, 3383, 3160, 2763, 1488, 606, 2732, 1899, 2325, 514, 106, 1228, 508, 1074, 190, 179, 1289, 1420, 2285, 2682, 3215, 488, 1823, 1980, 2247, 883, 490, 2269, 1795, 1793, 1307, 903, 3446, 161, 3430, 2184, 792, 3252, 2196, 2219, 2603, 623, 2125, 2821, 3175, 461, 1988, 1062, 483, 667, 2631, 2296, 1254, 3317, 417, 1357, 477, 29, 2331, 2081, 1892, 1380, 2262, 2453, 3401, 1905, 2018, 2405, 2726, 998, 1970, 436, 504, 390, 269, 3241, 1752, 2676, 86, 439, 1826, 1578, 1046, 539, 2536, 449, 1392, 1365, 983, 1727, 299, 1249, 1540, 2716, 537, 2072, 2703, 3364, 750, 2555, 1308, 3169, 1832, 1875, 841, 1770, 851, 2291, 2349, 2293, 3475, 909, 198, 2875, 3090, 346, 1401, 3424, 513, 2672, 2264, 3221, 2604, 2154, 2170, 1258, 1413, 948, 1864, 428, 1083, 2989, 1424, 1975, 1945, 894, 3489, 578, 2776, 3134, 1279, 3411, 2550, 2174, 1229, 1938, 534, 1386, 1278, 158, 2207, 870, 3294, 2517, 1993, 2080, 2151, 2328, 492, 1209, 2309, 1936, 2358, 164, 2367, 2333, 3384, 3251, 2494, 1645, 562, 1345, 3452, 3223, 224, 1829, 825, 2230, 1358, 864, 3112, 1376, 1306, 2734, 3357, 789, 1023, 2552, 896, 1622, 2261, 3377, 2412, 40, 3464, 2289, 2214, 3266, 2720, 3061, 2595, 3307, 1927, 1490, 1148, 426, 344, 3487, 610, 69, 474, 3192, 877, 1389, 156, 2329, 943, 3321, 175, 1918, 117, 933, 1516, 1653, 1870, 2680, 1264, 1860, 914, 413, 2770, 2277, 3484, 336, 1818, 994, 1655, 3229, 2355, 2191, 1903, 811, 195, 1481, 1299, 2007, 1545, 524, 1762, 2736, 1619, 471, 3194, 1983, 2674, 2107, 3387, 829, 1879, 2137, 259, 2955, 3343, 2469, 455, 466, 2177, 1244]

solved select: 486 in 51812.07 seconds
iteration: 0, n requested: 486, n selected: 485, selected: [1094, 2693, 2356, 3488, 2442, 1382, 1024, 2347, 126, 1989, 3204, 868, 3370, 3468, 3441, 2327, 1900, 472, 1646, 509, 1342, 1285, 2791, 431, 2336, 1873, 443, 359, 1281, 2422, 1479, 2889, 162, 2299, 446, 3178, 385, 387, 1206, 3328, 3225, 2164, 1650, 2314, 2549, 1968, 3400, 480, 1238, 1414, 1359, 381, 91, 939, 3201, 3278, 465, 549, 844, 1778, 523, 438, 2901, 2737, 2348, 440, 502, 1940, 1033, 2237, 3189, 207, 2546, 380, 3308, 952, 1982, 2010, 3385, 1298, 3330, 1898, 445, 1267, 2078, 345, 2254, 3126, 538, 900, 819, 3183, 1856, 2742, 3236, 1794, 1395, 3355, 469, 208, 53, 3450, 3196, 1632, 2187, 389, 3486, 3197, 2694, 3358, 150, 2599, 1354, 1049, 500, 2739, 2281, 456, 2871, 2031, 2664, 2584, 3206, 1949, 2205, 2227, 2706, 1372, 3345, 1015, 1388, 2723, 421, 1901, 1878, 243, 1394, 481, 848, 2301, 533, 1257, 1300, 3393, 833, 3365, 1426, 499, 520, 205, 2238, 2167, 2015, 470, 1288, 1979, 3260, 2320, 1790, 1830, 1268, 1520, 2354, 468, 528, 491, 2353, 571, 677, 507, 2337, 1523, 934, 2087, 2479, 2902, 850, 2218, 3337, 2308, 1504, 3205, 1276, 1482, 3397, 2497, 2043, 378, 334, 3227, 3479, 2869, 409, 1810, 2005, 282, 2162, 1941, 3181, 839, 591, 906, 3399, 452, 863, 2531, 3352, 479, 2379, 3193, 1882, 3124, 1428, 444, 1952, 2897, 2712, 3383, 3160, 2763, 1488, 606, 2732, 1899, 2325, 514, 106, 1228, 508, 1074, 190, 179, 1289, 1420, 2285, 2682, 3215, 488, 1823, 1980, 2247, 883, 490, 2269, 1795, 1793, 1307, 903, 3446, 161, 3430, 2184, 792, 3252, 2196, 2219, 2603, 623, 2125, 2821, 3175, 461, 1988, 1062, 483, 667, 2631, 2296, 1254, 3317, 417, 1357, 477, 29, 2331, 2081, 1892, 1380, 2262, 2453, 3401, 1905, 2018, 2405, 2726, 998, 1970, 436, 504, 390, 269, 3241, 1752, 2676, 86, 439, 1826, 1578, 1046, 539, 2536, 449, 1392, 1365, 983, 1727, 299, 1249, 1540, 2716, 537, 2072, 2703, 3364, 750, 2555, 1308, 3169, 1832, 1875, 841, 1770, 851, 2291, 2349, 2293, 3475, 909, 198, 2875, 3090, 346, 1401, 3424, 513, 2672, 2264, 3221, 2604, 2154, 2170, 1258, 1413, 948, 1864, 428, 1083, 2989, 1424, 1975, 1945, 894, 3489, 578, 2776, 3134, 1279, 3411, 2550, 2174, 1229, 1938, 534, 1386, 1278, 158, 2207, 870, 3294, 2517, 1993, 2080, 2151, 2328, 492, 1209, 2309, 1936, 2358, 164, 2367, 2333, 3384, 3251, 2494, 1645, 562, 1345, 3452, 3223, 224, 1829, 825, 2230, 1358, 864, 3112, 1376, 1306, 2734, 3357, 789, 1023, 2552, 896, 1622, 2261, 3377, 2412, 40, 3464, 2289, 2214, 3266, 2720, 3061, 2595, 3307, 1927, 1490, 1148, 426, 344, 3487, 610, 69, 474, 3192, 877, 1389, 156, 2329, 943, 3321, 175, 1918, 117, 933, 1516, 1653, 1870, 2680, 1264, 1860, 914, 413, 2770, 2277, 3484, 336, 1818, 994, 1655, 3229, 2355, 2191, 1903, 811, 195, 1481, 1299, 2007, 1545, 524, 1762, 2736, 1619, 471, 3194, 1983, 2674, 2107, 3387, 829, 1879, 2137, 259, 2955, 3343, 2469, 455, 466, 2177, 1244, 2295]

solved select: 487 in 52003.54 seconds
iteration: 0, n requested: 487, n selected: 486, selected: [1094, 2693, 2356, 3488, 2442, 1382, 1024, 2347, 126, 1989, 3204, 868, 3370, 3468, 3441, 2327, 1900, 472, 1646, 509, 1342, 1285, 2791, 431, 2336, 1873, 443, 359, 1281, 2422, 1479, 2889, 162, 2299, 446, 3178, 385, 387, 1206, 3328, 3225, 2164, 1650, 2314, 2549, 1968, 3400, 480, 1238, 1414, 1359, 381, 91, 939, 3201, 3278, 465, 549, 844, 1778, 523, 438, 2901, 2737, 2348, 440, 502, 1940, 1033, 2237, 3189, 207, 2546, 380, 3308, 952, 1982, 2010, 3385, 1298, 3330, 1898, 445, 1267, 2078, 345, 2254, 3126, 538, 900, 819, 3183, 1856, 2742, 3236, 1794, 1395, 3355, 469, 208, 53, 3450, 3196, 1632, 2187, 389, 3486, 3197, 2694, 3358, 150, 2599, 1354, 1049, 500, 2739, 2281, 456, 2871, 2031, 2664, 2584, 3206, 1949, 2205, 2227, 2706, 1372, 3345, 1015, 1388, 2723, 421, 1901, 1878, 243, 1394, 481, 848, 2301, 533, 1257, 1300, 3393, 833, 3365, 1426, 499, 520, 205, 2238, 2167, 2015, 470, 1288, 1979, 3260, 2320, 1790, 1830, 1268, 1520, 2354, 468, 528, 491, 2353, 571, 677, 507, 2337, 1523, 934, 2087, 2479, 2902, 850, 2218, 3337, 2308, 1504, 3205, 1276, 1482, 3397, 2497, 2043, 378, 334, 3227, 3479, 2869, 409, 1810, 2005, 282, 2162, 1941, 3181, 839, 591, 906, 3399, 452, 863, 2531, 3352, 479, 2379, 3193, 1882, 3124, 1428, 444, 1952, 2897, 2712, 3383, 3160, 2763, 1488, 606, 2732, 1899, 2325, 514, 106, 1228, 508, 1074, 190, 179, 1289, 1420, 2285, 2682, 3215, 488, 1823, 1980, 2247, 883, 490, 2269, 1795, 1793, 1307, 903, 3446, 161, 3430, 2184, 792, 3252, 2196, 2219, 2603, 623, 2125, 2821, 3175, 461, 1988, 1062, 483, 667, 2631, 2296, 1254, 3317, 417, 1357, 477, 29, 2331, 2081, 1892, 1380, 2262, 2453, 3401, 1905, 2018, 2405, 2726, 998, 1970, 436, 504, 390, 269, 3241, 1752, 2676, 86, 439, 1826, 1578, 1046, 539, 2536, 449, 1392, 1365, 983, 1727, 299, 1249, 1540, 2716, 537, 2072, 2703, 3364, 750, 2555, 1308, 3169, 1832, 1875, 841, 1770, 851, 2291, 2349, 2293, 3475, 909, 198, 2875, 3090, 346, 1401, 3424, 513, 2672, 2264, 3221, 2604, 2154, 2170, 1258, 1413, 948, 1864, 428, 1083, 2989, 1424, 1975, 1945, 894, 3489, 578, 2776, 3134, 1279, 3411, 2550, 2174, 1229, 1938, 534, 1386, 1278, 158, 2207, 870, 3294, 2517, 1993, 2080, 2151, 2328, 492, 1209, 2309, 1936, 2358, 164, 2367, 2333, 3384, 3251, 2494, 1645, 562, 1345, 3452, 3223, 224, 1829, 825, 2230, 1358, 864, 3112, 1376, 1306, 2734, 3357, 789, 1023, 2552, 896, 1622, 2261, 3377, 2412, 40, 3464, 2289, 2214, 3266, 2720, 3061, 2595, 3307, 1927, 1490, 1148, 426, 344, 3487, 610, 69, 474, 3192, 877, 1389, 156, 2329, 943, 3321, 175, 1918, 117, 933, 1516, 1653, 1870, 2680, 1264, 1860, 914, 413, 2770, 2277, 3484, 336, 1818, 994, 1655, 3229, 2355, 2191, 1903, 811, 195, 1481, 1299, 2007, 1545, 524, 1762, 2736, 1619, 471, 3194, 1983, 2674, 2107, 3387, 829, 1879, 2137, 259, 2955, 3343, 2469, 455, 466, 2177, 1244, 2295, 2225]

solved select: 488 in 52194.98 seconds
iteration: 0, n requested: 488, n selected: 486, selected: [1094, 2693, 2356, 3488, 2442, 1382, 1024, 2347, 126, 1989, 3204, 868, 3370, 3468, 3441, 2327, 1900, 472, 1646, 509, 1342, 1285, 2791, 431, 2336, 1873, 443, 359, 1281, 2422, 1479, 2889, 162, 2299, 446, 3178, 385, 387, 1206, 3328, 3225, 2164, 1650, 2314, 2549, 1968, 3400, 480, 1238, 1414, 1359, 381, 91, 939, 3201, 3278, 465, 549, 844, 1778, 523, 438, 2901, 2737, 2348, 440, 502, 1940, 1033, 2237, 3189, 207, 380, 3308, 952, 1982, 2010, 3385, 1298, 3330, 1898, 445, 1267, 2078, 345, 2254, 3126, 538, 900, 819, 3183, 1856, 2742, 3236, 1794, 1395, 3355, 469, 208, 53, 3450, 3196, 1632, 2187, 389, 3486, 3197, 2694, 3358, 150, 2599, 1354, 1049, 500, 2739, 2281, 456, 2871, 2031, 2664, 2584, 3206, 1949, 2205, 2227, 2706, 1372, 3345, 1015, 1388, 2723, 421, 1901, 1878, 243, 1394, 481, 848, 2301, 533, 1257, 1300, 3393, 833, 3365, 1426, 499, 520, 205, 2238, 2167, 2015, 470, 1288, 1979, 3260, 2320, 1790, 1830, 1268, 1520, 2354, 468, 528, 491, 2353, 571, 677, 507, 2337, 1523, 934, 2087, 2479, 2902, 850, 2218, 3337, 2308, 1504, 3205, 1276, 1482, 3397, 2497, 2043, 378, 334, 3227, 3479, 2869, 409, 1810, 2005, 282, 2162, 1941, 3181, 839, 591, 906, 3399, 452, 863, 2531, 3352, 479, 2379, 3193, 1882, 3124, 1428, 444, 1952, 2897, 2712, 3383, 3160, 2763, 1488, 606, 2732, 1899, 2325, 514, 106, 1228, 508, 1074, 190, 179, 1289, 1420, 2285, 2682, 3215, 488, 1823, 1980, 2247, 883, 490, 2269, 1795, 1793, 1307, 903, 3446, 161, 3430, 2184, 792, 3252, 2196, 2219, 2603, 623, 2125, 2821, 3175, 461, 1988, 1062, 483, 667, 2631, 2296, 1254, 3317, 417, 1357, 477, 29, 2331, 2081, 1892, 1380, 2262, 2453, 3401, 1905, 2018, 2405, 2726, 998, 1970, 436, 504, 390, 269, 3241, 1752, 2676, 86, 439, 1826, 1578, 1046, 539, 2536, 449, 1392, 1365, 983, 1727, 299, 1249, 1540, 2716, 537, 2072, 2703, 3364, 750, 2555, 1308, 3169, 1832, 1875, 841, 1770, 851, 2291, 2349, 2293, 3475, 909, 198, 2875, 3090, 346, 1401, 3424, 513, 2672, 2264, 3221, 2604, 2154, 2170, 1258, 1413, 948, 1864, 428, 1083, 2989, 1424, 1975, 1945, 894, 3489, 578, 2776, 3134, 1279, 3411, 2550, 2174, 1229, 1938, 534, 1386, 1278, 158, 2207, 870, 3294, 2517, 1993, 2080, 2151, 2328, 492, 1209, 2309, 1936, 2358, 164, 2367, 2333, 3384, 3251, 2494, 1645, 562, 1345, 3452, 3223, 224, 1829, 825, 2230, 1358, 864, 3112, 1376, 1306, 2734, 3357, 789, 1023, 2552, 896, 1622, 2261, 3377, 2412, 40, 3464, 2289, 2214, 3266, 2720, 3061, 2595, 3307, 1927, 1490, 1148, 426, 344, 3487, 610, 69, 474, 3192, 877, 1389, 156, 2329, 943, 3321, 175, 1918, 117, 933, 1516, 1653, 1870, 2680, 1264, 1860, 914, 413, 2770, 2277, 3484, 336, 1818, 994, 1655, 3229, 2355, 2191, 1903, 811, 195, 1481, 1299, 2007, 1545, 524, 1762, 2736, 1619, 471, 3194, 1983, 2674, 2107, 3387, 829, 1879, 2137, 259, 2955, 3343, 2469, 455, 466, 2177, 1244, 2295, 2225, 2533]

solved select: 489 in 52384.35 seconds
iteration: 0, n requested: 489, n selected: 487, selected: [1094, 2693, 2356, 3488, 2442, 1382, 1024, 2347, 126, 1989, 3204, 868, 3370, 3468, 3441, 2327, 1900, 472, 1646, 509, 1342, 1285, 2791, 431, 2336, 1873, 443, 359, 1281, 2422, 1479, 2889, 162, 2299, 446, 3178, 385, 387, 1206, 3328, 3225, 2164, 1650, 2314, 2549, 1968, 3400, 480, 1238, 1414, 1359, 381, 91, 939, 3201, 3278, 465, 549, 844, 1778, 523, 438, 2901, 2737, 2348, 440, 502, 1940, 1033, 2237, 3189, 207, 380, 3308, 952, 1982, 2010, 3385, 1298, 3330, 1898, 445, 1267, 2078, 345, 2254, 3126, 538, 900, 819, 3183, 1856, 2742, 3236, 1794, 1395, 3355, 469, 208, 53, 3450, 3196, 1632, 2187, 389, 3486, 3197, 2694, 3358, 150, 2599, 1354, 1049, 500, 2739, 2281, 456, 2871, 2031, 2664, 2584, 3206, 1949, 2205, 2227, 2706, 1372, 3345, 1015, 1388, 2723, 421, 1901, 1878, 243, 1394, 481, 848, 2301, 533, 1257, 1300, 3393, 833, 3365, 1426, 499, 520, 205, 2238, 2167, 2015, 470, 1288, 1979, 3260, 2320, 1790, 1830, 1268, 1520, 2354, 468, 528, 491, 2353, 571, 677, 507, 2337, 1523, 934, 2087, 2479, 2902, 850, 2218, 3337, 2308, 1504, 3205, 1276, 1482, 3397, 2497, 2043, 378, 334, 3227, 3479, 2869, 409, 1810, 2005, 282, 2162, 1941, 3181, 839, 591, 906, 3399, 452, 863, 2531, 3352, 479, 2379, 3193, 1882, 3124, 1428, 444, 1952, 2897, 2712, 3383, 3160, 2763, 1488, 606, 2732, 1899, 2325, 514, 106, 1228, 508, 1074, 190, 179, 1289, 1420, 2285, 2682, 3215, 488, 1823, 1980, 2247, 883, 490, 2269, 1795, 1793, 1307, 903, 3446, 161, 3430, 2184, 792, 3252, 2196, 2219, 2603, 623, 2125, 2821, 3175, 461, 1988, 1062, 483, 667, 2631, 2296, 1254, 3317, 417, 1357, 477, 29, 2331, 2081, 1892, 1380, 2262, 2453, 3401, 1905, 2018, 2405, 2726, 998, 1970, 436, 504, 390, 269, 3241, 1752, 2676, 86, 439, 1826, 1578, 1046, 539, 2536, 449, 1392, 1365, 983, 1727, 299, 1249, 1540, 2716, 537, 2072, 2703, 3364, 750, 2555, 1308, 3169, 1832, 1875, 841, 1770, 851, 2291, 2349, 2293, 3475, 909, 198, 2875, 3090, 346, 1401, 3424, 513, 2672, 2264, 3221, 2604, 2154, 2170, 1258, 1413, 948, 1864, 428, 1083, 2989, 1424, 1975, 1945, 894, 3489, 578, 2776, 3134, 1279, 3411, 2550, 2174, 1229, 1938, 534, 1386, 1278, 158, 2207, 870, 3294, 2517, 1993, 2080, 2151, 2328, 492, 1209, 2309, 1936, 2358, 164, 2367, 2333, 3384, 3251, 2494, 1645, 562, 1345, 3452, 3223, 224, 1829, 825, 2230, 1358, 864, 3112, 1376, 1306, 2734, 3357, 789, 1023, 2552, 896, 1622, 2261, 3377, 2412, 40, 3464, 2289, 2214, 3266, 2720, 3061, 2595, 3307, 1927, 1490, 1148, 426, 344, 3487, 610, 69, 474, 3192, 877, 1389, 156, 2329, 943, 3321, 175, 1918, 117, 933, 1516, 1653, 1870, 2680, 1264, 1860, 914, 413, 2770, 2277, 3484, 336, 1818, 994, 1655, 3229, 2355, 2191, 1903, 811, 195, 1481, 1299, 2007, 1545, 524, 1762, 2736, 1619, 471, 3194, 1983, 2674, 2107, 3387, 829, 1879, 2137, 259, 2955, 3343, 2469, 455, 466, 2177, 1244, 2295, 2225, 2533, 985]

solved select: 490 in 52590.50 seconds
iteration: 0, n requested: 490, n selected: 488, selected: [1094, 2693, 2356, 3488, 2442, 1382, 1024, 2347, 126, 1989, 3204, 868, 3370, 3468, 3441, 2327, 1900, 472, 1646, 509, 1342, 1285, 2791, 431, 2336, 1873, 443, 359, 1281, 2422, 1479, 2889, 162, 2299, 446, 3178, 385, 387, 1206, 3328, 3225, 2164, 1650, 2314, 2549, 1968, 3400, 480, 1238, 1414, 1359, 381, 91, 939, 3201, 3278, 465, 549, 844, 1778, 523, 438, 2901, 2737, 2348, 440, 502, 1940, 1033, 2237, 3189, 207, 380, 3308, 952, 1982, 2010, 3385, 1298, 3330, 1898, 445, 1267, 2078, 345, 2254, 3126, 538, 900, 819, 3183, 1856, 2742, 3236, 1794, 1395, 3355, 469, 208, 53, 3450, 3196, 1632, 2187, 389, 3486, 3197, 2694, 3358, 150, 2599, 1354, 1049, 500, 2739, 2281, 456, 2871, 2031, 2664, 2584, 3206, 1949, 2205, 2227, 2706, 1372, 3345, 1015, 1388, 2723, 421, 1901, 1878, 243, 1394, 481, 848, 2301, 533, 1257, 1300, 3393, 833, 3365, 1426, 499, 520, 205, 2238, 2167, 2015, 470, 1288, 1979, 3260, 2320, 1790, 1830, 1268, 1520, 2354, 468, 528, 491, 2353, 571, 677, 507, 2337, 1523, 934, 2087, 2479, 2902, 850, 2218, 3337, 2308, 1504, 3205, 1276, 1482, 3397, 2497, 2043, 378, 334, 3227, 3479, 2869, 409, 1810, 2005, 282, 2162, 1941, 3181, 839, 591, 906, 3399, 452, 863, 2531, 3352, 479, 2379, 3193, 1882, 3124, 1428, 444, 1952, 2897, 2712, 3383, 3160, 2763, 1488, 606, 2732, 1899, 2325, 514, 106, 1228, 508, 1074, 190, 179, 1289, 1420, 2285, 2682, 3215, 488, 1823, 1980, 2247, 883, 490, 2269, 1795, 1793, 1307, 903, 3446, 161, 3430, 2184, 792, 3252, 2196, 2219, 2603, 623, 2125, 2821, 3175, 461, 1988, 1062, 483, 667, 2631, 2296, 1254, 3317, 417, 1357, 477, 29, 2331, 2081, 1892, 1380, 2262, 2453, 3401, 1905, 2018, 2405, 2726, 998, 1970, 436, 504, 390, 269, 3241, 1752, 2676, 86, 439, 1826, 1578, 1046, 539, 2536, 449, 1392, 1365, 983, 1727, 299, 1249, 1540, 2716, 537, 2072, 2703, 3364, 750, 2555, 1308, 3169, 1832, 1875, 841, 1770, 851, 2291, 2349, 2293, 3475, 909, 198, 2875, 3090, 346, 1401, 3424, 513, 2672, 2264, 3221, 2604, 2154, 2170, 1258, 1413, 948, 1864, 428, 1083, 2989, 1424, 1975, 1945, 894, 3489, 578, 2776, 3134, 1279, 3411, 2550, 2174, 1229, 1938, 534, 1386, 1278, 158, 2207, 870, 3294, 2517, 1993, 2080, 2151, 2328, 492, 1209, 2309, 1936, 2358, 164, 2367, 2333, 3384, 3251, 2494, 1645, 562, 1345, 3452, 3223, 224, 1829, 825, 2230, 1358, 864, 3112, 1376, 1306, 2734, 3357, 789, 1023, 2552, 896, 1622, 2261, 3377, 2412, 40, 3464, 2289, 2214, 3266, 2720, 3061, 2595, 3307, 1927, 1490, 1148, 426, 344, 3487, 610, 69, 474, 3192, 877, 1389, 156, 2329, 943, 3321, 175, 1918, 117, 933, 1516, 1653, 1870, 2680, 1264, 1860, 914, 413, 2770, 2277, 3484, 336, 1818, 994, 1655, 3229, 2355, 2191, 1903, 811, 195, 1481, 1299, 2007, 1545, 524, 1762, 2736, 1619, 471, 3194, 1983, 2674, 2107, 3387, 829, 1879, 2137, 259, 2955, 3343, 2469, 455, 466, 2177, 1244, 2295, 2225, 2533, 985, 2637]

solved select: 491 in 52782.23 seconds
iteration: 0, n requested: 491, n selected: 489, selected: [1094, 2693, 2356, 3488, 2442, 1382, 1024, 2347, 126, 1989, 3204, 868, 3370, 3468, 3441, 2327, 1900, 472, 1646, 509, 1342, 1285, 2791, 431, 2336, 1873, 443, 359, 1281, 2422, 1479, 2889, 162, 2299, 446, 3178, 385, 387, 1206, 3328, 3225, 2164, 1650, 2314, 2549, 1968, 3400, 480, 1238, 1414, 1359, 381, 91, 939, 3201, 3278, 465, 549, 844, 1778, 523, 438, 2901, 2737, 2348, 440, 502, 1940, 1033, 2237, 3189, 207, 380, 3308, 952, 1982, 2010, 3385, 1298, 3330, 1898, 445, 1267, 2078, 345, 2254, 3126, 538, 900, 819, 3183, 1856, 2742, 3236, 1794, 1395, 3355, 469, 208, 53, 3450, 3196, 1632, 2187, 389, 3486, 3197, 2694, 3358, 150, 2599, 1354, 1049, 500, 2739, 2281, 456, 2871, 2031, 2664, 2584, 3206, 1949, 2205, 2227, 2706, 1372, 3345, 1015, 1388, 2723, 421, 1901, 1878, 243, 1394, 481, 848, 2301, 533, 1257, 1300, 3393, 833, 3365, 1426, 499, 520, 205, 2238, 2167, 2015, 470, 1288, 1979, 3260, 2320, 1790, 1830, 1268, 1520, 2354, 468, 528, 491, 2353, 571, 677, 507, 2337, 1523, 934, 2087, 2479, 2902, 850, 2218, 3337, 2308, 1504, 3205, 1276, 1482, 3397, 2497, 2043, 378, 334, 3227, 3479, 2869, 409, 1810, 2005, 282, 2162, 1941, 3181, 839, 591, 906, 3399, 452, 863, 2531, 3352, 479, 2379, 3193, 1882, 3124, 1428, 444, 1952, 2897, 2712, 3383, 3160, 2763, 1488, 606, 2732, 1899, 2325, 514, 106, 1228, 508, 1074, 190, 179, 1289, 1420, 2285, 2682, 3215, 488, 1823, 1980, 2247, 883, 490, 2269, 1795, 1793, 1307, 903, 3446, 161, 3430, 2184, 792, 3252, 2196, 2219, 2603, 623, 2125, 2821, 3175, 461, 1988, 1062, 483, 667, 2631, 2296, 1254, 3317, 417, 1357, 477, 29, 2331, 2081, 1892, 1380, 2262, 2453, 3401, 1905, 2018, 2405, 2726, 998, 1970, 436, 504, 390, 269, 3241, 1752, 2676, 86, 439, 1826, 1578, 1046, 539, 2536, 449, 1392, 1365, 983, 1727, 299, 1249, 1540, 2716, 537, 2072, 2703, 3364, 750, 2555, 1308, 3169, 1832, 1875, 841, 1770, 851, 2291, 2349, 2293, 3475, 909, 198, 2875, 3090, 346, 1401, 3424, 513, 2672, 2264, 3221, 2604, 2154, 2170, 1258, 1413, 948, 1864, 428, 1083, 2989, 1424, 1975, 1945, 894, 3489, 578, 2776, 3134, 1279, 3411, 2550, 2174, 1229, 1938, 534, 1386, 1278, 158, 2207, 870, 3294, 2517, 1993, 2080, 2151, 2328, 492, 1209, 2309, 1936, 2358, 164, 2367, 2333, 3384, 3251, 2494, 1645, 562, 1345, 3452, 3223, 224, 1829, 825, 2230, 1358, 864, 3112, 1376, 1306, 2734, 3357, 789, 1023, 2552, 896, 1622, 2261, 3377, 2412, 40, 3464, 2289, 2214, 3266, 2720, 3061, 2595, 3307, 1927, 1490, 1148, 426, 344, 3487, 610, 69, 474, 3192, 877, 1389, 156, 2329, 943, 3321, 175, 1918, 117, 933, 1516, 1653, 1870, 2680, 1264, 1860, 914, 413, 2770, 2277, 3484, 336, 1818, 994, 1655, 3229, 2355, 2191, 1903, 811, 195, 1481, 1299, 2007, 1545, 524, 1762, 2736, 1619, 471, 3194, 1983, 2674, 2107, 3387, 829, 1879, 2137, 259, 2955, 3343, 2469, 455, 466, 2177, 1244, 2295, 2225, 2533, 985, 2637, 287]

solved select: 492 in 52973.98 seconds
iteration: 0, n requested: 492, n selected: 490, selected: [1094, 2693, 2356, 3488, 2442, 1382, 1024, 2347, 126, 1989, 3204, 868, 3370, 3468, 3441, 2327, 1900, 472, 1646, 509, 1342, 1285, 2791, 431, 2336, 1873, 443, 359, 1281, 2422, 1479, 2889, 162, 2299, 446, 3178, 385, 387, 1206, 3328, 3225, 2164, 1650, 2314, 2549, 1968, 3400, 480, 1238, 1414, 1359, 381, 91, 939, 3201, 3278, 465, 549, 844, 1778, 523, 438, 2901, 2737, 2348, 440, 502, 1940, 1033, 2237, 3189, 207, 380, 3308, 952, 1982, 2010, 3385, 1298, 3330, 1898, 445, 1267, 2078, 345, 2254, 3126, 538, 900, 819, 3183, 1856, 2742, 3236, 1794, 1395, 3355, 469, 208, 53, 3450, 3196, 1632, 2187, 389, 3486, 3197, 2694, 3358, 150, 2599, 1354, 1049, 500, 2739, 2281, 456, 2871, 2031, 2664, 2584, 3206, 1949, 2205, 2227, 2706, 1372, 3345, 1015, 1388, 2723, 421, 1901, 1878, 243, 1394, 481, 848, 2301, 533, 1257, 1300, 3393, 833, 3365, 1426, 499, 520, 205, 2238, 2167, 2015, 470, 1288, 1979, 3260, 2320, 1790, 1830, 1268, 1520, 2354, 468, 528, 491, 2353, 571, 677, 507, 2337, 1523, 934, 2087, 2479, 2902, 850, 2218, 3337, 2308, 1504, 3205, 1276, 1482, 3397, 2497, 2043, 378, 334, 3227, 3479, 2869, 409, 1810, 2005, 282, 2162, 1941, 3181, 839, 591, 906, 3399, 452, 863, 2531, 3352, 479, 2379, 3193, 1882, 3124, 1428, 444, 1952, 2897, 2712, 3383, 3160, 2763, 1488, 606, 2732, 1899, 2325, 514, 106, 1228, 508, 1074, 190, 179, 1289, 1420, 2285, 2682, 3215, 488, 1823, 1980, 2247, 883, 490, 2269, 1795, 1793, 1307, 903, 3446, 161, 3430, 2184, 792, 3252, 2196, 2219, 2603, 623, 2125, 2821, 3175, 461, 1988, 1062, 483, 667, 2631, 2296, 1254, 3317, 417, 1357, 477, 29, 2331, 2081, 1892, 1380, 2262, 2453, 3401, 1905, 2018, 2405, 2726, 998, 1970, 436, 504, 390, 269, 3241, 1752, 2676, 86, 439, 1826, 1578, 1046, 539, 2536, 449, 1392, 1365, 983, 1727, 299, 1249, 1540, 2716, 537, 2072, 2703, 3364, 750, 2555, 1308, 3169, 1832, 1875, 841, 1770, 851, 2291, 2349, 2293, 3475, 909, 198, 2875, 3090, 346, 1401, 3424, 513, 2672, 2264, 3221, 2604, 2154, 2170, 1258, 1413, 948, 1864, 428, 1083, 2989, 1424, 1975, 1945, 894, 3489, 578, 2776, 3134, 1279, 3411, 2550, 2174, 1229, 1938, 534, 1386, 1278, 158, 2207, 870, 3294, 2517, 1993, 2080, 2151, 2328, 492, 1209, 2309, 1936, 2358, 164, 2367, 2333, 3384, 3251, 2494, 1645, 562, 1345, 3452, 3223, 224, 1829, 825, 2230, 1358, 864, 3112, 1376, 1306, 2734, 3357, 789, 1023, 2552, 896, 1622, 2261, 3377, 2412, 40, 3464, 2289, 2214, 3266, 2720, 3061, 2595, 3307, 1927, 1490, 1148, 426, 344, 3487, 610, 69, 474, 3192, 877, 1389, 156, 2329, 943, 3321, 175, 1918, 117, 933, 1516, 1653, 1870, 2680, 1264, 1860, 914, 413, 2770, 2277, 3484, 336, 1818, 994, 1655, 3229, 2355, 2191, 1903, 811, 195, 1481, 1299, 2007, 1545, 524, 1762, 2736, 1619, 471, 3194, 1983, 2674, 2107, 3387, 829, 1879, 2137, 259, 2955, 3343, 2469, 455, 466, 2177, 1244, 2295, 2225, 2533, 985, 2637, 287, 1969]

solved select: 493 in 53164.60 seconds
iteration: 0, n requested: 493, n selected: 491, selected: [1094, 2693, 2356, 3488, 2442, 1382, 1024, 2347, 126, 1989, 3204, 868, 3370, 3468, 3441, 2327, 1900, 472, 1646, 509, 1342, 1285, 2791, 431, 2336, 1873, 443, 359, 1281, 2422, 1479, 2889, 162, 2299, 446, 3178, 385, 387, 1206, 3328, 3225, 2164, 1650, 2314, 2549, 1968, 3400, 480, 1238, 1414, 1359, 381, 91, 939, 3201, 3278, 465, 549, 844, 1778, 523, 438, 2901, 2737, 2348, 440, 502, 1940, 1033, 2237, 3189, 207, 380, 3308, 952, 1982, 2010, 3385, 1298, 3330, 1898, 445, 1267, 2078, 345, 2254, 3126, 538, 900, 819, 3183, 1856, 2742, 3236, 1794, 1395, 3355, 469, 208, 53, 3450, 3196, 1632, 2187, 389, 3486, 3197, 2694, 3358, 150, 2599, 1354, 1049, 500, 2739, 2281, 456, 2871, 2031, 2664, 2584, 3206, 1949, 2205, 2227, 2706, 1372, 3345, 1015, 1388, 2723, 421, 1901, 1878, 243, 1394, 481, 848, 2301, 533, 1257, 1300, 3393, 833, 3365, 1426, 499, 520, 205, 2238, 2167, 2015, 470, 1288, 1979, 3260, 2320, 1790, 1830, 1268, 1520, 2354, 468, 528, 491, 2353, 571, 677, 507, 2337, 1523, 934, 2087, 2479, 2902, 850, 2218, 3337, 2308, 1504, 3205, 1276, 1482, 3397, 2497, 2043, 378, 334, 3227, 3479, 2869, 409, 1810, 2005, 282, 2162, 1941, 3181, 839, 591, 906, 3399, 452, 863, 2531, 3352, 479, 2379, 3193, 1882, 3124, 1428, 444, 1952, 2897, 2712, 3383, 3160, 2763, 1488, 606, 2732, 1899, 2325, 514, 106, 1228, 508, 1074, 190, 179, 1289, 1420, 2285, 2682, 3215, 488, 1823, 1980, 2247, 883, 490, 2269, 1795, 1793, 1307, 903, 3446, 161, 3430, 2184, 792, 3252, 2196, 2219, 2603, 623, 2125, 2821, 3175, 461, 1988, 1062, 483, 667, 2631, 2296, 1254, 3317, 417, 1357, 477, 29, 2331, 2081, 1892, 1380, 2262, 2453, 3401, 1905, 2018, 2405, 2726, 998, 1970, 436, 504, 390, 269, 3241, 1752, 2676, 86, 439, 1826, 1578, 1046, 539, 2536, 449, 1392, 1365, 983, 1727, 299, 1249, 1540, 2716, 537, 2072, 2703, 3364, 750, 2555, 1308, 3169, 1832, 1875, 841, 1770, 851, 2291, 2349, 2293, 3475, 909, 198, 2875, 3090, 346, 1401, 3424, 513, 2672, 2264, 3221, 2604, 2154, 2170, 1258, 1413, 948, 1864, 428, 1083, 2989, 1424, 1975, 1945, 894, 3489, 578, 2776, 3134, 1279, 3411, 2550, 2174, 1229, 1938, 534, 1386, 1278, 158, 2207, 870, 3294, 2517, 1993, 2080, 2151, 2328, 492, 1209, 2309, 1936, 2358, 164, 2367, 2333, 3384, 3251, 2494, 1645, 562, 1345, 3452, 3223, 224, 1829, 825, 2230, 1358, 864, 3112, 1376, 1306, 2734, 3357, 789, 1023, 2552, 896, 1622, 2261, 3377, 2412, 40, 3464, 2289, 2214, 3266, 2720, 3061, 2595, 3307, 1927, 1490, 1148, 426, 344, 3487, 610, 69, 474, 3192, 877, 1389, 156, 2329, 943, 3321, 175, 1918, 117, 933, 1516, 1653, 1870, 2680, 1264, 1860, 914, 413, 2770, 2277, 3484, 336, 1818, 994, 1655, 3229, 2355, 2191, 1903, 811, 195, 1481, 1299, 2007, 1545, 524, 1762, 2736, 1619, 471, 3194, 1983, 2674, 2107, 3387, 829, 1879, 2137, 259, 2955, 3343, 2469, 455, 466, 2177, 1244, 2295, 2225, 2533, 985, 2637, 287, 1969, 447]

solved select: 494 in 53357.18 seconds
iteration: 0, n requested: 494, n selected: 492, selected: [1094, 2693, 2356, 3488, 2442, 1382, 1024, 2347, 126, 1989, 3204, 868, 3370, 3468, 3441, 2327, 1900, 472, 1646, 509, 1342, 1285, 2791, 431, 2336, 1873, 443, 359, 1281, 2422, 1479, 2889, 162, 2299, 446, 3178, 385, 387, 1206, 3328, 3225, 2164, 1650, 2314, 2549, 1968, 3400, 480, 1238, 1414, 1359, 381, 91, 939, 3201, 3278, 465, 549, 844, 1778, 523, 438, 2901, 2737, 2348, 440, 502, 1940, 1033, 2237, 3189, 207, 380, 3308, 952, 1982, 2010, 3385, 1298, 3330, 1898, 445, 1267, 2078, 345, 2254, 3126, 538, 900, 819, 3183, 1856, 2742, 3236, 1794, 1395, 3355, 469, 208, 53, 3450, 3196, 1632, 2187, 389, 3486, 3197, 2694, 3358, 150, 2599, 1354, 1049, 500, 2739, 2281, 456, 2871, 2031, 2664, 2584, 3206, 1949, 2205, 2227, 2706, 1372, 3345, 1015, 1388, 2723, 421, 1901, 1878, 243, 1394, 481, 848, 2301, 533, 1257, 1300, 3393, 833, 3365, 1426, 499, 520, 205, 2238, 2167, 2015, 470, 1288, 1979, 3260, 2320, 1790, 1830, 1268, 1520, 2354, 468, 528, 491, 2353, 571, 677, 507, 2337, 1523, 934, 2087, 2479, 2902, 850, 2218, 3337, 2308, 1504, 3205, 1276, 1482, 3397, 2497, 2043, 378, 334, 3227, 3479, 2869, 409, 1810, 2005, 282, 2162, 1941, 3181, 839, 591, 906, 3399, 452, 863, 2531, 3352, 479, 2379, 3193, 1882, 3124, 1428, 444, 1952, 2897, 2712, 3383, 3160, 2763, 1488, 606, 2732, 1899, 2325, 514, 106, 1228, 508, 1074, 190, 179, 1289, 1420, 2285, 2682, 3215, 488, 1823, 1980, 2247, 883, 490, 2269, 1795, 1793, 1307, 903, 3446, 161, 3430, 2184, 792, 3252, 2196, 2219, 2603, 623, 2125, 2821, 3175, 461, 1988, 1062, 483, 667, 2631, 2296, 1254, 3317, 417, 1357, 477, 29, 2331, 2081, 1892, 1380, 2262, 2453, 3401, 1905, 2018, 2405, 2726, 998, 1970, 436, 504, 390, 269, 3241, 1752, 2676, 86, 439, 1826, 1578, 1046, 539, 2536, 449, 1392, 1365, 983, 1727, 299, 1249, 1540, 2716, 537, 2072, 2703, 3364, 750, 2555, 1308, 3169, 1832, 1875, 841, 1770, 851, 2291, 2349, 2293, 3475, 909, 198, 2875, 3090, 346, 1401, 3424, 513, 2672, 2264, 3221, 2604, 2154, 2170, 1258, 1413, 948, 1864, 428, 1083, 2989, 1424, 1975, 1945, 894, 3489, 578, 2776, 3134, 1279, 3411, 2550, 2174, 1229, 1938, 534, 1386, 1278, 158, 2207, 870, 3294, 2517, 1993, 2080, 2151, 2328, 492, 1209, 2309, 1936, 2358, 164, 2367, 2333, 3384, 3251, 2494, 1645, 562, 1345, 3452, 3223, 224, 1829, 825, 2230, 1358, 864, 3112, 1376, 1306, 2734, 3357, 789, 1023, 2552, 896, 1622, 2261, 3377, 2412, 40, 3464, 2289, 2214, 3266, 2720, 3061, 2595, 3307, 1927, 1490, 1148, 426, 344, 3487, 610, 69, 474, 3192, 877, 1389, 156, 2329, 943, 3321, 175, 1918, 117, 933, 1516, 1653, 1870, 2680, 1264, 1860, 914, 413, 2770, 2277, 3484, 336, 1818, 994, 1655, 3229, 2355, 2191, 1903, 811, 195, 1481, 1299, 2007, 1545, 524, 1762, 2736, 1619, 471, 3194, 1983, 2674, 2107, 3387, 829, 1879, 2137, 259, 2955, 3343, 2469, 455, 466, 2177, 1244, 2295, 2225, 2533, 985, 2637, 287, 1969, 447, 846]

solved select: 495 in 53555.04 seconds
iteration: 0, n requested: 495, n selected: 493, selected: [1094, 2693, 2356, 3488, 2442, 1382, 1024, 2347, 126, 1989, 3204, 868, 3370, 3468, 3441, 2327, 1900, 472, 1646, 509, 1342, 1285, 2791, 431, 2336, 1873, 443, 359, 1281, 2422, 1479, 2889, 162, 2299, 446, 3178, 385, 387, 1206, 3328, 3225, 2164, 1650, 2314, 2549, 1968, 3400, 480, 1238, 1414, 1359, 381, 91, 939, 3201, 3278, 465, 549, 844, 1778, 523, 438, 2901, 2737, 2348, 440, 502, 1940, 1033, 2237, 3189, 207, 380, 3308, 952, 1982, 2010, 3385, 1298, 3330, 1898, 445, 1267, 2078, 345, 2254, 3126, 538, 900, 819, 3183, 1856, 2742, 3236, 1794, 1395, 3355, 469, 208, 53, 3450, 3196, 1632, 2187, 389, 3486, 3197, 2694, 3358, 150, 2599, 1354, 1049, 500, 2739, 2281, 456, 2871, 2031, 2664, 2584, 3206, 1949, 2205, 2227, 2706, 1372, 3345, 1015, 1388, 2723, 421, 1901, 1878, 243, 1394, 481, 848, 2301, 533, 1257, 1300, 3393, 833, 3365, 1426, 499, 520, 205, 2238, 2167, 2015, 470, 1288, 1979, 3260, 2320, 1790, 1830, 1268, 1520, 2354, 468, 528, 491, 2353, 571, 677, 507, 2337, 1523, 934, 2087, 2479, 2902, 850, 2218, 3337, 2308, 1504, 3205, 1276, 1482, 3397, 2497, 2043, 378, 334, 3227, 3479, 2869, 409, 1810, 2005, 282, 2162, 1941, 3181, 839, 591, 906, 3399, 452, 863, 2531, 3352, 479, 2379, 3193, 1882, 3124, 1428, 444, 1952, 2897, 2712, 3383, 3160, 2763, 1488, 606, 2732, 1899, 2325, 514, 106, 1228, 508, 1074, 190, 179, 1289, 1420, 2285, 2682, 3215, 488, 1823, 1980, 2247, 883, 490, 2269, 1795, 1793, 1307, 903, 3446, 161, 3430, 2184, 792, 3252, 2196, 2219, 2603, 623, 2125, 2821, 3175, 461, 1988, 1062, 483, 667, 2631, 2296, 1254, 3317, 417, 1357, 477, 29, 2331, 2081, 1892, 1380, 2262, 2453, 3401, 1905, 2018, 2405, 2726, 998, 1970, 436, 504, 390, 269, 3241, 1752, 2676, 86, 439, 1826, 1578, 1046, 539, 2536, 449, 1392, 1365, 983, 1727, 299, 1249, 1540, 2716, 537, 2072, 2703, 3364, 750, 2555, 1308, 3169, 1832, 1875, 841, 1770, 851, 2291, 2349, 2293, 3475, 909, 198, 2875, 3090, 346, 1401, 3424, 513, 2672, 2264, 3221, 2604, 2154, 2170, 1258, 1413, 948, 1864, 428, 1083, 2989, 1424, 1975, 1945, 894, 3489, 578, 2776, 3134, 1279, 3411, 2550, 2174, 1229, 1938, 534, 1386, 1278, 158, 2207, 870, 3294, 2517, 1993, 2080, 2151, 2328, 492, 1209, 2309, 1936, 2358, 164, 2367, 2333, 3384, 3251, 2494, 1645, 562, 1345, 3452, 3223, 224, 1829, 825, 2230, 1358, 864, 3112, 1376, 1306, 2734, 3357, 789, 1023, 2552, 896, 1622, 2261, 3377, 2412, 40, 3464, 2289, 2214, 3266, 2720, 3061, 2595, 3307, 1927, 1490, 1148, 426, 344, 3487, 610, 69, 474, 3192, 877, 1389, 156, 2329, 943, 3321, 175, 1918, 117, 933, 1516, 1653, 1870, 2680, 1264, 1860, 914, 413, 2770, 2277, 3484, 336, 1818, 994, 1655, 3229, 2355, 2191, 1903, 811, 195, 1481, 1299, 2007, 1545, 524, 1762, 2736, 1619, 471, 3194, 1983, 2674, 2107, 3387, 829, 1879, 2137, 259, 2955, 3343, 2469, 455, 466, 2177, 1244, 2295, 2225, 2533, 985, 2637, 287, 1969, 447, 846, 1939]

solved select: 496 in 53745.90 seconds
iteration: 0, n requested: 496, n selected: 494, selected: [1094, 2693, 2356, 3488, 2442, 1382, 1024, 2347, 126, 1989, 3204, 868, 3370, 3468, 3441, 2327, 1900, 472, 1646, 509, 1342, 1285, 2791, 431, 2336, 1873, 443, 359, 1281, 2422, 1479, 2889, 162, 2299, 446, 3178, 385, 387, 1206, 3328, 3225, 2164, 1650, 2314, 2549, 1968, 3400, 480, 1238, 1414, 1359, 381, 91, 939, 3201, 3278, 465, 549, 844, 1778, 523, 438, 2901, 2737, 2348, 440, 502, 1940, 1033, 2237, 3189, 207, 380, 3308, 952, 1982, 2010, 3385, 1298, 3330, 1898, 445, 1267, 2078, 345, 2254, 3126, 538, 900, 819, 3183, 1856, 2742, 3236, 1794, 1395, 3355, 469, 208, 53, 3450, 3196, 1632, 2187, 389, 3486, 3197, 2694, 3358, 150, 2599, 1354, 1049, 500, 2739, 2281, 456, 2871, 2031, 2664, 2584, 3206, 1949, 2205, 2227, 2706, 1372, 3345, 1015, 1388, 2723, 421, 1901, 1878, 243, 1394, 481, 848, 2301, 533, 1257, 1300, 3393, 833, 3365, 1426, 499, 520, 205, 2238, 2167, 2015, 470, 1288, 1979, 3260, 2320, 1790, 1830, 1268, 1520, 2354, 468, 528, 491, 2353, 571, 677, 507, 2337, 1523, 934, 2087, 2479, 2902, 850, 2218, 3337, 2308, 1504, 3205, 1276, 1482, 3397, 2497, 2043, 378, 334, 3227, 3479, 2869, 409, 1810, 2005, 282, 2162, 1941, 3181, 839, 591, 906, 3399, 452, 863, 2531, 3352, 479, 2379, 3193, 1882, 3124, 1428, 444, 1952, 2897, 2712, 3383, 3160, 2763, 1488, 606, 2732, 1899, 2325, 514, 106, 1228, 508, 1074, 190, 179, 1289, 1420, 2285, 2682, 3215, 488, 1823, 1980, 2247, 883, 490, 2269, 1795, 1793, 1307, 903, 3446, 161, 3430, 2184, 792, 3252, 2196, 2219, 2603, 623, 2125, 2821, 3175, 461, 1988, 1062, 483, 667, 2631, 2296, 1254, 3317, 417, 1357, 477, 29, 2331, 2081, 1892, 1380, 2262, 2453, 3401, 1905, 2018, 2405, 2726, 998, 1970, 436, 504, 390, 269, 3241, 1752, 2676, 86, 439, 1826, 1578, 1046, 539, 2536, 449, 1392, 1365, 983, 1727, 299, 1249, 1540, 2716, 537, 2072, 2703, 3364, 750, 2555, 1308, 3169, 1832, 1875, 841, 1770, 851, 2291, 2349, 2293, 3475, 909, 198, 2875, 3090, 346, 1401, 3424, 513, 2672, 2264, 3221, 2604, 2154, 2170, 1258, 1413, 948, 1864, 428, 1083, 2989, 1424, 1975, 1945, 894, 3489, 578, 2776, 3134, 1279, 3411, 2550, 2174, 1229, 1938, 534, 1386, 1278, 158, 2207, 870, 3294, 2517, 1993, 2080, 2151, 2328, 492, 1209, 2309, 1936, 2358, 164, 2367, 2333, 3384, 3251, 2494, 1645, 562, 1345, 3452, 3223, 224, 1829, 825, 2230, 1358, 864, 3112, 1376, 1306, 2734, 3357, 789, 1023, 2552, 896, 1622, 2261, 3377, 2412, 40, 3464, 2289, 2214, 3266, 2720, 3061, 2595, 3307, 1927, 1490, 1148, 426, 344, 3487, 610, 69, 474, 3192, 877, 1389, 156, 2329, 943, 3321, 175, 1918, 117, 933, 1516, 1653, 1870, 2680, 1264, 1860, 914, 413, 2770, 2277, 3484, 336, 1818, 994, 1655, 3229, 2355, 2191, 1903, 811, 195, 1481, 1299, 2007, 1545, 524, 1762, 2736, 1619, 471, 3194, 1983, 2674, 2107, 3387, 829, 1879, 2137, 259, 2955, 3343, 2469, 455, 466, 2177, 1244, 2295, 2225, 2533, 985, 2637, 287, 1969, 447, 846, 1939, 1524]

solved select: 497 in 53936.59 seconds
iteration: 0, n requested: 497, n selected: 495, selected: [1094, 2693, 2356, 3488, 2442, 1382, 1024, 2347, 126, 1989, 3204, 868, 3370, 3468, 3441, 2327, 1900, 472, 1646, 509, 1342, 1285, 2791, 431, 2336, 1873, 443, 359, 1281, 2422, 1479, 2889, 162, 2299, 446, 3178, 385, 387, 1206, 3328, 3225, 2164, 1650, 2314, 2549, 1968, 3400, 480, 1238, 1414, 1359, 381, 91, 939, 3201, 3278, 465, 549, 844, 1778, 523, 438, 2901, 2737, 2348, 440, 502, 1940, 1033, 2237, 3189, 207, 380, 3308, 952, 1982, 2010, 3385, 1298, 3330, 1898, 445, 1267, 2078, 345, 2254, 3126, 538, 900, 819, 3183, 1856, 2742, 3236, 1794, 1395, 3355, 469, 208, 53, 3450, 3196, 1632, 2187, 389, 3486, 3197, 2694, 3358, 150, 2599, 1354, 1049, 500, 2739, 2281, 456, 2871, 2031, 2664, 2584, 3206, 1949, 2205, 2227, 2706, 1372, 3345, 1015, 1388, 2723, 421, 1901, 1878, 243, 1394, 481, 848, 2301, 533, 1257, 1300, 3393, 833, 3365, 1426, 499, 520, 205, 2238, 2167, 2015, 470, 1288, 1979, 3260, 2320, 1790, 1830, 1268, 1520, 2354, 468, 528, 491, 2353, 571, 677, 507, 2337, 1523, 934, 2087, 2479, 2902, 850, 2218, 3337, 2308, 1504, 3205, 1276, 1482, 3397, 2497, 2043, 378, 334, 3227, 3479, 2869, 409, 1810, 2005, 282, 2162, 1941, 3181, 839, 591, 906, 3399, 452, 863, 2531, 3352, 479, 2379, 3193, 1882, 3124, 1428, 444, 1952, 2897, 2712, 3383, 3160, 2763, 1488, 606, 2732, 1899, 2325, 514, 106, 1228, 508, 1074, 190, 179, 1289, 1420, 2285, 2682, 3215, 488, 1823, 1980, 2247, 883, 490, 2269, 1795, 1793, 1307, 903, 3446, 161, 3430, 2184, 792, 3252, 2196, 2219, 2603, 623, 2125, 2821, 3175, 461, 1988, 1062, 483, 667, 2631, 2296, 1254, 3317, 417, 1357, 477, 29, 2331, 2081, 1892, 1380, 2262, 2453, 3401, 1905, 2018, 2405, 2726, 998, 1970, 436, 504, 390, 269, 3241, 1752, 2676, 86, 439, 1826, 1578, 1046, 539, 2536, 449, 1392, 1365, 983, 1727, 299, 1249, 1540, 2716, 537, 2072, 2703, 3364, 750, 2555, 1308, 3169, 1832, 1875, 841, 1770, 851, 2291, 2349, 2293, 3475, 909, 198, 2875, 3090, 346, 1401, 3424, 513, 2672, 2264, 3221, 2604, 2154, 2170, 1258, 1413, 948, 1864, 428, 1083, 2989, 1424, 1975, 1945, 894, 3489, 578, 2776, 3134, 1279, 3411, 2550, 2174, 1229, 1938, 534, 1386, 1278, 158, 2207, 870, 3294, 2517, 1993, 2080, 2151, 2328, 492, 1209, 2309, 1936, 2358, 164, 2367, 2333, 3384, 3251, 2494, 1645, 562, 1345, 3452, 3223, 224, 1829, 825, 2230, 1358, 864, 3112, 1376, 1306, 2734, 3357, 789, 1023, 2552, 896, 1622, 2261, 3377, 2412, 40, 3464, 2289, 2214, 3266, 2720, 3061, 2595, 3307, 1927, 1490, 1148, 426, 344, 3487, 610, 69, 474, 3192, 877, 1389, 156, 2329, 943, 3321, 175, 1918, 117, 933, 1516, 1653, 1870, 2680, 1264, 1860, 914, 413, 2770, 2277, 3484, 336, 1818, 994, 1655, 3229, 2355, 2191, 1903, 811, 195, 1481, 1299, 2007, 1545, 524, 1762, 2736, 1619, 471, 3194, 1983, 2674, 2107, 3387, 829, 1879, 2137, 259, 2955, 3343, 2469, 455, 466, 2177, 1244, 2295, 2225, 2533, 985, 2637, 287, 1969, 447, 846, 1939, 1524, 2233]

solved select: 498 in 54128.52 seconds
iteration: 0, n requested: 498, n selected: 496, selected: [1094, 2693, 2356, 3488, 2442, 1382, 1024, 2347, 126, 1989, 3204, 868, 3370, 3468, 3441, 2327, 1900, 472, 1646, 509, 1342, 1285, 2791, 431, 2336, 1873, 443, 359, 1281, 2422, 1479, 2889, 162, 2299, 446, 3178, 385, 387, 1206, 3328, 3225, 2164, 1650, 2314, 2549, 1968, 3400, 480, 1238, 1414, 1359, 381, 91, 939, 3201, 3278, 465, 549, 844, 1778, 523, 438, 2901, 2737, 2348, 440, 502, 1940, 1033, 2237, 3189, 207, 380, 3308, 952, 1982, 2010, 3385, 1298, 3330, 1898, 445, 1267, 2078, 345, 2254, 3126, 538, 900, 819, 3183, 1856, 2742, 3236, 1794, 1395, 3355, 469, 208, 53, 3450, 3196, 1632, 2187, 389, 3486, 3197, 2694, 3358, 150, 2599, 1354, 1049, 500, 2739, 2281, 456, 2871, 2031, 2664, 2584, 3206, 1949, 2205, 2227, 2706, 1372, 3345, 1015, 1388, 2723, 421, 1901, 1878, 243, 1394, 481, 848, 2301, 533, 1257, 1300, 3393, 833, 3365, 1426, 499, 520, 205, 2238, 2167, 2015, 470, 1288, 1979, 3260, 2320, 1790, 1830, 1268, 1520, 2354, 468, 528, 491, 2353, 571, 677, 507, 2337, 1523, 934, 2087, 2479, 2902, 850, 2218, 3337, 2308, 1504, 3205, 1276, 1482, 3397, 2497, 2043, 378, 334, 3227, 3479, 2869, 409, 1810, 2005, 282, 2162, 1941, 3181, 839, 591, 906, 3399, 452, 863, 2531, 3352, 479, 2379, 3193, 1882, 3124, 1428, 444, 1952, 2897, 2712, 3383, 3160, 2763, 1488, 606, 2732, 1899, 2325, 514, 106, 1228, 508, 1074, 190, 179, 1289, 1420, 2285, 2682, 3215, 488, 1823, 1980, 2247, 883, 490, 2269, 1795, 1793, 1307, 903, 3446, 161, 3430, 2184, 792, 3252, 2196, 2219, 2603, 623, 2125, 2821, 3175, 461, 1988, 1062, 483, 667, 2631, 2296, 1254, 3317, 417, 1357, 477, 29, 2331, 2081, 1892, 1380, 2262, 2453, 3401, 1905, 2018, 2405, 2726, 998, 1970, 436, 504, 390, 269, 3241, 1752, 2676, 86, 439, 1826, 1578, 1046, 539, 2536, 449, 1392, 1365, 983, 1727, 299, 1249, 1540, 2716, 537, 2072, 2703, 3364, 750, 2555, 1308, 3169, 1832, 1875, 841, 1770, 851, 2291, 2349, 2293, 3475, 909, 198, 2875, 3090, 346, 1401, 3424, 513, 2672, 2264, 3221, 2604, 2154, 2170, 1258, 1413, 948, 1864, 428, 1083, 2989, 1424, 1975, 1945, 894, 3489, 578, 2776, 3134, 1279, 3411, 2550, 2174, 1229, 1938, 534, 1386, 1278, 158, 2207, 870, 3294, 2517, 1993, 2080, 2151, 2328, 492, 1209, 2309, 1936, 2358, 164, 2367, 2333, 3384, 3251, 2494, 1645, 562, 1345, 3452, 3223, 224, 1829, 825, 2230, 1358, 864, 3112, 1376, 1306, 2734, 3357, 789, 1023, 2552, 896, 1622, 2261, 3377, 2412, 40, 3464, 2289, 2214, 3266, 2720, 3061, 2595, 3307, 1927, 1490, 1148, 426, 344, 3487, 610, 69, 474, 3192, 877, 1389, 156, 2329, 943, 3321, 175, 1918, 117, 933, 1516, 1653, 1870, 2680, 1264, 1860, 914, 413, 2770, 2277, 3484, 336, 1818, 994, 1655, 3229, 2355, 2191, 1903, 811, 195, 1481, 1299, 2007, 1545, 524, 1762, 2736, 1619, 471, 3194, 1983, 2674, 2107, 3387, 829, 1879, 2137, 259, 2955, 3343, 2469, 455, 466, 2177, 1244, 2295, 2225, 2533, 985, 2637, 287, 1969, 447, 846, 1939, 1524, 2233, 650]

solved select: 499 in 54328.91 seconds
iteration: 0, n requested: 499, n selected: 497, selected: [1094, 2693, 2356, 3488, 2442, 1382, 1024, 2347, 126, 1989, 3204, 868, 3370, 3468, 3441, 2327, 1900, 472, 1646, 509, 1342, 1285, 2791, 431, 2336, 1873, 443, 359, 1281, 2422, 1479, 2889, 162, 2299, 446, 3178, 385, 387, 1206, 3328, 3225, 2164, 1650, 2314, 2549, 1968, 3400, 480, 1238, 1414, 1359, 381, 91, 939, 3201, 3278, 465, 549, 844, 1778, 523, 438, 2901, 2737, 2348, 440, 502, 1940, 1033, 2237, 3189, 207, 380, 3308, 952, 1982, 2010, 3385, 1298, 3330, 1898, 445, 1267, 2078, 345, 2254, 3126, 538, 900, 819, 3183, 1856, 2742, 3236, 1794, 1395, 3355, 469, 208, 53, 3450, 3196, 1632, 2187, 389, 3486, 3197, 2694, 3358, 150, 2599, 1354, 1049, 500, 2739, 2281, 456, 2871, 2031, 2664, 2584, 3206, 1949, 2205, 2227, 2706, 1372, 3345, 1015, 1388, 2723, 421, 1901, 1878, 243, 1394, 481, 848, 2301, 533, 1257, 1300, 3393, 833, 3365, 1426, 499, 520, 205, 2238, 2167, 2015, 470, 1288, 1979, 3260, 2320, 1790, 1830, 1268, 1520, 2354, 468, 528, 491, 2353, 571, 677, 507, 2337, 1523, 934, 2087, 2479, 2902, 850, 2218, 3337, 2308, 1504, 3205, 1276, 1482, 3397, 2497, 2043, 378, 334, 3227, 3479, 2869, 409, 1810, 2005, 282, 2162, 1941, 3181, 839, 591, 906, 3399, 452, 863, 2531, 3352, 479, 2379, 3193, 1882, 3124, 1428, 444, 1952, 2897, 2712, 3383, 3160, 2763, 1488, 606, 2732, 1899, 2325, 514, 106, 1228, 508, 1074, 190, 179, 1289, 1420, 2285, 2682, 3215, 488, 1823, 1980, 2247, 883, 490, 2269, 1795, 1793, 1307, 903, 3446, 161, 3430, 2184, 792, 3252, 2196, 2219, 2603, 623, 2125, 2821, 3175, 461, 1988, 1062, 483, 667, 2631, 2296, 1254, 3317, 417, 1357, 477, 29, 2331, 2081, 1892, 1380, 2262, 2453, 3401, 1905, 2018, 2405, 2726, 998, 1970, 436, 504, 390, 269, 3241, 1752, 2676, 86, 439, 1826, 1578, 1046, 539, 2536, 449, 1392, 1365, 983, 1727, 299, 1249, 1540, 2716, 537, 2072, 2703, 3364, 750, 2555, 1308, 3169, 1832, 1875, 841, 1770, 851, 2291, 2349, 2293, 3475, 909, 198, 2875, 3090, 346, 1401, 3424, 513, 2672, 2264, 3221, 2604, 2154, 2170, 1258, 1413, 948, 1864, 428, 1083, 2989, 1424, 1975, 1945, 894, 3489, 578, 2776, 3134, 1279, 3411, 2550, 2174, 1229, 1938, 534, 1386, 1278, 158, 2207, 870, 3294, 2517, 1993, 2080, 2151, 2328, 492, 1209, 2309, 1936, 2358, 164, 2367, 2333, 3384, 3251, 2494, 1645, 562, 1345, 3452, 3223, 224, 1829, 825, 2230, 1358, 864, 3112, 1376, 1306, 2734, 3357, 789, 1023, 2552, 896, 1622, 2261, 3377, 2412, 40, 3464, 2289, 2214, 3266, 2720, 3061, 2595, 3307, 1927, 1490, 1148, 426, 344, 3487, 610, 69, 474, 3192, 877, 1389, 156, 2329, 943, 3321, 175, 1918, 117, 933, 1516, 1653, 1870, 2680, 1264, 1860, 914, 413, 2770, 2277, 3484, 336, 1818, 994, 1655, 3229, 2355, 2191, 1903, 811, 195, 1481, 1299, 2007, 1545, 524, 1762, 2736, 1619, 471, 3194, 1983, 2674, 2107, 3387, 829, 1879, 2137, 259, 2955, 3343, 2469, 455, 466, 2177, 1244, 2295, 2225, 2533, 985, 2637, 287, 1969, 447, 846, 1939, 1524, 2233, 650, 2029]

solved select: 500 in 54524.88 seconds
iteration: 0, n requested: 500, n selected: 498, selected: [1094, 2693, 2356, 3488, 2442, 1382, 1024, 2347, 126, 1989, 3204, 868, 3370, 3468, 3441, 2327, 1900, 472, 1646, 509, 1342, 1285, 2791, 431, 2336, 1873, 443, 359, 1281, 2422, 1479, 2889, 162, 2299, 446, 3178, 385, 387, 1206, 3328, 3225, 2164, 1650, 2314, 2549, 1968, 3400, 480, 1238, 1414, 1359, 381, 91, 939, 3201, 3278, 465, 549, 844, 1778, 523, 438, 2901, 2737, 2348, 440, 502, 1940, 1033, 2237, 3189, 207, 380, 3308, 952, 1982, 2010, 3385, 1298, 3330, 1898, 445, 1267, 2078, 345, 2254, 3126, 538, 900, 819, 3183, 1856, 2742, 3236, 1794, 1395, 3355, 469, 208, 53, 3450, 3196, 1632, 2187, 389, 3486, 3197, 2694, 3358, 150, 2599, 1354, 1049, 500, 2739, 2281, 456, 2871, 2031, 2664, 2584, 3206, 1949, 2205, 2227, 2706, 1372, 3345, 1015, 1388, 2723, 421, 1901, 1878, 243, 1394, 481, 848, 2301, 533, 1257, 1300, 3393, 833, 3365, 1426, 499, 520, 205, 2238, 2167, 2015, 470, 1288, 1979, 3260, 2320, 1790, 1830, 1268, 1520, 2354, 468, 528, 491, 2353, 571, 677, 507, 2337, 1523, 934, 2087, 2479, 2902, 850, 2218, 3337, 2308, 1504, 3205, 1276, 1482, 3397, 2497, 2043, 378, 334, 3227, 3479, 2869, 409, 1810, 2005, 282, 2162, 1941, 3181, 839, 591, 906, 3399, 452, 863, 2531, 3352, 479, 2379, 3193, 1882, 3124, 1428, 444, 1952, 2897, 2712, 3383, 3160, 2763, 1488, 606, 2732, 1899, 2325, 514, 106, 1228, 508, 1074, 190, 179, 1289, 1420, 2285, 2682, 3215, 488, 1823, 1980, 2247, 883, 490, 2269, 1795, 1793, 1307, 903, 3446, 161, 3430, 2184, 792, 3252, 2196, 2219, 2603, 623, 2125, 2821, 3175, 461, 1988, 1062, 483, 667, 2631, 2296, 1254, 3317, 417, 1357, 477, 29, 2331, 2081, 1892, 1380, 2262, 2453, 3401, 1905, 2018, 2405, 2726, 998, 1970, 436, 504, 390, 269, 3241, 1752, 2676, 86, 439, 1826, 1578, 1046, 539, 2536, 449, 1392, 1365, 983, 1727, 299, 1249, 1540, 2716, 537, 2072, 2703, 3364, 750, 2555, 1308, 3169, 1832, 1875, 841, 1770, 851, 2291, 2349, 2293, 3475, 909, 198, 2875, 3090, 346, 1401, 3424, 513, 2672, 2264, 3221, 2604, 2154, 2170, 1258, 1413, 948, 1864, 428, 1083, 2989, 1424, 1975, 1945, 894, 3489, 578, 2776, 3134, 1279, 3411, 2550, 2174, 1229, 1938, 534, 1386, 1278, 158, 2207, 870, 3294, 2517, 1993, 2080, 2151, 2328, 492, 1209, 2309, 1936, 2358, 164, 2367, 2333, 3384, 3251, 2494, 1645, 562, 1345, 3452, 3223, 224, 1829, 825, 2230, 1358, 864, 3112, 1376, 1306, 2734, 3357, 789, 1023, 2552, 896, 1622, 2261, 3377, 2412, 40, 3464, 2289, 2214, 3266, 2720, 3061, 2595, 3307, 1927, 1490, 1148, 426, 344, 3487, 610, 69, 474, 3192, 877, 1389, 156, 2329, 943, 3321, 175, 1918, 117, 933, 1516, 1653, 1870, 2680, 1264, 1860, 914, 413, 2770, 2277, 3484, 336, 1818, 994, 1655, 3229, 2355, 2191, 1903, 811, 195, 1481, 1299, 2007, 1545, 524, 1762, 2736, 1619, 471, 3194, 1983, 2674, 2107, 3387, 829, 1879, 2137, 259, 2955, 3343, 2469, 455, 466, 2177, 1244, 2295, 2225, 2533, 985, 2637, 287, 1969, 447, 846, 1939, 1524, 2233, 650, 2029, 532]
